soil_moisture,humidity,temperature,rainfall,soil_temperature,wind_speed,rain_forecast,nitrogen,phosphorus,potassium,ph,crop_type,crop_water_factor,irrigation_recommendation
50.17,21.75,25.5,8.93,31.05,20.95,0,79.05,11.91,21.09,5.7,wheat,0.9,No irrigation
16.46,33.92,33.0,21.8,23.31,18.5,0,95.88,19.58,42.47,5.83,maize,1.0,Monitor
67.65,43.56,21.85,3.87,32.71,18.9,0,92.97,42.17,78.25,6.14,wheat,0.9,No irrigation
31.12,64.0,37.71,14.47,22.88,3.95,0,97.31,69.11,70.6,7.6,cotton,1.1,Irrigate soon
30.29,64.5,27.3,14.81,23.14,9.48,0,80.91,20.27,62.39,5.49,cotton,1.1,Irrigate soon
29.85,84.78,33.76,8.78,24.86,23.51,0,42.9,11.93,35.5,5.8,maize,1.0,Irrigate now
65.22,59.7,34.36,8.51,27.49,26.77,1,34.29,18.38,63.42,6.62,groundnut,0.85,No irrigation
47.15,82.85,27.99,8.77,34.96,16.27,0,95.58,61.67,24.93,5.48,groundnut,0.85,Monitor
38.22,24.45,27.63,39.84,27.94,29.19,0,88.03,16.87,72.51,7.25,banana,1.25,No irrigation
50.25,27.81,28.7,18.15,34.31,26.52,1,117.19,55.72,48.0,5.32,groundnut,0.85,No irrigation
31.41,64.73,32.18,6.11,31.44,17.1,0,79.89,39.32,22.27,6.09,banana,1.25,Irrigate now
59.37,36.76,24.82,22.69,21.18,22.49,0,117.8,41.96,23.17,6.98,wheat,0.9,No irrigation
24.08,56.94,32.13,38.57,33.93,23.15,0,91.29,33.94,58.66,6.12,wheat,0.9,No irrigation
39.83,37.35,21.28,0.84,28.31,18.48,0,27.1,47.87,29.88,7.72,banana,1.25,Irrigate soon
33.17,55.99,25.57,19.42,28.09,22.25,1,44.3,38.38,41.46,5.28,groundnut,0.85,Monitor
38.71,49.65,29.34,29.16,30.1,29.56,0,26.06,53.69,67.04,5.33,maize,1.0,No irrigation
25.46,51.4,28.44,11.14,23.75,27.85,1,100.8,61.36,21.36,6.96,wheat,0.9,Irrigate soon
60.98,87.83,38.53,33.95,22.49,15.6,0,106.47,64.15,25.7,5.01,cotton,1.1,No irrigation
29.59,74.88,29.1,16.92,34.36,29.87,1,35.48,27.8,77.97,6.74,wheat,0.9,Monitor
18.35,41.95,21.0,19.07,33.79,16.87,0,116.08,14.81,27.08,6.79,groundnut,0.85,Monitor
62.4,48.26,38.83,22.79,28.68,3.11,0,61.92,45.02,48.98,7.8,maize,1.0,No irrigation
51.83,41.99,25.31,5.24,29.68,14.8,0,20.93,47.27,51.59,5.3,wheat,0.9,No irrigation
26.72,38.56,38.67,35.23,33.19,12.35,0,63.82,42.59,34.66,7.95,banana,1.25,No irrigation
50.97,20.55,36.34,11.98,29.95,28.29,0,46.45,63.38,63.26,5.47,chickpea,0.75,No irrigation
48.27,70.23,24.07,25.37,23.96,15.68,0,29.23,35.41,32.98,5.01,banana,1.25,No irrigation
22.2,88.59,23.23,17.67,30.59,17.71,0,27.52,62.99,73.76,6.64,banana,1.25,Irrigate soon
35.31,58.68,28.6,1.67,25.47,28.13,0,109.89,22.6,31.22,5.31,banana,1.25,Irrigate soon
45.79,81.23,39.48,29.98,33.89,8.63,0,117.62,58.65,72.29,5.07,groundnut,0.85,No irrigation
65.85,74.77,28.23,26.8,31.03,8.95,0,98.74,16.49,71.69,7.58,maize,1.0,No irrigation
25.98,84.29,26.99,32.82,33.07,8.24,0,59.85,26.72,19.51,7.32,chickpea,0.75,No irrigation
50.28,47.98,39.62,21.45,34.09,5.23,1,37.86,67.75,32.26,5.33,cotton,1.1,No irrigation
34.01,75.05,28.73,39.37,21.73,27.19,0,45.47,52.53,15.11,7.78,wheat,0.9,No irrigation
52.78,85.82,34.74,7.88,26.47,28.57,1,82.32,49.8,23.1,7.7,wheat,0.9,No irrigation
32.01,48.59,28.05,11.83,21.91,13.77,1,87.73,64.17,55.01,5.9,wheat,0.9,Irrigate soon
60.85,41.27,24.2,31.43,29.1,11.02,1,64.22,22.82,45.76,7.7,banana,1.25,No irrigation
55.48,66.12,25.68,26.55,29.29,4.61,0,87.28,23.48,27.94,5.07,maize,1.0,No irrigation
69.12,62.79,35.37,18.22,33.29,18.12,1,69.44,24.64,57.64,5.02,banana,1.25,No irrigation
62.32,81.98,35.57,8.75,32.06,21.49,1,25.02,24.95,70.14,6.37,banana,1.25,No irrigation
40.56,57.18,31.18,12.69,31.33,14.39,1,103.06,42.87,73.32,7.23,cotton,1.1,Monitor
39.75,72.62,36.8,11.09,31.67,15.57,0,47.46,14.65,33.57,5.82,chickpea,0.75,Irrigate soon
64.12,25.64,23.02,15.32,22.29,7.99,1,60.76,42.56,42.03,5.62,cotton,1.1,No irrigation
36.42,73.89,38.92,0.78,33.21,18.12,1,20.59,31.11,63.98,7.56,banana,1.25,Irrigate soon
38.05,72.33,30.92,24.13,23.31,8.14,1,68.56,33.33,58.48,7.39,groundnut,0.85,Monitor
24.08,52.72,22.55,24.89,20.4,13.03,0,28.39,35.72,71.35,5.55,chickpea,0.75,Monitor
35.85,34.82,26.54,30.45,25.69,23.06,1,45.23,14.91,16.26,6.62,chickpea,0.75,No irrigation
27.33,24.8,39.15,1.61,20.47,8.92,0,82.13,24.31,45.78,5.34,maize,1.0,Irrigate now
40.58,37.94,27.38,24.24,34.46,22.11,0,116.47,16.49,16.67,5.94,groundnut,0.85,Monitor
64.94,46.27,38.83,7.93,28.88,25.26,0,30.19,56.35,70.27,6.8,rice,1.3,No irrigation
58.79,59.62,20.82,21.31,29.92,3.93,1,21.27,35.2,46.86,6.3,chickpea,0.75,No irrigation
49.96,78.01,34.15,17.42,31.01,29.03,1,81.59,65.18,65.35,6.39,banana,1.25,Monitor
55.21,38.79,37.03,33.23,21.3,26.69,0,95.05,44.19,58.43,6.01,cotton,1.1,No irrigation
61.8,32.73,24.24,31.91,25.11,26.65,1,75.58,41.0,27.42,5.72,cotton,1.1,No irrigation
41.87,73.07,33.81,25.84,27.36,24.2,0,49.42,34.26,30.81,6.99,chickpea,0.75,No irrigation
41.03,57.16,28.51,29.84,24.96,21.68,1,50.66,23.83,61.88,5.95,groundnut,0.85,No irrigation
44.47,73.35,23.7,8.66,27.26,22.29,1,118.05,59.96,34.26,6.08,chickpea,0.75,Monitor
15.78,57.39,25.49,38.97,28.3,21.53,0,83.79,55.17,21.67,5.04,chickpea,0.75,No irrigation
40.82,50.83,23.69,2.06,34.12,15.38,0,60.07,14.44,55.91,5.16,maize,1.0,Monitor
59.61,86.44,21.7,9.93,28.37,13.65,0,97.57,32.82,74.05,5.89,wheat,0.9,No irrigation
69.45,41.38,32.42,24.39,31.1,28.53,0,82.55,25.88,20.28,5.72,wheat,0.9,No irrigation
19.13,20.19,29.01,23.75,24.37,8.48,1,90.3,37.24,59.68,7.77,banana,1.25,Monitor
58.52,61.29,36.08,7.91,21.72,8.29,0,110.84,59.6,19.64,5.5,chickpea,0.75,No irrigation
47.73,77.7,38.42,17.57,27.03,10.51,1,114.27,40.03,47.1,5.24,rice,1.3,Monitor
63.92,71.42,32.07,1.03,23.43,20.88,0,119.96,50.34,32.52,5.12,banana,1.25,No irrigation
24.64,56.33,28.84,11.13,34.95,14.2,1,116.91,38.2,41.54,5.96,rice,1.3,Irrigate soon
62.18,43.09,33.87,11.53,34.18,24.78,0,65.48,28.87,36.01,7.91,cotton,1.1,No irrigation
62.57,77.74,20.02,34.77,26.93,3.52,1,82.26,39.91,43.73,5.15,chickpea,0.75,No irrigation
45.21,84.94,28.76,27.93,21.82,29.25,0,90.98,28.65,15.89,6.22,maize,1.0,No irrigation
69.57,83.91,29.23,4.7,32.48,15.95,1,70.89,26.41,69.26,7.94,maize,1.0,No irrigation
40.12,30.12,23.81,23.98,31.19,5.82,0,47.62,57.4,41.97,7.8,wheat,0.9,Monitor
29.69,20.18,34.52,33.5,28.7,20.48,0,64.65,39.06,36.61,7.29,cotton,1.1,No irrigation
40.04,42.52,23.77,27.9,28.58,8.54,1,24.36,54.68,60.84,7.43,cotton,1.1,No irrigation
69.36,75.47,33.04,6.08,34.47,5.53,1,106.97,62.45,43.62,6.58,cotton,1.1,No irrigation
15.84,30.09,37.42,38.8,21.12,23.88,1,53.86,51.56,57.24,7.56,banana,1.25,No irrigation
52.09,57.35,39.08,25.07,33.31,15.66,0,81.75,24.09,59.49,5.86,maize,1.0,No irrigation
56.07,50.38,21.97,25.35,33.09,14.42,1,110.34,12.76,66.75,5.88,chickpea,0.75,No irrigation
38.69,37.09,28.24,27.27,22.7,6.9,1,81.97,24.45,74.33,5.43,cotton,1.1,No irrigation
50.08,52.17,33.34,35.96,26.98,10.05,0,27.39,66.71,79.2,5.9,cotton,1.1,No irrigation
52.97,51.98,26.04,39.97,32.8,4.99,1,77.19,44.49,79.52,5.89,banana,1.25,No irrigation
51.2,39.21,31.32,27.43,31.17,3.37,1,103.28,64.18,65.42,5.69,banana,1.25,No irrigation
34.38,64.56,32.42,27.11,30.81,20.46,0,82.82,64.2,57.01,5.93,cotton,1.1,No irrigation
16.84,45.54,22.63,36.39,24.9,13.63,0,33.22,42.36,78.15,6.59,chickpea,0.75,No irrigation
60.68,37.99,36.49,19.27,32.1,22.9,1,100.42,38.1,19.89,7.26,maize,1.0,No irrigation
62.31,70.7,39.6,38.69,32.07,12.24,1,21.39,42.19,44.56,7.02,groundnut,0.85,No irrigation
29.42,46.67,32.77,14.86,30.12,15.2,1,111.53,23.28,19.11,7.47,groundnut,0.85,Irrigate soon
31.62,48.58,22.8,37.85,24.57,15.79,0,43.48,42.25,40.26,6.11,groundnut,0.85,No irrigation
53.31,57.81,31.75,29.06,33.28,20.34,1,81.57,66.34,33.18,7.07,maize,1.0,No irrigation
39.39,86.54,37.11,3.97,30.29,17.25,1,26.06,26.55,77.93,7.85,banana,1.25,Irrigate soon
40.01,66.39,32.83,23.89,20.32,24.03,0,118.88,57.22,28.34,7.49,wheat,0.9,Monitor
26.39,35.12,37.39,13.14,22.21,27.21,0,47.73,69.04,79.19,6.62,banana,1.25,Irrigate soon
24.6,66.27,20.52,0.59,31.85,8.66,1,21.58,25.92,23.24,6.26,rice,1.3,Irrigate soon
56.01,53.34,35.56,20.53,21.64,16.11,0,92.72,64.53,57.83,5.9,groundnut,0.85,No irrigation
68.02,24.26,29.58,16.06,30.29,15.73,1,27.35,14.85,54.54,5.2,chickpea,0.75,No irrigation
49.34,60.98,34.24,15.24,28.96,10.26,1,29.92,52.11,70.43,6.95,banana,1.25,Monitor
45.32,80.58,28.6,35.52,26.21,25.17,1,61.6,15.71,42.74,7.0,chickpea,0.75,No irrigation
67.45,68.08,29.49,3.65,21.28,14.09,1,101.18,43.38,53.12,6.68,chickpea,0.75,No irrigation
51.85,48.76,37.47,37.65,26.34,27.64,0,116.84,46.02,37.86,6.73,maize,1.0,No irrigation
23.51,53.75,36.95,14.0,28.34,5.22,1,77.41,58.43,69.94,7.92,banana,1.25,Irrigate soon
49.19,67.25,31.13,24.36,29.87,21.42,0,38.04,52.16,35.08,6.02,rice,1.3,Monitor
24.98,30.03,33.15,2.78,31.11,29.21,0,94.61,22.91,42.29,6.02,chickpea,0.75,Irrigate now
32.14,42.71,38.83,23.85,33.25,6.36,0,87.4,26.33,58.03,6.46,cotton,1.1,Monitor
37.78,35.09,30.25,13.81,21.66,20.99,1,72.69,28.51,29.33,7.95,rice,1.3,Irrigate soon
15.42,41.1,24.22,5.49,23.83,11.19,0,69.74,35.84,23.4,6.6,maize,1.0,Irrigate soon
42.51,78.33,36.12,2.88,32.93,3.18,0,65.98,14.67,35.35,6.29,cotton,1.1,Monitor
54.02,49.24,22.3,0.83,24.87,24.44,1,103.2,65.19,20.73,7.53,maize,1.0,No irrigation
38.96,48.03,21.57,34.82,31.19,8.2,0,27.64,47.99,49.49,5.58,banana,1.25,No irrigation
34.22,70.92,36.38,32.6,23.54,6.1,0,37.35,19.17,64.34,5.23,banana,1.25,No irrigation
49.54,52.48,31.27,23.18,30.22,26.7,1,106.42,47.63,24.81,5.2,cotton,1.1,Monitor
49.73,75.74,31.83,14.08,21.11,14.93,0,25.69,59.9,19.99,7.59,banana,1.25,Monitor
19.97,61.59,27.69,23.21,34.31,22.69,0,64.97,58.59,57.37,5.96,cotton,1.1,Monitor
42.58,87.04,29.01,32.44,32.56,29.51,0,70.45,20.35,31.1,6.31,cotton,1.1,No irrigation
43.82,62.69,27.28,36.72,25.81,23.69,0,98.92,48.84,19.28,5.28,groundnut,0.85,No irrigation
36.26,37.64,37.03,38.58,29.04,6.21,0,78.27,18.49,37.74,7.9,groundnut,0.85,No irrigation
51.42,29.03,34.18,3.39,28.38,20.02,1,101.32,50.21,68.88,7.22,groundnut,0.85,No irrigation
65.18,26.54,33.41,20.34,20.27,10.65,0,54.17,55.97,27.48,8.0,maize,1.0,No irrigation
19.24,79.11,22.02,30.83,32.53,26.74,0,86.19,62.58,55.17,6.79,maize,1.0,No irrigation
23.92,78.19,35.42,32.36,22.48,14.25,1,56.43,53.18,78.02,6.83,banana,1.25,No irrigation
56.17,51.42,30.68,12.38,32.13,15.13,0,56.78,66.83,78.99,6.39,chickpea,0.75,No irrigation
57.8,55.2,28.37,6.48,23.0,18.93,1,25.22,38.84,39.13,7.8,groundnut,0.85,No irrigation
61.52,79.58,25.7,30.52,24.09,27.35,0,103.1,15.5,74.18,7.45,chickpea,0.75,No irrigation
66.18,49.04,27.93,14.96,25.79,4.28,0,22.82,65.85,69.55,6.95,banana,1.25,No irrigation
23.03,22.68,38.35,18.9,32.47,23.25,1,64.86,10.32,20.15,5.77,banana,1.25,Irrigate soon
23.22,85.82,32.18,16.93,31.64,8.65,0,24.77,35.19,66.6,6.37,rice,1.3,Irrigate soon
61.02,54.99,30.72,25.28,28.63,22.12,1,62.92,46.89,30.64,6.25,groundnut,0.85,No irrigation
51.75,56.64,27.21,38.14,28.16,24.02,0,59.05,38.21,56.32,7.94,chickpea,0.75,No irrigation
56.1,45.0,21.35,9.65,29.86,4.9,1,33.34,31.14,37.01,6.93,banana,1.25,No irrigation
57.85,52.52,33.91,25.27,32.17,3.77,1,23.7,22.1,66.42,7.66,chickpea,0.75,No irrigation
66.34,56.08,39.78,21.72,23.8,23.09,0,48.61,61.73,18.11,6.97,chickpea,0.75,No irrigation
21.85,45.76,37.79,29.73,33.42,12.83,0,69.62,39.85,75.08,6.56,banana,1.25,No irrigation
19.54,49.71,28.61,39.8,22.71,10.23,0,28.01,49.66,34.92,6.81,cotton,1.1,No irrigation
24.17,51.07,28.94,29.07,33.67,19.22,1,47.46,68.8,76.61,5.23,groundnut,0.85,No irrigation
37.34,55.92,35.0,6.4,20.47,25.76,1,23.48,14.03,65.6,6.1,cotton,1.1,Irrigate soon
67.22,22.27,23.07,18.0,25.56,14.43,0,77.39,41.77,40.87,6.95,maize,1.0,No irrigation
67.83,21.81,23.72,20.71,33.7,5.3,1,90.4,22.87,54.77,7.08,cotton,1.1,No irrigation
26.01,29.5,21.48,6.91,30.7,29.92,1,86.78,52.57,50.75,5.87,chickpea,0.75,Irrigate soon
61.82,69.83,38.55,25.51,31.91,16.25,0,118.51,57.52,30.39,6.48,chickpea,0.75,No irrigation
45.47,45.82,36.07,22.07,29.18,4.41,1,59.82,53.02,46.11,6.23,cotton,1.1,Monitor
60.28,25.16,39.45,25.69,26.75,21.04,1,32.83,59.74,50.83,6.76,banana,1.25,No irrigation
68.14,50.28,38.21,2.22,21.86,6.28,0,36.2,66.08,29.66,7.84,wheat,0.9,No irrigation
64.22,79.22,25.01,25.4,28.26,5.5,1,81.44,15.61,56.66,6.78,wheat,0.9,No irrigation
23.48,66.11,34.41,24.21,32.64,17.78,0,28.12,66.91,65.12,5.79,maize,1.0,Monitor
57.18,49.16,32.78,19.92,29.41,10.11,1,68.29,58.28,59.52,5.89,rice,1.3,No irrigation
52.87,31.07,28.31,18.58,25.1,6.02,1,93.42,61.65,78.4,5.39,chickpea,0.75,No irrigation
43.32,27.43,24.83,4.9,26.74,5.94,0,49.02,33.05,55.0,5.74,banana,1.25,Irrigate soon
64.63,76.94,38.68,28.85,22.85,6.46,1,69.88,28.51,16.51,7.84,wheat,0.9,No irrigation
40.15,36.85,31.67,1.95,24.22,18.73,1,48.57,10.49,21.99,5.4,chickpea,0.75,Monitor
55.01,73.47,27.32,16.02,28.55,7.45,1,27.35,40.26,64.69,5.84,wheat,0.9,No irrigation
52.42,28.32,39.5,15.76,31.92,11.49,1,95.5,21.94,48.09,6.5,rice,1.3,No irrigation
17.14,69.95,36.08,20.77,22.23,27.01,0,52.8,46.78,25.56,7.97,groundnut,0.85,Monitor
61.34,61.56,30.15,20.39,27.35,17.76,1,101.57,32.1,58.8,7.94,wheat,0.9,No irrigation
31.92,82.91,37.44,25.17,28.95,9.43,0,92.14,45.01,26.08,6.89,wheat,0.9,No irrigation
57.6,46.61,36.43,9.69,28.59,21.61,0,21.89,28.82,24.84,7.07,cotton,1.1,No irrigation
42.6,62.8,29.43,33.94,30.91,21.76,0,76.09,69.89,46.09,6.13,maize,1.0,No irrigation
40.28,57.32,30.93,27.03,33.01,21.06,1,81.01,21.54,31.02,6.67,maize,1.0,No irrigation
66.78,88.76,35.42,28.2,30.35,15.69,1,54.88,66.02,66.7,5.82,rice,1.3,No irrigation
46.54,58.02,37.92,15.78,25.18,23.65,0,49.05,27.26,61.42,6.04,cotton,1.1,Monitor
51.08,72.31,24.28,33.12,24.07,17.74,1,33.73,46.94,53.14,5.73,groundnut,0.85,No irrigation
64.79,35.8,24.66,4.01,24.95,15.23,0,20.52,43.02,75.39,6.22,cotton,1.1,No irrigation
41.26,33.96,39.28,12.85,29.69,27.42,0,85.23,23.93,63.01,7.55,rice,1.3,Irrigate soon
65.23,32.25,37.64,7.03,33.79,29.92,1,98.8,21.18,63.69,7.62,chickpea,0.75,No irrigation
63.22,20.65,31.36,4.29,34.74,9.97,1,108.93,18.05,47.77,5.82,banana,1.25,No irrigation
21.2,31.37,29.18,10.29,22.79,22.63,1,76.78,55.44,26.41,7.57,cotton,1.1,Irrigate soon
60.48,56.07,21.73,26.77,22.77,5.94,1,113.58,10.41,39.93,6.34,chickpea,0.75,No irrigation
67.47,41.14,34.46,0.46,29.81,21.4,0,86.78,37.92,25.38,7.06,groundnut,0.85,No irrigation
57.34,68.32,32.77,37.63,25.51,8.18,0,67.82,37.3,79.27,6.12,groundnut,0.85,No irrigation
45.21,52.96,30.75,26.56,23.28,8.93,0,72.55,41.69,38.52,7.75,rice,1.3,No irrigation
18.4,58.34,30.11,22.91,22.25,11.19,1,31.62,22.32,52.9,5.27,wheat,0.9,Monitor
39.5,23.89,22.64,16.62,28.46,17.65,1,92.33,33.76,68.07,7.24,wheat,0.9,Monitor
19.02,49.66,34.01,21.65,20.9,27.04,1,23.17,34.53,64.98,7.3,groundnut,0.85,Monitor
50.52,49.43,39.86,15.3,33.04,27.39,1,28.02,67.85,71.85,5.4,banana,1.25,No irrigation
34.13,32.49,30.75,21.15,30.92,8.24,0,95.62,68.71,45.1,7.16,cotton,1.1,Monitor
44.26,77.64,24.95,13.85,24.13,28.25,0,23.22,49.61,54.97,7.81,rice,1.3,Irrigate soon
28.24,24.71,31.88,17.86,30.08,26.42,0,94.05,34.14,30.23,5.65,banana,1.25,Irrigate soon
57.68,29.81,39.87,9.37,33.75,18.13,1,43.69,62.58,79.07,6.56,cotton,1.1,No irrigation
31.53,24.27,38.97,35.19,33.67,19.53,1,75.59,12.81,37.39,6.93,cotton,1.1,No irrigation
58.22,42.31,28.33,5.97,25.65,23.12,1,44.1,23.52,70.74,5.43,cotton,1.1,No irrigation
65.31,59.37,39.36,22.29,22.01,8.8,0,53.03,14.74,44.24,6.11,wheat,0.9,No irrigation
54.85,33.33,25.37,26.95,29.04,26.46,0,100.47,45.26,58.64,5.65,maize,1.0,No irrigation
62.82,43.31,39.14,0.61,34.06,28.94,0,94.69,55.26,74.44,7.09,groundnut,0.85,No irrigation
26.25,84.06,31.04,31.02,25.71,16.94,1,50.84,31.58,72.38,6.4,banana,1.25,No irrigation
68.97,52.86,36.79,36.57,25.56,13.59,0,94.13,10.97,50.97,6.75,groundnut,0.85,No irrigation
37.97,30.67,26.6,15.19,32.5,15.98,1,45.73,59.3,77.82,6.93,cotton,1.1,Monitor
40.35,71.29,27.04,5.6,28.2,7.15,0,72.39,60.34,19.83,7.45,rice,1.3,Irrigate soon
57.04,48.87,36.85,9.26,30.61,2.26,1,57.32,47.07,58.34,6.85,cotton,1.1,No irrigation
51.26,21.1,30.64,16.45,20.25,22.22,1,21.71,58.79,58.81,7.42,maize,1.0,No irrigation
20.89,26.74,22.98,7.68,27.9,24.83,1,99.49,14.74,77.35,6.38,maize,1.0,Irrigate soon
69.46,35.81,33.68,33.91,29.81,26.03,0,29.35,32.76,50.93,5.17,rice,1.3,No irrigation
53.66,25.79,36.91,25.8,24.97,29.37,0,109.48,65.15,29.93,7.7,groundnut,0.85,No irrigation
63.82,53.29,20.93,2.97,33.88,27.18,0,37.94,61.03,16.02,5.62,maize,1.0,No irrigation
56.37,69.89,27.97,3.08,22.44,8.73,1,87.7,42.43,39.95,7.22,banana,1.25,No irrigation
69.37,70.69,30.02,38.97,20.81,14.24,0,54.06,56.14,77.07,6.19,banana,1.25,No irrigation
32.95,64.39,35.67,18.02,23.42,17.49,1,63.18,50.78,57.94,5.26,wheat,0.9,Monitor
31.25,37.25,21.47,10.72,25.7,23.95,0,93.97,29.0,21.93,5.02,chickpea,0.75,Irrigate soon
39.46,73.29,22.04,3.49,26.46,17.6,1,30.33,15.38,51.02,6.79,banana,1.25,Irrigate soon
32.84,46.97,25.84,15.51,21.27,27.23,0,77.2,20.17,39.75,5.42,chickpea,0.75,Monitor
29.76,30.22,23.34,11.04,24.5,23.91,1,45.17,24.8,55.63,6.78,maize,1.0,Irrigate soon
40.18,29.48,20.14,15.83,32.62,12.64,1,64.02,35.84,68.53,6.95,wheat,0.9,Monitor
22.49,42.45,38.95,8.03,24.71,29.01,1,49.14,51.7,46.92,6.73,maize,1.0,Irrigate now
32.92,39.62,35.72,14.6,33.98,7.59,0,88.17,43.01,76.95,6.38,groundnut,0.85,Irrigate soon
26.53,75.84,36.63,2.77,32.72,24.26,1,33.92,28.17,31.42,5.46,cotton,1.1,Irrigate now
58.4,25.18,39.81,19.17,26.01,16.19,1,74.36,57.44,38.37,7.69,wheat,0.9,No irrigation
47.66,84.01,22.19,9.93,29.97,6.66,0,76.32,48.7,57.04,7.9,chickpea,0.75,Monitor
68.11,50.13,20.21,10.35,27.66,16.53,0,64.58,33.47,65.2,6.77,wheat,0.9,No irrigation
23.29,89.84,29.66,11.82,33.81,4.4,0,54.83,30.58,65.98,6.56,chickpea,0.75,Irrigate soon
41.19,50.67,33.94,12.76,24.5,24.69,0,22.26,30.58,22.11,7.4,groundnut,0.85,Monitor
28.42,32.21,23.2,22.39,34.38,8.49,1,82.98,21.18,57.73,6.19,groundnut,0.85,Monitor
48.78,33.81,31.84,15.55,30.57,7.76,0,77.73,57.97,49.9,6.1,maize,1.0,Monitor
40.17,38.36,37.25,21.11,29.59,18.72,1,78.7,30.88,69.96,6.85,banana,1.25,Monitor
52.05,76.04,38.37,23.61,30.08,10.77,0,50.54,20.98,60.07,6.53,cotton,1.1,No irrigation
47.8,60.24,28.46,19.47,28.06,27.74,0,75.49,39.38,24.12,5.94,cotton,1.1,Monitor
49.07,80.59,39.04,19.38,22.93,12.75,1,60.91,39.5,61.16,6.33,maize,1.0,Monitor
19.55,22.16,35.22,11.68,24.12,17.05,0,98.07,43.94,65.22,6.49,wheat,0.9,Irrigate soon
21.23,27.99,35.5,32.93,25.5,25.03,0,96.0,36.48,29.21,6.28,groundnut,0.85,No irrigation
60.65,72.59,25.95,39.97,26.75,11.76,0,63.91,69.64,65.42,5.71,banana,1.25,No irrigation
55.57,68.24,37.22,24.41,26.42,19.25,0,101.35,58.33,52.05,6.6,wheat,0.9,No irrigation
44.63,42.66,34.08,11.57,24.01,26.02,0,33.56,55.01,41.75,5.18,chickpea,0.75,Monitor
62.69,28.88,37.32,9.99,30.67,25.2,1,68.95,44.65,32.47,6.24,cotton,1.1,No irrigation
19.15,75.62,35.38,16.11,31.25,21.45,1,65.47,39.28,52.83,7.61,banana,1.25,Irrigate soon
55.3,71.17,29.17,26.57,25.37,3.77,1,41.78,35.78,28.77,5.81,banana,1.25,No irrigation
30.6,58.31,22.61,34.1,31.82,27.04,0,24.59,47.57,69.39,5.05,banana,1.25,No irrigation
23.69,51.96,39.84,17.11,34.94,27.46,1,35.9,65.96,32.81,6.96,chickpea,0.75,Monitor
19.53,66.52,32.98,2.07,29.38,22.33,0,62.92,15.47,21.19,5.64,rice,1.3,Irrigate now
22.3,35.83,33.6,0.37,30.43,24.88,1,89.4,38.66,29.88,5.27,banana,1.25,Irrigate now
20.63,41.93,37.62,5.49,31.6,23.09,0,84.16,50.63,19.45,6.69,wheat,0.9,Irrigate now
50.75,50.81,34.45,25.12,22.27,13.53,1,106.0,15.2,21.53,7.26,wheat,0.9,No irrigation
55.15,44.61,28.59,31.64,23.72,20.05,0,75.34,46.0,54.49,7.34,groundnut,0.85,No irrigation
16.48,79.29,37.52,8.22,29.1,7.28,1,49.55,13.27,73.36,7.86,cotton,1.1,Irrigate now
36.22,36.88,32.76,2.84,33.33,2.34,1,113.39,17.92,70.95,6.71,chickpea,0.75,Irrigate soon
45.05,32.09,29.42,39.49,21.09,18.45,0,46.22,12.39,18.93,7.37,wheat,0.9,No irrigation
30.76,69.88,35.34,16.94,26.03,19.94,0,47.75,28.59,48.23,5.61,banana,1.25,Irrigate soon
23.55,42.87,31.73,30.53,29.75,20.01,1,89.87,53.8,70.02,5.17,rice,1.3,No irrigation
65.85,28.12,32.25,2.2,29.99,20.43,0,31.94,52.47,60.6,5.49,chickpea,0.75,No irrigation
43.77,74.81,34.42,6.68,21.9,23.87,1,93.29,17.08,73.49,6.01,cotton,1.1,Monitor
29.96,24.47,34.25,23.07,21.16,14.75,1,25.54,61.56,25.85,5.47,banana,1.25,Monitor
20.66,60.17,34.46,9.14,27.63,3.23,0,44.46,38.31,39.89,5.45,banana,1.25,Irrigate now
16.94,76.22,34.28,26.23,23.37,8.95,1,47.13,14.67,39.23,6.51,rice,1.3,No irrigation
24.86,76.3,39.63,38.16,21.03,15.02,1,97.35,28.64,20.62,6.37,chickpea,0.75,No irrigation
26.04,59.47,26.08,24.91,26.96,18.57,1,119.78,56.55,62.61,6.64,banana,1.25,Monitor
28.48,20.45,28.2,9.32,25.2,25.51,0,115.1,10.09,57.72,7.55,groundnut,0.85,Irrigate soon
31.91,34.36,39.66,16.79,34.42,29.23,0,91.17,15.58,74.88,7.69,wheat,0.9,Monitor
37.72,82.69,29.17,29.92,28.71,16.15,1,27.48,44.07,43.27,7.89,maize,1.0,No irrigation
31.04,79.56,38.52,15.72,32.48,11.14,1,47.2,14.48,28.18,7.34,wheat,0.9,Monitor
20.99,27.4,28.99,12.56,21.81,12.03,0,65.19,37.8,70.41,5.27,banana,1.25,Irrigate soon
52.73,77.85,33.94,1.61,32.54,11.18,0,91.12,68.1,40.76,5.15,chickpea,0.75,No irrigation
29.31,89.35,20.62,16.18,26.78,22.95,0,29.47,16.11,66.6,5.36,rice,1.3,Irrigate soon
60.67,88.78,22.61,32.95,25.58,19.65,0,78.23,25.53,67.83,5.07,rice,1.3,No irrigation
25.88,65.22,36.19,3.68,32.71,24.65,0,24.27,37.66,25.92,6.72,banana,1.25,Irrigate now
54.84,54.73,27.65,17.07,25.31,27.43,1,47.99,63.01,17.25,6.86,maize,1.0,No irrigation
50.6,54.92,37.66,19.16,21.32,12.72,1,39.95,63.08,49.18,6.89,banana,1.25,No irrigation
44.9,21.37,27.65,28.53,27.2,23.88,1,111.27,40.14,40.24,5.54,chickpea,0.75,No irrigation
47.84,22.05,36.21,11.24,32.13,15.21,1,96.68,69.98,78.31,5.3,groundnut,0.85,Monitor
28.26,57.36,35.82,29.48,31.46,28.54,1,55.48,60.35,69.94,5.53,wheat,0.9,No irrigation
32.49,71.67,27.18,23.66,30.55,11.85,0,76.31,21.29,79.22,7.64,cotton,1.1,Monitor
44.82,32.29,20.76,2.25,29.02,2.56,1,20.07,65.07,28.1,5.39,groundnut,0.85,Monitor
24.76,76.17,37.36,2.38,22.22,21.73,0,97.44,60.79,70.94,7.88,chickpea,0.75,Irrigate now
53.75,66.35,31.72,13.46,24.84,29.32,1,99.18,67.64,57.2,5.52,wheat,0.9,No irrigation
53.15,85.02,35.74,8.93,28.83,6.91,1,93.4,27.67,26.55,5.01,groundnut,0.85,No irrigation
67.18,47.41,39.89,38.61,20.49,18.87,0,83.96,16.25,47.25,5.99,rice,1.3,No irrigation
28.09,88.77,23.36,35.41,21.33,21.85,1,64.66,25.91,31.22,5.2,chickpea,0.75,No irrigation
58.29,70.43,20.96,17.53,26.29,6.66,1,69.31,32.72,50.49,5.3,cotton,1.1,No irrigation
58.38,60.46,35.16,9.02,26.77,24.38,0,49.49,29.12,76.86,5.22,maize,1.0,No irrigation
63.84,31.26,21.5,37.67,34.67,11.46,1,90.45,35.88,57.49,6.82,cotton,1.1,No irrigation
23.64,27.09,24.11,7.6,30.46,22.22,1,86.06,27.84,21.23,6.18,wheat,0.9,Irrigate soon
61.19,30.75,27.22,17.1,24.42,20.54,1,39.97,11.54,26.1,5.88,rice,1.3,No irrigation
41.05,28.09,35.7,18.84,33.42,9.42,1,38.49,63.13,39.01,6.34,chickpea,0.75,Monitor
39.19,38.44,36.74,22.57,22.27,21.5,0,28.57,30.63,50.19,7.91,wheat,0.9,Monitor
27.51,24.27,27.74,20.9,34.48,21.24,1,77.27,24.14,34.43,6.18,banana,1.25,Monitor
54.29,55.15,38.01,32.02,30.16,19.37,0,114.93,36.94,76.69,5.5,maize,1.0,No irrigation
59.47,28.83,28.47,39.53,26.53,29.92,0,103.41,25.47,74.2,7.74,rice,1.3,No irrigation
19.79,58.95,31.04,34.26,27.8,27.68,0,98.66,47.38,48.97,6.26,cotton,1.1,No irrigation
23.23,59.66,31.65,38.59,21.5,4.96,0,98.57,62.05,72.21,7.63,chickpea,0.75,No irrigation
36.07,53.99,32.18,1.5,24.13,6.03,1,23.88,63.37,36.55,5.71,groundnut,0.85,Irrigate soon
41.14,38.8,27.45,13.51,31.9,10.71,1,105.82,51.09,78.21,5.68,chickpea,0.75,Monitor
68.58,51.02,36.52,10.78,26.25,20.08,0,64.17,64.81,41.47,6.45,wheat,0.9,No irrigation
62.7,77.47,30.31,6.36,24.67,16.19,0,98.05,41.46,51.96,5.52,banana,1.25,No irrigation
26.04,24.03,20.66,2.02,25.41,7.58,1,102.35,40.31,56.3,5.37,rice,1.3,Irrigate soon
28.31,54.22,28.92,38.42,27.12,17.44,1,36.35,63.67,63.68,7.07,chickpea,0.75,No irrigation
16.51,23.48,37.08,31.19,23.21,8.2,0,87.77,26.15,41.62,5.06,banana,1.25,No irrigation
68.19,67.75,29.48,5.29,22.6,24.42,0,45.24,58.31,34.85,7.9,groundnut,0.85,No irrigation
30.15,82.68,37.03,18.36,23.27,10.46,1,78.45,10.44,79.96,7.9,banana,1.25,Irrigate soon
35.58,65.31,32.18,11.94,21.62,3.79,1,84.06,61.69,31.97,7.13,groundnut,0.85,Irrigate soon
31.43,30.5,35.31,35.99,32.08,24.47,1,86.05,50.85,61.88,6.97,chickpea,0.75,No irrigation
29.27,49.3,27.77,1.41,30.62,18.02,0,54.32,52.8,59.61,6.91,cotton,1.1,Irrigate soon
64.86,67.03,30.15,33.82,32.61,26.54,0,49.38,38.25,63.16,7.18,wheat,0.9,No irrigation
56.96,32.81,33.59,13.43,21.34,11.95,1,62.05,63.21,39.16,6.76,cotton,1.1,No irrigation
61.82,52.94,37.33,23.34,34.16,3.99,0,70.05,62.05,39.81,5.9,rice,1.3,No irrigation
62.9,30.55,39.85,13.71,34.81,27.0,1,34.32,61.74,26.72,5.24,chickpea,0.75,No irrigation
49.71,32.38,32.69,0.19,24.1,23.31,0,77.63,19.51,66.04,7.34,maize,1.0,Monitor
48.8,64.34,28.07,38.61,25.75,3.06,0,93.07,67.0,72.98,7.27,wheat,0.9,No irrigation
25.48,67.37,32.53,9.95,30.4,11.64,0,30.27,40.2,34.9,5.2,rice,1.3,Irrigate now
31.4,40.36,34.56,23.85,25.07,26.86,0,54.27,64.08,38.35,5.57,banana,1.25,Monitor
37.19,35.99,34.54,5.25,31.01,18.51,0,32.32,52.67,66.49,6.13,groundnut,0.85,Irrigate soon
29.07,57.43,20.97,39.79,29.93,20.3,0,24.82,16.95,43.88,5.37,chickpea,0.75,No irrigation
41.09,30.72,33.9,25.21,24.52,20.53,1,82.28,52.04,42.22,7.7,wheat,0.9,No irrigation
54.53,28.24,22.28,4.25,22.98,7.59,1,103.15,68.39,38.26,6.23,maize,1.0,No irrigation
17.17,54.74,24.15,37.32,24.96,2.08,0,110.69,60.11,58.49,5.45,rice,1.3,No irrigation
57.87,25.25,34.47,36.19,29.67,14.79,1,46.41,13.0,67.86,7.62,banana,1.25,No irrigation
30.98,76.11,26.25,29.54,21.42,23.23,0,20.97,18.3,57.07,5.99,cotton,1.1,No irrigation
67.53,38.78,34.66,14.9,25.14,5.19,1,116.23,26.31,40.07,7.55,banana,1.25,No irrigation
38.2,82.03,23.34,5.3,30.9,29.48,0,30.37,64.67,46.37,6.71,cotton,1.1,Irrigate soon
24.97,46.58,27.17,1.15,30.27,25.48,0,68.31,39.29,72.69,6.32,rice,1.3,Irrigate now
29.39,42.0,34.09,27.12,31.51,18.15,0,117.79,50.19,36.99,6.57,groundnut,0.85,No irrigation
49.0,50.3,34.53,19.28,29.96,19.96,0,103.9,43.5,79.21,5.16,groundnut,0.85,Monitor
66.39,55.39,29.39,19.83,22.48,23.04,1,44.09,68.21,18.27,5.67,groundnut,0.85,No irrigation
35.83,77.2,21.58,17.77,28.6,4.46,1,64.71,17.12,47.33,6.96,rice,1.3,Irrigate soon
37.19,22.51,30.98,33.04,31.88,28.97,1,109.01,43.74,57.55,6.37,chickpea,0.75,No irrigation
34.98,23.8,24.46,18.18,28.4,19.35,1,91.67,31.8,44.41,5.29,groundnut,0.85,Monitor
27.2,43.89,36.6,38.58,24.38,16.62,0,24.58,19.85,24.13,7.15,groundnut,0.85,No irrigation
37.51,37.8,23.92,4.83,32.78,8.04,0,91.68,16.47,41.94,7.78,banana,1.25,Irrigate soon
51.97,28.63,37.84,18.3,28.84,16.12,1,20.43,54.17,50.96,6.3,wheat,0.9,No irrigation
41.56,55.58,38.42,7.09,28.68,22.45,0,30.36,49.45,54.4,5.97,cotton,1.1,Monitor
38.03,62.63,33.85,9.93,25.97,11.6,1,65.28,18.0,41.83,7.1,groundnut,0.85,Irrigate soon
43.18,79.02,30.96,12.56,31.05,17.5,0,40.09,47.45,33.89,6.04,groundnut,0.85,Monitor
22.3,69.73,39.5,7.11,28.14,19.83,0,96.08,43.74,52.88,7.83,groundnut,0.85,Irrigate now
37.96,72.35,36.83,11.44,32.71,24.63,0,22.53,18.72,58.57,5.6,banana,1.25,Irrigate soon
58.2,88.85,33.67,5.86,20.93,23.96,0,95.36,11.94,67.91,5.31,banana,1.25,No irrigation
52.15,59.33,24.49,25.88,25.83,16.31,1,89.29,12.82,39.8,6.25,banana,1.25,No irrigation
68.67,41.89,31.04,0.52,23.77,19.38,1,103.0,64.69,60.8,6.94,banana,1.25,No irrigation
47.36,71.69,23.93,29.0,22.9,14.57,0,38.7,20.43,48.4,6.13,cotton,1.1,No irrigation
30.35,38.5,23.22,33.84,20.08,15.06,0,23.99,65.72,53.8,7.32,groundnut,0.85,No irrigation
48.86,66.33,29.81,22.91,25.37,23.95,1,72.54,67.42,48.84,7.36,maize,1.0,Monitor
37.88,57.59,21.84,8.85,23.2,11.29,1,49.36,67.02,55.19,6.42,wheat,0.9,Irrigate soon
60.3,88.68,20.18,26.76,26.69,27.33,0,115.89,50.95,35.86,7.75,rice,1.3,No irrigation
36.22,57.82,25.66,36.45,32.33,12.5,1,68.68,27.79,57.35,5.96,rice,1.3,No irrigation
67.15,31.72,39.13,21.52,20.11,3.83,0,106.5,35.45,21.76,6.61,groundnut,0.85,No irrigation
63.33,71.9,28.7,32.67,21.08,21.21,0,65.92,29.9,20.69,5.16,banana,1.25,No irrigation
28.85,24.93,36.43,36.44,26.11,14.63,1,63.3,11.01,58.76,6.6,groundnut,0.85,No irrigation
54.62,24.43,34.92,1.82,32.72,12.02,0,48.98,51.15,54.43,5.84,cotton,1.1,No irrigation
35.98,77.55,20.62,6.25,23.3,22.91,1,116.01,18.64,59.02,7.74,banana,1.25,Irrigate soon
62.69,65.36,39.15,0.45,33.12,5.96,0,20.5,45.8,49.91,7.84,chickpea,0.75,No irrigation
26.55,71.9,34.52,8.47,33.58,25.84,0,36.1,23.25,69.26,5.58,maize,1.0,Irrigate now
51.9,59.71,21.09,30.04,34.85,17.37,0,49.07,14.04,21.38,7.18,cotton,1.1,No irrigation
67.33,45.0,33.43,9.38,24.28,3.95,0,51.78,37.04,55.06,5.92,wheat,0.9,No irrigation
23.38,59.68,36.15,38.35,22.53,10.77,0,91.22,48.45,32.98,6.08,groundnut,0.85,No irrigation
55.31,81.45,29.26,14.35,24.58,17.45,0,84.56,14.92,33.24,7.48,wheat,0.9,No irrigation
25.8,71.35,32.53,29.1,33.38,25.79,0,101.26,44.73,65.0,5.64,rice,1.3,No irrigation
45.34,58.04,39.97,18.88,31.63,12.24,0,109.14,45.38,70.72,5.4,wheat,0.9,Monitor
43.07,47.77,30.04,26.51,32.72,24.58,0,95.72,18.42,25.35,6.7,wheat,0.9,No irrigation
51.27,87.74,34.72,19.34,25.38,8.13,1,43.17,25.86,30.21,7.01,wheat,0.9,No irrigation
64.92,45.29,29.39,18.19,20.7,29.46,1,30.32,68.11,56.18,5.82,groundnut,0.85,No irrigation
29.48,58.1,23.48,26.15,25.48,20.29,0,71.67,32.58,73.97,6.55,chickpea,0.75,No irrigation
59.95,44.15,35.85,35.49,20.1,26.7,1,36.56,14.63,56.83,5.63,maize,1.0,No irrigation
23.65,62.14,36.34,26.44,26.22,11.25,0,68.15,38.73,28.7,5.48,banana,1.25,No irrigation
37.6,37.06,22.56,23.69,22.02,16.35,0,25.59,25.5,26.7,7.87,wheat,0.9,Monitor
68.31,64.63,37.57,29.12,32.32,28.52,0,64.92,69.57,71.37,5.51,banana,1.25,No irrigation
37.59,29.99,31.65,30.7,29.35,16.3,0,92.42,30.56,44.48,6.77,maize,1.0,No irrigation
35.8,29.25,20.33,20.91,33.64,21.16,0,80.55,20.65,73.6,6.8,banana,1.25,Monitor
44.23,72.67,21.86,26.38,33.53,17.1,0,109.7,56.49,57.2,6.57,chickpea,0.75,No irrigation
63.12,68.83,28.58,37.54,27.23,23.52,1,78.9,54.48,64.5,7.09,rice,1.3,No irrigation
38.4,37.82,35.32,36.4,21.26,18.75,1,45.78,10.33,63.34,5.02,wheat,0.9,No irrigation
21.48,20.5,33.09,27.51,24.74,12.14,0,62.61,45.12,31.98,6.61,wheat,0.9,No irrigation
35.11,39.29,33.61,30.2,26.2,23.95,1,37.87,43.55,46.44,7.97,wheat,0.9,No irrigation
33.94,69.38,34.72,34.2,29.89,22.94,1,98.31,66.95,21.52,6.53,banana,1.25,No irrigation
33.61,58.54,33.94,28.27,22.41,29.01,0,100.44,59.4,45.66,6.8,rice,1.3,No irrigation
18.52,35.52,21.6,1.51,25.76,29.56,1,91.16,45.85,76.47,7.46,groundnut,0.85,Irrigate soon
42.19,20.75,37.01,37.23,27.77,7.45,0,81.52,50.44,38.38,6.97,maize,1.0,No irrigation
19.78,39.32,27.99,26.79,26.08,7.61,0,93.69,14.12,20.86,5.85,banana,1.25,No irrigation
45.75,60.81,26.95,32.62,23.39,28.97,1,112.97,44.49,31.97,6.22,rice,1.3,No irrigation
45.72,55.22,26.8,4.68,27.7,9.22,1,89.42,67.96,51.61,7.31,banana,1.25,Monitor
33.68,74.29,33.63,35.86,32.93,15.5,1,26.76,48.02,79.62,7.03,maize,1.0,No irrigation
59.01,48.87,27.06,21.43,30.51,9.37,1,29.3,50.42,68.37,5.23,maize,1.0,No irrigation
41.21,44.75,37.89,10.76,34.21,21.13,0,69.9,21.98,62.8,7.62,maize,1.0,Monitor
27.61,78.45,36.73,14.24,31.68,5.36,0,87.58,49.81,54.9,7.29,wheat,0.9,Irrigate soon
67.69,79.36,27.42,12.62,33.47,26.67,1,69.08,69.06,74.54,5.84,maize,1.0,No irrigation
56.26,28.98,30.51,16.93,34.09,2.91,1,59.37,51.18,26.36,7.93,groundnut,0.85,No irrigation
43.5,42.1,20.17,26.96,25.69,4.82,1,81.28,25.58,50.66,5.71,cotton,1.1,No irrigation
67.72,44.02,23.68,16.96,26.29,23.06,1,105.43,26.78,26.69,5.39,wheat,0.9,No irrigation
52.73,76.99,34.42,32.16,28.33,25.98,0,34.58,67.55,24.72,7.42,maize,1.0,No irrigation
38.18,29.41,37.87,25.23,28.01,10.84,1,50.0,43.73,51.91,6.2,groundnut,0.85,No irrigation
23.98,35.08,25.09,33.56,21.44,22.85,1,56.1,43.62,75.57,5.77,rice,1.3,No irrigation
37.65,44.58,33.59,24.22,28.65,20.2,0,117.94,27.08,36.13,6.53,banana,1.25,Monitor
55.51,82.27,27.62,11.46,29.48,6.06,0,84.06,65.71,42.42,6.84,cotton,1.1,No irrigation
61.69,24.99,23.24,9.13,24.75,10.16,1,80.54,33.73,72.7,7.34,chickpea,0.75,No irrigation
56.13,56.47,29.01,6.69,32.81,5.5,0,86.2,66.43,60.55,5.24,maize,1.0,No irrigation
36.84,26.69,38.74,18.93,20.81,23.59,0,30.39,47.09,20.48,7.79,cotton,1.1,Monitor
32.02,37.32,25.68,25.06,21.97,25.48,0,23.52,31.41,74.49,7.59,cotton,1.1,No irrigation
68.62,57.84,25.45,17.79,34.54,21.53,0,79.08,37.39,63.68,7.63,cotton,1.1,No irrigation
43.79,64.77,26.19,13.89,28.1,24.53,1,50.79,34.73,25.12,5.03,wheat,0.9,Monitor
59.85,79.36,26.88,18.77,20.12,27.82,1,49.96,55.95,66.87,6.79,banana,1.25,No irrigation
15.4,46.16,28.23,22.42,25.92,6.57,1,102.84,23.24,20.15,6.88,wheat,0.9,Monitor
57.05,83.7,36.15,27.39,24.27,22.8,1,61.29,61.21,26.86,5.87,groundnut,0.85,No irrigation
40.04,51.69,34.01,19.68,24.81,6.26,0,38.59,16.14,32.5,7.15,groundnut,0.85,Monitor
15.45,26.31,20.29,8.69,26.3,24.0,1,119.8,37.82,66.44,5.99,banana,1.25,Irrigate soon
56.28,30.23,25.33,15.7,28.15,7.08,1,101.73,59.7,22.93,7.3,maize,1.0,No irrigation
36.16,88.25,24.94,39.78,22.99,22.59,0,72.11,68.93,45.73,7.04,chickpea,0.75,No irrigation
66.49,31.1,34.56,29.79,28.24,5.42,1,83.85,21.92,72.69,7.59,maize,1.0,No irrigation
68.53,36.52,28.68,0.6,31.92,18.37,1,98.91,10.54,17.73,7.35,cotton,1.1,No irrigation
52.86,30.85,35.42,9.95,27.5,21.21,1,113.08,69.82,55.63,5.18,groundnut,0.85,No irrigation
23.47,57.54,22.15,19.51,24.75,17.63,1,100.55,36.32,27.54,7.07,chickpea,0.75,Monitor
54.84,37.55,20.79,28.27,28.39,17.2,1,38.98,21.2,37.6,7.2,chickpea,0.75,No irrigation
62.72,61.91,37.21,6.41,27.97,14.58,1,74.16,37.24,65.43,6.52,groundnut,0.85,No irrigation
25.2,21.31,37.14,31.04,23.58,22.19,1,38.99,50.99,64.77,5.46,chickpea,0.75,No irrigation
32.74,64.86,22.21,20.93,21.0,25.39,0,37.86,11.88,21.96,5.57,rice,1.3,Monitor
46.41,78.54,33.16,21.03,30.52,9.17,1,42.07,53.07,15.85,7.76,groundnut,0.85,Monitor
42.03,82.28,21.6,32.04,20.91,17.62,1,102.2,57.65,18.79,6.85,wheat,0.9,No irrigation
17.24,24.93,26.08,37.78,34.41,4.72,0,73.17,21.37,49.2,5.75,groundnut,0.85,No irrigation
67.11,59.09,31.16,29.84,31.49,18.14,1,90.26,35.62,21.77,7.38,wheat,0.9,No irrigation
37.09,43.63,23.16,39.94,26.65,11.87,1,75.01,69.81,69.92,6.24,groundnut,0.85,No irrigation
38.68,70.81,32.17,22.53,23.21,23.44,1,56.0,37.14,77.39,5.0,rice,1.3,Monitor
69.06,61.7,30.35,39.74,24.53,10.41,0,41.48,28.89,65.15,7.83,banana,1.25,No irrigation
30.18,58.76,31.13,37.04,22.32,3.06,1,35.61,25.9,72.83,5.75,chickpea,0.75,No irrigation
59.61,26.43,28.0,36.72,31.01,22.26,1,37.29,59.54,59.82,6.73,rice,1.3,No irrigation
47.74,41.03,34.62,23.05,21.18,3.57,1,54.79,59.03,42.07,7.6,banana,1.25,Monitor
57.37,72.34,36.99,37.15,29.51,19.7,0,50.48,12.47,50.1,5.45,wheat,0.9,No irrigation
53.38,30.72,33.47,39.89,34.57,23.08,0,42.21,27.39,40.63,5.4,rice,1.3,No irrigation
41.17,72.17,30.96,10.5,25.98,14.17,0,96.2,38.86,27.88,6.19,wheat,0.9,Monitor
25.79,63.12,34.71,9.85,21.07,23.75,1,88.47,44.56,22.31,6.24,chickpea,0.75,Irrigate now
34.16,42.45,31.88,0.97,24.57,29.65,1,82.32,36.43,75.07,5.7,groundnut,0.85,Irrigate now
35.56,73.04,37.06,4.49,20.82,28.57,0,106.88,59.21,15.89,7.08,rice,1.3,Irrigate soon
31.78,52.98,26.64,29.6,23.18,17.3,1,74.88,47.38,79.5,7.09,groundnut,0.85,No irrigation
16.01,60.81,33.27,1.74,22.55,9.95,1,25.31,49.29,15.54,6.17,chickpea,0.75,Irrigate now
51.46,83.9,27.2,4.32,24.39,26.74,1,43.12,32.84,78.48,5.3,chickpea,0.75,No irrigation
41.66,61.8,21.76,7.96,34.5,17.7,0,23.98,65.34,34.82,6.47,groundnut,0.85,Monitor
23.64,44.27,27.04,25.01,23.54,29.39,1,101.19,47.55,72.11,7.67,banana,1.25,No irrigation
69.47,86.09,38.98,9.02,25.13,13.0,0,28.78,32.93,77.44,6.84,groundnut,0.85,No irrigation
52.76,49.21,31.46,17.06,24.69,18.95,1,74.22,22.41,24.01,6.62,banana,1.25,No irrigation
26.13,29.67,33.77,35.95,33.64,14.04,0,85.62,43.89,25.27,5.2,wheat,0.9,No irrigation
67.17,28.29,26.35,35.19,30.91,23.43,1,116.12,28.2,63.46,7.47,groundnut,0.85,No irrigation
66.33,39.17,35.58,4.27,22.77,23.35,1,80.56,46.74,53.76,5.69,rice,1.3,No irrigation
34.76,68.17,29.53,20.09,29.07,21.94,1,38.4,33.25,45.8,5.49,maize,1.0,Monitor
16.77,73.52,20.3,10.79,26.2,22.79,0,95.78,13.97,75.26,7.96,banana,1.25,Irrigate soon
48.94,68.15,37.34,35.5,26.41,23.73,1,92.02,33.65,76.04,6.72,wheat,0.9,No irrigation
43.89,81.3,35.74,20.83,26.77,25.16,0,107.78,24.74,49.96,7.95,rice,1.3,Monitor
45.67,56.13,32.61,1.97,24.37,13.15,1,97.37,27.15,25.82,5.88,rice,1.3,Monitor
52.95,83.26,29.27,25.84,21.36,16.02,0,97.87,66.27,60.25,5.41,cotton,1.1,No irrigation
32.79,21.74,29.07,35.86,33.44,26.71,0,45.01,51.5,73.97,7.39,groundnut,0.85,No irrigation
55.33,26.38,34.12,25.36,21.28,21.8,0,57.87,32.84,64.94,7.74,wheat,0.9,No irrigation
62.92,80.39,23.24,5.78,31.54,3.44,1,50.95,56.12,44.01,6.88,rice,1.3,No irrigation
64.42,87.23,20.07,30.62,20.18,15.93,1,74.35,10.35,72.38,5.71,wheat,0.9,No irrigation
51.27,51.76,28.84,24.05,20.1,26.7,1,81.98,43.45,68.64,5.15,maize,1.0,No irrigation
18.03,44.43,22.91,1.3,28.67,18.89,1,112.04,12.94,42.1,5.53,groundnut,0.85,Irrigate soon
30.64,66.26,34.0,22.89,28.43,29.06,1,113.15,15.59,34.45,6.11,cotton,1.1,Monitor
60.11,73.09,36.87,2.6,27.06,5.42,1,52.92,34.83,28.64,5.63,rice,1.3,No irrigation
21.01,71.08,32.58,39.49,27.25,21.28,1,62.71,60.87,31.88,6.73,wheat,0.9,No irrigation
34.46,29.08,31.25,20.79,29.48,15.79,0,108.37,23.96,33.88,5.58,rice,1.3,Monitor
16.32,63.78,22.36,33.92,31.99,29.97,1,24.55,30.98,67.39,5.64,groundnut,0.85,No irrigation
26.07,39.71,35.8,12.31,27.6,11.07,0,31.38,30.0,40.74,6.71,rice,1.3,Irrigate soon
60.76,33.58,36.68,36.89,27.19,15.29,0,84.57,38.89,55.77,7.68,wheat,0.9,No irrigation
64.28,52.37,36.28,37.11,20.84,16.59,1,75.52,11.12,52.53,6.0,banana,1.25,No irrigation
34.45,87.87,25.61,1.25,34.75,19.54,0,77.1,33.37,53.69,7.59,banana,1.25,Irrigate soon
31.96,80.05,34.2,10.86,21.3,26.56,1,65.19,67.04,29.05,5.91,rice,1.3,Irrigate soon
35.58,22.62,24.04,3.7,27.59,24.37,0,39.02,65.42,62.61,6.57,banana,1.25,Irrigate soon
33.0,73.86,21.97,39.29,27.74,29.8,0,92.46,37.56,61.39,6.57,rice,1.3,No irrigation
32.1,23.08,36.96,34.88,25.0,26.9,0,72.06,49.54,35.31,6.73,chickpea,0.75,No irrigation
50.14,34.69,24.01,11.46,27.98,23.64,0,47.27,19.45,22.44,7.87,wheat,0.9,No irrigation
43.27,34.46,27.01,12.74,22.12,21.72,1,77.41,20.28,35.24,7.68,wheat,0.9,Monitor
39.4,29.11,29.41,27.02,21.59,3.51,1,59.19,52.28,72.93,6.89,groundnut,0.85,No irrigation
53.47,63.14,26.25,32.7,30.69,20.78,0,117.37,55.34,45.27,5.4,banana,1.25,No irrigation
59.13,68.9,21.95,12.42,29.67,23.46,1,43.17,23.43,70.97,6.85,chickpea,0.75,No irrigation
36.56,68.97,33.3,31.55,33.24,14.69,0,26.54,16.77,46.11,7.54,chickpea,0.75,No irrigation
57.24,62.31,22.55,4.12,32.26,24.31,1,75.61,14.26,34.64,6.38,wheat,0.9,No irrigation
37.74,63.46,30.96,38.96,25.76,11.54,1,98.43,36.12,66.18,6.63,maize,1.0,No irrigation
24.52,66.87,34.79,28.48,32.55,5.2,1,52.54,15.86,43.94,5.92,cotton,1.1,No irrigation
18.83,27.61,36.28,30.85,25.68,15.84,0,29.05,59.02,72.67,7.71,groundnut,0.85,No irrigation
59.54,73.0,33.22,18.12,24.37,19.24,1,39.57,50.89,35.58,6.71,groundnut,0.85,No irrigation
31.75,86.03,28.69,39.3,25.16,4.5,0,81.15,40.63,70.1,7.56,rice,1.3,No irrigation
35.31,58.42,21.06,28.13,32.31,12.06,1,106.57,24.11,60.64,6.18,chickpea,0.75,No irrigation
54.15,48.42,28.7,8.45,22.6,5.89,1,104.33,31.62,42.12,5.87,banana,1.25,No irrigation
51.85,29.4,21.43,0.63,30.82,15.63,1,117.5,18.15,23.92,7.42,banana,1.25,No irrigation
40.08,75.22,32.09,17.03,22.7,16.26,1,58.47,23.54,42.61,5.02,cotton,1.1,Monitor
61.57,36.57,30.03,16.43,28.19,12.28,0,76.81,52.29,22.36,6.44,groundnut,0.85,No irrigation
19.4,71.11,30.53,34.37,31.26,9.82,0,72.34,46.6,30.94,6.89,groundnut,0.85,No irrigation
67.82,25.47,32.67,31.92,24.69,3.48,1,73.5,10.65,44.51,7.72,wheat,0.9,No irrigation
55.36,49.47,39.21,31.93,24.34,2.99,1,92.7,43.82,18.99,6.42,maize,1.0,No irrigation
46.51,65.94,25.84,29.5,20.41,15.57,0,70.56,61.09,33.06,5.4,chickpea,0.75,No irrigation
30.14,37.99,34.83,24.15,33.65,22.69,1,56.98,20.52,65.86,5.71,maize,1.0,Monitor
58.97,80.34,26.86,3.38,22.18,28.15,0,103.76,55.17,41.84,6.15,groundnut,0.85,No irrigation
39.21,64.63,24.22,29.37,25.18,19.98,0,25.25,37.84,45.96,6.43,banana,1.25,No irrigation
65.74,36.36,33.67,15.6,23.94,16.85,1,21.19,65.63,44.17,7.04,wheat,0.9,No irrigation
52.56,22.87,38.35,25.5,34.34,14.09,1,53.5,26.03,21.39,6.96,cotton,1.1,No irrigation
40.36,67.27,24.84,26.88,31.56,16.56,0,51.33,10.63,15.55,5.2,cotton,1.1,No irrigation
20.37,27.27,28.92,8.78,24.25,7.41,0,81.94,13.41,53.62,7.68,maize,1.0,Irrigate soon
67.28,64.67,34.16,4.8,32.85,5.64,0,109.6,51.74,31.47,6.4,rice,1.3,No irrigation
50.13,84.59,25.53,17.08,33.55,23.56,1,45.73,56.84,33.02,5.19,cotton,1.1,No irrigation
33.3,24.2,39.11,10.59,26.61,15.77,0,81.03,20.71,46.98,5.43,banana,1.25,Irrigate soon
38.72,62.98,22.12,17.66,23.88,2.98,0,77.13,25.04,43.98,7.69,maize,1.0,Monitor
50.91,20.06,20.76,15.62,22.27,11.24,1,77.46,40.92,76.09,6.47,cotton,1.1,No irrigation
37.22,70.94,36.25,2.8,23.39,12.76,1,32.12,42.12,79.45,6.0,chickpea,0.75,Irrigate soon
37.03,64.26,39.18,3.63,28.02,28.91,0,104.12,55.63,33.85,5.61,wheat,0.9,Irrigate soon
17.16,46.89,23.82,27.84,33.45,19.66,1,68.65,63.11,43.47,5.57,rice,1.3,No irrigation
25.62,70.38,31.86,19.57,20.94,17.14,1,69.97,67.9,67.77,7.9,rice,1.3,Irrigate soon
17.04,23.92,35.76,1.71,21.77,24.6,1,114.01,62.21,49.88,7.22,maize,1.0,Irrigate now
65.86,22.58,22.83,26.15,27.07,27.7,0,44.27,48.93,15.93,6.9,chickpea,0.75,No irrigation
60.14,26.81,32.22,33.41,20.96,24.89,0,69.71,57.95,29.34,7.41,cotton,1.1,No irrigation
33.55,78.51,34.76,16.08,21.81,21.15,0,52.16,67.88,28.86,5.14,maize,1.0,Monitor
33.45,28.45,22.82,16.61,30.44,17.5,1,44.36,44.92,23.67,7.37,groundnut,0.85,Monitor
48.68,74.44,20.31,19.48,20.1,7.02,0,90.67,45.62,33.44,7.08,banana,1.25,Monitor
57.49,68.47,24.12,25.59,27.85,13.54,0,81.05,12.26,26.7,6.5,rice,1.3,No irrigation
49.5,74.78,26.96,0.18,23.53,5.29,0,81.89,61.76,79.14,6.52,cotton,1.1,Monitor
57.37,66.15,25.53,7.75,31.95,21.19,1,69.75,19.59,74.97,5.16,chickpea,0.75,No irrigation
30.68,50.43,26.69,32.21,31.38,3.21,0,112.49,20.55,66.06,6.46,rice,1.3,No irrigation
18.9,36.47,28.9,23.19,26.29,22.92,1,43.01,16.61,29.81,5.71,cotton,1.1,Monitor
62.84,46.29,24.41,18.84,27.27,26.93,0,41.62,46.57,26.57,6.12,cotton,1.1,No irrigation
54.59,64.24,39.51,8.09,21.91,21.38,0,48.06,16.67,45.26,6.25,banana,1.25,No irrigation
33.9,82.05,32.07,31.58,29.57,19.12,0,77.81,43.17,29.93,6.24,wheat,0.9,No irrigation
41.91,89.7,31.83,33.48,24.19,22.44,0,44.78,36.05,29.46,7.78,maize,1.0,No irrigation
65.26,82.88,28.36,1.77,34.87,22.54,0,62.57,33.66,67.63,7.09,rice,1.3,No irrigation
39.88,36.84,31.17,0.5,30.98,28.6,0,55.84,24.34,79.93,5.05,groundnut,0.85,Irrigate soon
31.77,69.23,37.16,29.89,20.37,14.74,0,107.42,34.32,66.34,6.11,cotton,1.1,No irrigation
53.71,20.1,32.55,15.4,30.36,16.87,1,62.59,26.19,76.5,6.63,banana,1.25,No irrigation
26.39,67.93,32.41,13.43,33.98,16.41,1,108.8,16.66,38.76,6.86,chickpea,0.75,Irrigate soon
35.15,65.37,34.1,22.43,31.6,5.88,1,43.86,16.81,46.1,7.82,wheat,0.9,Monitor
62.91,69.2,35.06,30.44,24.81,27.14,1,47.71,13.8,37.44,6.46,wheat,0.9,No irrigation
60.63,52.91,30.64,33.02,33.49,14.66,1,99.99,66.72,67.57,7.82,rice,1.3,No irrigation
25.36,81.88,21.75,15.63,22.68,28.83,0,30.94,26.56,60.31,6.49,banana,1.25,Irrigate soon
26.23,86.65,20.45,16.66,30.24,28.09,1,54.67,36.63,56.9,5.87,rice,1.3,Irrigate soon
16.21,76.14,36.7,20.78,25.04,18.2,1,68.61,49.95,49.46,6.65,cotton,1.1,Monitor
31.72,29.24,35.79,6.87,23.9,15.56,1,96.97,12.84,37.95,6.37,maize,1.0,Irrigate now
49.02,31.26,30.71,7.29,22.63,21.83,0,36.13,17.02,79.6,6.72,cotton,1.1,Monitor
29.32,32.91,31.25,1.39,24.75,11.63,1,64.84,68.53,49.69,5.36,rice,1.3,Irrigate now
37.25,54.96,22.91,18.32,24.8,2.12,1,84.72,27.73,73.24,7.91,banana,1.25,Irrigate soon
68.94,60.16,22.94,22.61,33.6,14.38,0,93.16,64.01,24.06,6.65,chickpea,0.75,No irrigation
16.36,63.23,24.41,14.3,24.9,19.03,0,78.34,23.33,75.82,5.83,rice,1.3,Irrigate soon
19.6,79.46,33.54,38.3,34.64,13.04,1,51.78,46.3,76.32,7.73,chickpea,0.75,No irrigation
36.87,70.12,28.55,15.44,20.18,11.66,1,117.75,62.46,20.69,7.18,cotton,1.1,Monitor
55.78,49.09,28.85,6.55,30.92,27.14,1,33.96,45.23,20.6,5.62,cotton,1.1,No irrigation
69.36,56.77,26.71,37.33,28.86,12.52,0,60.95,64.86,41.94,6.67,groundnut,0.85,No irrigation
46.24,84.04,23.99,33.29,24.34,15.74,1,103.46,28.23,51.35,6.39,rice,1.3,No irrigation
58.52,30.78,26.0,25.62,29.55,5.48,1,61.72,39.51,59.71,5.73,rice,1.3,No irrigation
57.06,54.51,39.41,23.96,25.43,15.45,1,106.83,47.68,45.94,7.08,rice,1.3,No irrigation
35.53,71.31,20.35,10.38,28.72,6.09,1,107.83,18.13,25.62,5.82,cotton,1.1,Irrigate soon
49.99,86.86,20.97,11.67,29.58,4.15,0,96.64,20.99,21.14,7.26,wheat,0.9,Monitor
32.74,42.13,36.9,32.0,24.07,21.54,1,29.58,44.8,68.52,5.04,wheat,0.9,No irrigation
30.48,74.52,28.24,36.84,22.45,8.1,0,103.16,57.71,51.31,7.07,wheat,0.9,No irrigation
61.53,69.88,34.05,32.1,26.26,27.65,0,101.88,65.4,46.17,5.93,chickpea,0.75,No irrigation
22.65,50.94,39.75,20.92,34.55,6.82,1,22.88,58.87,29.45,7.57,maize,1.0,Monitor
52.84,41.52,24.2,39.24,26.37,23.36,0,27.77,56.48,64.23,5.13,rice,1.3,No irrigation
16.8,66.19,31.86,18.76,33.63,3.21,1,86.76,55.27,65.85,7.76,maize,1.0,Monitor
47.32,34.0,33.41,1.17,22.18,22.89,1,114.88,30.87,25.44,6.5,groundnut,0.85,Monitor
48.71,55.34,21.37,32.78,31.45,16.81,0,116.43,20.31,64.01,5.01,groundnut,0.85,No irrigation
20.43,34.98,30.08,28.31,25.5,18.5,1,87.35,16.44,69.26,7.94,cotton,1.1,No irrigation
26.79,35.93,22.26,39.38,21.85,5.09,0,69.58,31.68,33.74,7.17,rice,1.3,No irrigation
33.05,28.1,25.67,24.02,24.68,29.33,1,42.59,34.44,79.02,6.28,banana,1.25,Monitor
18.83,78.87,29.51,27.17,22.69,29.96,1,87.21,33.78,48.97,7.03,rice,1.3,No irrigation
22.89,48.04,31.81,4.07,33.88,29.38,0,56.37,21.95,28.02,7.53,cotton,1.1,Irrigate now
21.75,78.67,34.5,11.14,30.7,18.29,1,95.63,58.06,76.31,6.07,groundnut,0.85,Irrigate soon
48.17,48.31,29.69,11.16,31.52,5.03,1,68.93,23.85,76.26,5.09,groundnut,0.85,Monitor
17.91,24.78,33.56,38.88,25.74,21.02,0,50.28,47.39,64.41,6.98,wheat,0.9,No irrigation
57.22,75.49,24.04,26.48,27.35,9.33,1,100.95,42.43,16.15,7.29,cotton,1.1,No irrigation
63.41,28.34,29.0,34.11,26.64,3.01,0,75.67,61.62,34.7,7.12,cotton,1.1,No irrigation
38.69,41.87,27.78,30.56,28.53,15.74,1,67.59,61.26,47.93,6.17,cotton,1.1,No irrigation
47.51,46.45,33.53,30.66,24.27,3.72,0,32.82,31.98,67.62,6.75,banana,1.25,No irrigation
64.02,43.89,21.95,13.81,25.36,11.84,0,44.76,48.88,53.51,7.73,rice,1.3,No irrigation
62.79,28.01,23.4,21.54,20.56,20.42,1,76.8,64.08,32.33,7.09,wheat,0.9,No irrigation
16.22,42.16,31.41,12.9,21.47,15.67,0,53.6,40.17,64.72,6.02,wheat,0.9,Irrigate soon
31.47,87.86,24.04,25.42,34.61,4.11,0,48.74,12.85,79.75,6.21,maize,1.0,No irrigation
49.35,87.06,34.35,23.13,28.88,9.65,1,62.71,30.84,19.98,7.47,wheat,0.9,Monitor
59.23,50.3,30.8,8.0,26.03,19.5,1,87.16,42.85,72.26,6.88,wheat,0.9,No irrigation
62.45,60.38,24.26,38.48,31.13,15.08,1,113.46,53.6,18.89,5.6,cotton,1.1,No irrigation
23.13,30.53,33.71,12.01,26.53,10.92,0,83.39,60.76,32.35,5.86,maize,1.0,Irrigate soon
29.1,62.09,28.12,4.54,22.88,8.88,1,66.42,43.59,43.35,6.94,rice,1.3,Irrigate soon
26.11,39.09,20.58,31.59,24.17,17.42,0,116.38,39.15,16.29,7.58,rice,1.3,No irrigation
32.26,40.86,21.27,38.2,33.45,20.81,0,59.69,60.39,69.78,5.71,wheat,0.9,No irrigation
55.4,85.31,30.44,33.16,34.25,28.08,1,69.65,15.41,53.99,7.32,chickpea,0.75,No irrigation
33.11,60.9,27.8,29.93,23.54,13.84,0,30.68,22.85,32.85,6.23,banana,1.25,No irrigation
47.42,54.33,27.49,37.95,24.75,13.87,0,116.33,62.77,75.9,6.09,groundnut,0.85,No irrigation
35.23,41.57,32.91,36.21,20.52,22.7,0,89.07,57.33,30.58,6.66,chickpea,0.75,No irrigation
50.14,69.04,38.06,27.41,28.02,8.62,1,58.85,64.59,40.54,7.93,chickpea,0.75,No irrigation
31.55,85.54,35.13,11.9,32.89,6.49,1,83.14,62.77,64.84,6.22,rice,1.3,Irrigate soon
30.07,25.61,35.59,19.67,31.05,27.94,1,91.74,62.61,68.32,7.47,groundnut,0.85,Monitor
29.35,24.65,28.42,29.17,28.22,11.15,0,96.2,48.48,26.94,6.33,groundnut,0.85,No irrigation
22.49,48.05,32.57,12.55,21.23,6.42,0,104.7,51.15,66.52,5.96,cotton,1.1,Irrigate soon
63.04,29.35,23.47,23.72,24.91,9.89,0,61.45,20.91,71.97,7.83,wheat,0.9,No irrigation
27.35,86.37,38.46,25.88,29.4,27.39,1,39.83,52.08,25.97,6.2,cotton,1.1,No irrigation
48.02,30.45,39.16,6.8,28.51,2.4,1,97.34,65.7,68.77,6.48,maize,1.0,Monitor
54.25,33.34,37.24,31.28,24.32,15.84,0,63.13,22.4,29.01,7.47,groundnut,0.85,No irrigation
52.25,49.28,28.17,5.84,24.35,9.33,1,110.73,32.18,59.48,6.37,rice,1.3,No irrigation
40.79,81.0,39.49,15.9,23.18,12.74,1,93.61,25.37,21.19,5.18,chickpea,0.75,Monitor
66.21,52.97,27.09,24.25,30.06,24.46,0,20.54,40.27,39.76,7.93,groundnut,0.85,No irrigation
35.4,87.76,31.19,23.22,23.9,16.1,1,107.79,17.92,35.63,6.59,maize,1.0,Monitor
29.32,41.93,39.57,19.97,34.6,9.87,1,112.62,26.98,72.0,6.84,banana,1.25,Irrigate soon
65.97,56.19,28.72,6.6,31.05,15.76,0,75.57,65.37,56.38,6.32,maize,1.0,No irrigation
23.17,36.09,20.72,10.41,30.59,14.22,1,24.08,31.39,61.09,6.46,cotton,1.1,Irrigate soon
21.19,70.38,22.96,13.98,23.06,9.96,0,94.99,59.35,51.61,6.99,maize,1.0,Irrigate soon
47.1,88.01,30.52,22.83,26.25,4.15,1,87.69,63.24,16.69,7.04,groundnut,0.85,Monitor
21.71,46.15,38.58,4.24,24.85,2.81,1,103.07,49.57,44.51,7.87,wheat,0.9,Irrigate now
51.19,43.06,20.88,24.89,26.8,28.53,0,41.14,12.92,56.84,5.97,rice,1.3,No irrigation
55.91,58.3,32.05,3.7,23.83,8.72,1,28.92,61.14,25.59,7.34,chickpea,0.75,No irrigation
50.59,86.81,23.08,11.94,32.02,22.6,1,110.37,46.21,38.34,5.29,chickpea,0.75,No irrigation
43.2,54.27,37.71,19.06,28.45,13.85,1,101.1,46.83,43.22,6.28,rice,1.3,Irrigate soon
43.23,88.13,33.53,25.9,30.7,28.06,0,49.07,36.24,73.97,6.43,maize,1.0,No irrigation
69.13,67.9,26.01,9.95,26.42,17.92,0,111.73,40.8,48.19,6.24,cotton,1.1,No irrigation
51.35,59.79,25.07,10.19,21.23,16.1,0,94.05,37.77,66.1,7.53,rice,1.3,No irrigation
19.58,81.37,25.95,23.49,26.82,20.77,1,54.13,65.09,67.65,5.63,rice,1.3,Monitor
56.09,62.28,37.43,4.25,28.02,2.16,0,21.33,49.35,44.91,6.22,groundnut,0.85,No irrigation
68.12,62.13,29.73,24.74,34.61,12.1,1,100.46,15.26,23.78,5.57,banana,1.25,No irrigation
15.87,87.94,37.18,8.37,29.73,20.19,1,104.21,61.49,50.01,5.26,banana,1.25,Irrigate now
40.49,53.18,20.44,6.64,22.29,21.67,1,67.15,61.59,53.04,5.6,wheat,0.9,Monitor
60.62,47.42,26.68,4.11,32.71,14.09,1,104.86,54.22,53.73,6.66,chickpea,0.75,No irrigation
17.04,47.98,30.27,28.98,34.03,27.34,1,43.19,13.64,16.24,6.73,wheat,0.9,No irrigation
18.49,82.5,28.34,18.93,27.42,28.29,1,64.83,36.17,25.49,7.18,cotton,1.1,Monitor
33.91,36.25,24.39,36.36,25.09,18.86,1,33.12,27.6,61.24,7.88,banana,1.25,No irrigation
66.77,65.68,27.21,18.89,34.56,6.54,0,48.25,54.96,58.36,5.39,maize,1.0,No irrigation
23.6,54.45,35.87,37.72,27.41,8.57,0,119.93,31.53,31.95,7.03,maize,1.0,No irrigation
60.54,82.61,20.64,2.55,26.46,19.29,0,76.2,39.18,79.59,7.35,banana,1.25,No irrigation
17.57,81.44,25.35,6.05,30.35,16.43,0,90.64,65.6,43.46,6.37,banana,1.25,Irrigate soon
56.57,88.23,35.63,24.39,32.88,4.85,0,70.73,20.02,22.67,5.62,chickpea,0.75,No irrigation
23.64,40.45,28.83,20.24,30.99,4.78,1,53.46,18.27,70.16,6.32,cotton,1.1,Monitor
57.31,20.46,36.7,18.95,24.3,6.8,1,57.24,55.29,38.44,6.99,maize,1.0,No irrigation
56.43,57.08,35.74,5.52,26.43,27.7,1,115.18,40.97,59.34,7.83,cotton,1.1,No irrigation
23.01,20.7,36.12,37.75,21.27,10.81,0,63.41,33.6,17.41,7.77,maize,1.0,No irrigation
64.64,24.05,32.63,28.53,29.91,16.55,1,61.93,63.15,60.55,7.62,groundnut,0.85,No irrigation
55.85,83.65,20.16,11.19,27.92,27.77,1,64.62,22.31,50.39,7.37,groundnut,0.85,No irrigation
39.32,44.17,36.24,25.95,31.63,26.67,0,23.7,30.07,62.13,7.22,maize,1.0,No irrigation
43.63,57.86,24.27,20.47,24.68,11.54,0,22.34,63.42,50.1,5.78,banana,1.25,Monitor
57.58,70.86,39.74,4.42,20.9,12.44,1,32.38,55.39,76.19,6.35,wheat,0.9,No irrigation
55.53,51.72,39.66,32.22,34.84,17.84,0,55.03,27.07,66.01,7.14,groundnut,0.85,No irrigation
22.7,46.44,34.75,4.21,27.75,7.39,1,65.43,18.79,42.67,6.24,rice,1.3,Irrigate now
18.42,82.2,29.53,17.85,25.54,16.74,1,107.2,45.06,56.37,7.99,groundnut,0.85,Monitor
66.21,54.27,39.47,32.95,22.17,5.56,1,32.94,52.27,71.11,5.35,maize,1.0,No irrigation
40.05,22.28,23.14,22.36,33.83,5.33,1,31.03,32.18,33.82,6.57,rice,1.3,Monitor
35.43,89.37,26.07,19.44,31.87,5.98,1,24.87,63.66,72.79,5.65,banana,1.25,Irrigate soon
55.68,20.15,30.95,2.7,20.67,15.47,1,76.58,64.02,65.79,6.43,groundnut,0.85,No irrigation
60.85,29.3,22.77,25.46,31.43,20.68,0,106.63,29.51,66.99,6.99,cotton,1.1,No irrigation
36.3,83.02,26.78,1.83,30.06,14.41,1,84.59,61.96,60.97,6.72,banana,1.25,Irrigate soon
57.44,41.62,32.9,25.76,21.28,28.74,0,115.73,41.31,63.79,6.51,rice,1.3,No irrigation
21.62,85.53,23.59,0.76,31.8,8.87,1,28.46,42.01,35.83,6.77,cotton,1.1,Irrigate soon
62.41,21.63,28.74,16.6,32.89,10.89,1,29.1,68.79,50.22,5.86,maize,1.0,No irrigation
29.06,26.27,26.14,16.29,22.54,19.21,1,38.15,52.8,34.37,5.3,maize,1.0,Monitor
37.71,42.7,27.51,33.11,21.81,7.67,0,69.3,55.14,40.03,5.35,rice,1.3,No irrigation
32.51,58.72,21.31,1.16,29.5,27.58,0,46.92,67.81,58.88,5.74,wheat,0.9,Irrigate soon
50.84,28.79,31.36,17.84,32.69,16.01,0,57.33,69.12,65.83,6.61,cotton,1.1,No irrigation
67.87,58.86,20.84,32.51,34.42,19.38,0,20.05,66.01,46.34,6.79,banana,1.25,No irrigation
52.4,89.95,36.85,8.51,32.61,9.88,0,93.92,43.78,34.54,6.19,rice,1.3,No irrigation
60.68,70.76,39.98,35.13,23.16,16.13,1,108.39,66.72,56.29,7.94,groundnut,0.85,No irrigation
39.9,37.21,39.66,13.67,26.9,18.79,0,111.4,18.02,74.95,6.83,rice,1.3,Irrigate soon
64.58,67.09,28.26,35.81,30.55,23.35,0,98.73,48.95,20.04,5.09,banana,1.25,No irrigation
59.88,51.16,22.47,38.88,25.65,18.84,1,37.72,56.08,60.31,5.03,cotton,1.1,No irrigation
35.38,33.51,20.19,29.73,31.38,21.06,1,39.15,58.98,55.64,7.43,maize,1.0,No irrigation
27.88,54.57,27.26,11.23,33.57,21.8,0,20.71,69.06,56.5,5.33,chickpea,0.75,Irrigate soon
46.3,54.58,31.04,26.39,28.49,21.11,0,26.54,17.69,19.23,5.78,wheat,0.9,No irrigation
62.05,81.67,34.58,10.97,32.72,2.65,1,88.07,62.99,15.13,6.28,groundnut,0.85,No irrigation
66.87,23.63,38.78,17.3,34.93,9.67,1,69.56,41.04,17.83,7.16,rice,1.3,No irrigation
30.29,49.4,28.98,0.21,22.92,4.29,0,119.03,23.54,59.82,7.87,maize,1.0,Irrigate soon
25.83,43.05,21.26,25.01,20.42,14.09,0,79.25,47.58,36.73,5.75,rice,1.3,No irrigation
41.05,87.12,36.65,32.87,27.8,8.63,0,97.57,47.17,64.67,6.88,wheat,0.9,No irrigation
21.87,88.22,38.33,15.1,33.35,21.41,0,26.2,58.14,18.56,6.83,cotton,1.1,Monitor
18.62,67.43,31.19,11.8,25.72,4.68,1,43.31,45.97,57.88,5.03,cotton,1.1,Irrigate soon
40.53,49.97,32.4,4.05,29.76,20.92,0,65.41,29.69,27.51,5.31,wheat,0.9,Monitor
54.23,61.5,36.82,36.17,21.89,16.25,1,62.1,53.48,43.9,5.73,banana,1.25,No irrigation
17.42,28.94,31.69,20.53,29.78,12.02,0,34.74,28.52,37.29,6.11,rice,1.3,Monitor
43.47,66.04,22.89,9.5,32.29,17.66,0,62.21,21.72,28.02,7.73,banana,1.25,Irrigate soon
18.76,33.25,29.51,27.67,27.01,21.39,1,81.61,35.12,25.55,6.36,banana,1.25,No irrigation
65.08,54.72,38.4,25.55,30.4,15.06,0,43.9,54.08,76.92,5.99,groundnut,0.85,No irrigation
35.68,48.02,36.52,0.27,20.15,12.02,0,34.24,36.42,56.04,7.74,chickpea,0.75,Irrigate soon
17.41,22.08,23.96,6.97,33.28,22.13,1,104.75,24.76,27.74,5.53,chickpea,0.75,Irrigate soon
65.09,21.47,33.55,15.16,31.81,5.11,0,50.51,24.41,67.62,6.98,wheat,0.9,No irrigation
68.74,89.84,37.63,35.14,20.98,6.04,0,99.49,21.5,39.58,6.12,wheat,0.9,No irrigation
38.62,64.53,38.42,30.52,28.81,25.92,1,98.96,29.66,18.46,7.39,banana,1.25,No irrigation
21.96,55.58,31.68,19.56,30.91,23.97,0,36.74,33.29,72.36,7.25,chickpea,0.75,Monitor
42.42,52.5,26.44,14.96,30.42,22.04,1,67.38,44.87,56.48,7.37,groundnut,0.85,Monitor
17.01,35.37,24.06,34.53,25.94,10.57,1,77.14,66.13,39.32,6.65,maize,1.0,No irrigation
56.34,40.65,30.38,9.21,20.62,16.34,1,62.61,38.05,41.58,7.41,chickpea,0.75,No irrigation
30.02,21.73,28.83,10.62,21.14,27.24,1,104.26,40.77,56.84,7.36,maize,1.0,Irrigate soon
20.41,24.99,20.77,8.01,22.95,11.22,1,94.52,56.11,69.95,5.57,wheat,0.9,Irrigate soon
69.89,89.89,35.05,29.59,33.69,2.24,1,48.18,30.8,79.79,7.84,banana,1.25,No irrigation
46.9,65.87,29.44,20.51,31.42,6.18,1,42.76,53.4,28.64,5.7,wheat,0.9,Monitor
58.23,73.03,34.45,18.46,31.88,10.77,0,62.88,66.52,42.15,6.32,banana,1.25,No irrigation
45.71,46.23,31.55,5.13,34.15,2.27,1,53.98,35.15,59.57,6.21,banana,1.25,Monitor
52.98,40.97,31.74,22.7,20.48,5.9,1,76.82,57.95,74.39,6.72,cotton,1.1,No irrigation
68.91,34.29,27.81,21.38,22.83,5.04,1,83.9,28.28,26.14,7.02,maize,1.0,No irrigation
16.76,68.23,29.77,7.47,21.04,28.96,1,40.59,27.47,49.09,6.36,chickpea,0.75,Irrigate soon
43.52,32.03,37.19,16.43,22.36,5.1,1,67.83,14.13,77.08,7.6,maize,1.0,Monitor
62.87,41.68,36.36,26.59,22.38,18.1,1,78.75,40.15,59.51,5.83,rice,1.3,No irrigation
69.51,51.2,36.49,24.19,23.7,11.21,1,66.02,44.57,62.92,5.86,cotton,1.1,No irrigation
34.07,78.98,35.85,15.64,32.35,25.8,1,44.91,64.0,62.66,6.37,groundnut,0.85,Monitor
25.09,59.8,27.87,37.83,23.6,26.38,1,108.26,42.26,58.33,5.2,groundnut,0.85,No irrigation
54.73,35.21,29.87,39.7,28.29,29.87,0,95.54,40.26,65.67,6.23,maize,1.0,No irrigation
28.9,55.42,29.24,2.93,30.42,22.99,1,54.37,33.96,27.64,5.11,chickpea,0.75,Irrigate soon
21.31,84.2,26.54,29.95,27.27,3.91,0,91.36,36.26,45.6,5.84,maize,1.0,No irrigation
24.38,21.26,22.01,11.77,28.02,12.94,0,87.14,10.67,32.76,6.32,maize,1.0,Irrigate soon
26.92,22.41,33.5,8.65,30.45,25.42,0,59.06,28.5,18.41,5.01,banana,1.25,Irrigate now
35.76,34.12,24.99,36.35,23.0,2.45,0,118.93,30.23,27.49,7.01,maize,1.0,No irrigation
67.73,26.76,36.71,26.56,30.86,3.23,0,101.56,29.36,55.74,6.87,wheat,0.9,No irrigation
36.73,49.95,24.65,4.24,24.85,2.42,1,21.2,22.77,29.31,6.97,chickpea,0.75,Irrigate soon
50.75,45.83,21.35,8.74,24.52,18.77,0,91.25,57.48,74.94,6.71,chickpea,0.75,No irrigation
67.75,61.99,39.63,27.85,30.17,29.23,0,53.2,48.12,72.46,5.95,banana,1.25,No irrigation
51.65,24.73,20.35,36.48,26.73,16.31,0,70.34,52.28,15.86,5.06,banana,1.25,No irrigation
64.32,41.62,34.76,30.29,29.3,3.68,1,69.87,22.12,39.42,6.93,maize,1.0,No irrigation
65.79,61.87,38.92,29.57,24.93,9.79,0,72.09,68.65,57.12,5.87,rice,1.3,No irrigation
27.6,71.3,26.85,8.23,20.81,27.69,0,100.15,51.78,29.46,7.62,wheat,0.9,Irrigate soon
32.69,50.97,20.12,34.79,21.05,7.39,0,113.83,17.53,26.29,6.65,banana,1.25,No irrigation
66.25,36.54,21.56,29.0,24.67,22.21,0,62.4,46.35,34.7,6.73,groundnut,0.85,No irrigation
26.08,80.37,29.62,38.04,25.39,12.58,1,64.14,40.32,62.77,7.28,banana,1.25,No irrigation
67.46,53.74,35.24,17.1,21.25,27.38,1,79.52,19.17,62.23,5.77,cotton,1.1,No irrigation
31.82,39.83,31.24,19.23,25.0,22.02,0,35.47,21.38,15.83,6.5,groundnut,0.85,Monitor
35.58,48.32,28.32,15.79,31.13,12.75,1,84.1,45.3,41.57,5.12,rice,1.3,Irrigate soon
36.17,59.59,23.88,17.45,23.83,27.57,1,70.96,39.32,59.75,7.09,groundnut,0.85,Monitor
36.19,49.68,24.94,19.11,33.82,12.12,0,89.75,48.72,31.99,6.37,groundnut,0.85,Monitor
23.11,37.32,31.57,26.5,22.42,5.27,0,84.44,65.01,40.85,6.76,rice,1.3,No irrigation
43.52,33.22,28.46,33.19,23.79,10.46,1,78.61,54.04,63.91,7.77,banana,1.25,No irrigation
19.89,64.53,35.53,13.78,22.14,22.96,1,89.9,10.39,25.95,6.48,rice,1.3,Irrigate soon
18.84,68.74,30.5,26.18,31.0,6.78,1,38.64,18.06,46.62,6.51,rice,1.3,No irrigation
39.79,77.01,23.71,2.36,22.74,23.26,1,118.29,62.3,43.65,7.74,rice,1.3,Irrigate soon
62.76,31.63,25.86,15.11,24.15,11.58,0,67.79,50.37,21.55,5.18,banana,1.25,No irrigation
67.54,66.57,35.78,1.67,23.17,24.17,1,80.3,69.21,64.49,7.8,cotton,1.1,No irrigation
56.63,62.31,26.73,27.27,25.15,10.83,0,114.1,49.9,39.6,5.17,chickpea,0.75,No irrigation
63.02,76.44,20.06,34.82,26.03,25.39,0,22.57,17.37,49.49,7.85,banana,1.25,No irrigation
59.83,45.79,32.37,26.36,27.13,13.57,0,20.31,48.28,76.23,5.97,groundnut,0.85,No irrigation
34.81,23.2,36.15,13.02,26.66,18.99,1,93.92,57.64,37.64,7.82,cotton,1.1,Irrigate soon
69.28,80.0,38.1,29.37,24.41,7.46,0,106.99,62.57,66.02,7.15,rice,1.3,No irrigation
22.03,75.78,26.03,26.92,28.23,26.49,0,109.64,67.3,46.34,6.62,maize,1.0,No irrigation
26.64,72.73,33.19,3.58,26.52,22.04,0,112.9,29.59,39.93,5.84,groundnut,0.85,Irrigate now
29.17,53.34,37.95,4.92,22.04,16.97,1,29.04,51.51,71.68,7.8,banana,1.25,Irrigate now
65.81,24.53,26.86,36.41,31.14,22.3,1,100.84,23.41,22.52,5.26,rice,1.3,No irrigation
33.71,61.45,23.76,37.68,28.59,5.57,1,115.41,44.62,15.11,5.19,wheat,0.9,No irrigation
25.44,47.17,28.47,30.85,31.96,28.15,0,71.98,46.1,29.44,6.19,wheat,0.9,No irrigation
61.88,42.11,36.32,11.87,23.28,21.04,0,80.15,18.75,58.25,7.4,groundnut,0.85,No irrigation
16.89,42.41,30.05,27.54,24.1,25.73,1,83.11,22.94,33.95,7.9,rice,1.3,No irrigation
68.96,43.32,36.56,8.42,30.99,24.69,0,112.32,56.56,70.69,7.18,chickpea,0.75,No irrigation
69.14,66.15,36.97,39.64,28.22,11.45,1,119.03,55.46,40.42,6.58,chickpea,0.75,No irrigation
30.53,84.61,34.02,21.92,21.46,11.06,0,104.98,52.58,44.74,5.49,maize,1.0,Monitor
39.3,53.77,37.94,8.39,32.07,7.48,0,56.22,61.37,21.63,7.36,banana,1.25,Irrigate soon
23.12,86.53,28.54,33.67,33.89,4.69,1,37.96,13.15,78.72,6.95,wheat,0.9,No irrigation
38.86,30.4,34.45,9.8,21.78,13.11,1,88.8,67.27,57.43,6.13,groundnut,0.85,Irrigate soon
69.51,66.95,21.79,18.55,32.27,12.7,1,56.73,17.2,20.37,6.47,groundnut,0.85,No irrigation
64.97,35.75,31.74,39.49,27.19,21.42,0,99.43,20.87,46.47,6.93,cotton,1.1,No irrigation
31.41,28.77,26.5,28.55,32.93,17.05,1,101.29,11.18,51.14,6.61,banana,1.25,No irrigation
44.15,24.48,36.74,21.56,32.28,20.25,0,116.57,63.86,26.74,6.8,maize,1.0,Monitor
15.29,51.31,26.29,1.57,28.63,20.27,0,76.25,61.09,17.28,7.94,wheat,0.9,Irrigate now
31.42,87.64,23.43,39.08,29.87,8.95,0,114.62,41.17,65.88,6.98,cotton,1.1,No irrigation
22.69,54.33,26.26,36.43,34.95,18.97,0,88.79,49.76,17.91,5.11,maize,1.0,No irrigation
31.48,78.28,39.15,24.09,23.24,12.05,0,92.91,35.32,50.74,5.78,groundnut,0.85,Monitor
64.7,48.0,21.67,10.17,26.38,21.45,0,27.06,53.96,79.7,7.09,maize,1.0,No irrigation
54.29,59.45,32.96,20.46,22.46,25.0,1,119.24,36.02,16.68,6.81,rice,1.3,No irrigation
29.86,57.2,33.68,16.27,24.94,4.49,1,97.81,18.78,66.88,5.82,rice,1.3,Irrigate soon
35.74,87.81,27.57,4.2,33.88,6.92,1,78.88,58.41,21.21,6.05,wheat,0.9,Irrigate soon
62.6,58.61,32.15,35.86,22.56,28.5,1,38.07,58.37,59.06,7.37,wheat,0.9,No irrigation
47.7,79.47,29.54,5.1,20.14,16.38,0,85.76,18.56,51.89,5.8,groundnut,0.85,Monitor
50.16,45.91,35.55,27.13,26.27,14.82,1,118.62,57.91,47.64,5.83,cotton,1.1,No irrigation
43.63,70.29,38.48,9.15,29.53,4.43,1,60.65,28.76,20.86,5.24,groundnut,0.85,Monitor
28.2,26.55,31.51,3.38,24.29,28.03,0,116.22,35.44,48.06,7.19,cotton,1.1,Irrigate now
42.38,67.96,33.54,21.3,21.87,2.39,0,111.09,54.76,61.42,7.11,groundnut,0.85,Monitor
33.98,89.6,33.22,36.82,34.99,28.46,0,80.74,67.88,58.84,7.65,wheat,0.9,No irrigation
64.71,32.24,27.34,5.33,25.3,3.43,1,57.91,32.4,22.36,7.74,maize,1.0,No irrigation
60.74,79.55,37.16,11.6,27.25,9.41,0,93.8,44.13,29.14,5.91,groundnut,0.85,No irrigation
43.35,82.54,38.71,35.7,32.73,3.61,0,81.55,29.71,38.0,5.02,groundnut,0.85,No irrigation
25.24,44.82,22.03,19.68,21.27,16.4,0,61.07,64.79,15.45,7.31,chickpea,0.75,Monitor
27.44,47.68,25.99,17.13,22.73,24.72,0,118.94,49.38,43.56,5.42,groundnut,0.85,Monitor
38.87,45.15,37.41,7.94,22.84,3.13,1,62.11,29.87,17.05,7.0,cotton,1.1,Irrigate soon
67.78,88.81,22.38,19.56,27.43,21.09,0,52.49,55.86,72.31,6.51,groundnut,0.85,No irrigation
61.37,47.22,22.19,4.32,20.32,6.36,0,96.74,24.19,59.09,6.03,wheat,0.9,No irrigation
55.56,50.4,25.79,19.44,31.41,8.94,0,92.92,21.21,33.27,5.35,chickpea,0.75,No irrigation
69.68,37.31,36.41,7.94,30.6,24.68,0,38.87,61.29,55.88,5.45,rice,1.3,No irrigation
22.28,22.69,39.81,37.16,26.39,19.26,0,106.44,32.82,49.12,7.1,maize,1.0,No irrigation
27.2,49.83,21.23,17.08,20.77,5.08,1,48.06,31.06,42.17,5.96,rice,1.3,Irrigate soon
25.0,20.04,33.21,12.87,24.28,9.84,0,63.09,25.14,46.93,6.0,rice,1.3,Irrigate soon
20.33,20.96,31.04,34.48,24.97,22.76,1,94.29,45.33,54.31,5.71,chickpea,0.75,No irrigation
26.55,46.88,37.74,5.22,31.14,5.37,0,39.29,36.75,21.41,7.83,wheat,0.9,Irrigate now
33.86,70.77,39.79,8.08,30.81,3.23,0,61.82,52.7,72.95,7.28,banana,1.25,Irrigate now
64.87,88.26,37.9,17.94,30.76,27.5,0,68.28,41.43,76.91,7.37,maize,1.0,No irrigation
47.95,68.77,22.58,1.82,28.49,24.24,0,94.07,33.85,59.51,7.61,rice,1.3,Monitor
24.1,72.55,27.68,31.17,26.01,9.6,0,20.36,44.31,53.49,5.03,banana,1.25,No irrigation
43.2,55.27,34.41,10.35,32.79,10.3,1,75.22,20.27,17.96,5.71,rice,1.3,Irrigate soon
50.18,85.94,25.56,5.32,33.1,3.44,0,118.95,22.6,22.55,6.95,groundnut,0.85,No irrigation
48.28,45.84,21.66,28.22,28.24,22.22,1,109.83,27.69,79.04,6.88,rice,1.3,No irrigation
60.32,35.35,39.3,7.07,34.57,17.05,0,92.26,51.29,76.47,5.77,groundnut,0.85,No irrigation
49.89,58.56,36.34,8.83,24.03,18.29,1,35.56,23.9,62.21,6.11,cotton,1.1,Monitor
20.15,32.71,23.7,34.49,22.83,15.73,0,84.76,11.26,25.59,5.53,cotton,1.1,No irrigation
52.81,33.15,22.87,17.06,26.83,20.06,1,30.02,41.61,62.24,7.42,wheat,0.9,No irrigation
20.49,46.88,22.2,0.54,32.46,28.17,0,44.83,15.02,24.27,6.88,rice,1.3,Irrigate now
58.58,20.66,35.83,21.69,32.27,25.88,0,40.23,38.83,51.59,6.33,maize,1.0,No irrigation
31.91,53.52,24.88,21.74,24.01,17.22,0,102.49,16.17,34.29,6.53,banana,1.25,Monitor
37.84,20.08,24.49,9.07,25.78,11.89,1,42.59,62.74,40.01,7.65,banana,1.25,Irrigate soon
64.59,54.43,39.82,8.98,34.35,9.89,0,81.57,17.1,75.02,7.76,rice,1.3,No irrigation
48.25,32.46,30.61,23.98,30.19,6.21,1,82.48,27.22,71.9,5.81,cotton,1.1,Monitor
51.4,85.3,36.21,28.45,21.15,2.06,0,97.78,18.8,24.61,6.34,banana,1.25,No irrigation
58.21,53.49,21.35,23.11,34.39,9.8,0,52.31,17.65,64.89,6.06,cotton,1.1,No irrigation
38.31,68.54,28.28,31.74,25.0,24.46,0,58.32,42.96,50.02,6.48,wheat,0.9,No irrigation
60.18,46.92,31.62,16.87,28.67,21.42,0,90.31,24.11,15.19,7.98,rice,1.3,No irrigation
34.93,53.17,22.67,4.41,33.67,12.1,0,49.47,18.65,70.47,7.92,cotton,1.1,Irrigate soon
28.34,77.95,21.12,5.51,34.43,21.71,1,93.31,51.77,42.61,5.16,rice,1.3,Irrigate soon
51.45,25.16,36.75,34.82,20.45,12.23,0,44.5,10.75,69.02,6.25,banana,1.25,No irrigation
25.03,72.05,34.96,27.94,24.49,13.52,1,64.4,48.69,15.86,5.33,rice,1.3,No irrigation
63.46,22.25,35.02,20.13,20.16,25.32,1,75.42,59.77,74.74,6.51,groundnut,0.85,No irrigation
27.5,85.2,25.44,3.68,25.66,28.63,0,60.04,13.36,40.5,7.47,wheat,0.9,Irrigate soon
48.28,25.4,33.85,19.1,29.79,13.34,1,36.48,58.2,57.03,5.58,rice,1.3,Monitor
20.74,45.39,35.58,13.42,23.59,6.56,0,26.53,45.83,64.17,5.93,wheat,0.9,Irrigate soon
26.09,85.04,24.81,3.4,28.55,3.26,1,24.57,28.87,76.33,5.03,chickpea,0.75,Irrigate soon
56.34,87.11,30.0,12.58,25.86,11.96,0,90.27,15.84,41.47,7.22,rice,1.3,No irrigation
42.62,74.25,20.47,31.84,27.15,26.33,0,49.01,19.09,45.1,7.66,rice,1.3,No irrigation
67.41,36.21,24.31,27.26,22.11,22.12,1,64.75,17.87,33.9,6.87,cotton,1.1,No irrigation
17.2,69.89,33.66,9.56,34.96,18.99,0,76.69,69.66,21.33,5.04,banana,1.25,Irrigate now
62.88,58.3,39.38,31.26,21.31,4.64,1,36.97,27.74,19.43,6.73,chickpea,0.75,No irrigation
19.91,32.54,35.44,10.32,27.1,9.17,1,85.03,18.43,23.06,6.71,rice,1.3,Irrigate soon
34.99,40.06,28.18,24.79,30.21,14.34,1,57.37,50.93,47.89,5.79,groundnut,0.85,Monitor
17.35,88.42,21.14,31.62,30.5,17.7,0,105.31,27.44,25.28,6.2,rice,1.3,No irrigation
27.27,81.19,33.38,13.96,27.03,16.98,1,30.91,20.82,22.04,7.88,cotton,1.1,Irrigate soon
57.25,33.96,26.57,12.69,34.95,15.62,1,31.43,37.27,50.43,7.85,maize,1.0,No irrigation
50.21,42.41,20.63,24.04,25.7,28.22,1,98.96,68.71,28.87,5.63,rice,1.3,No irrigation
67.4,67.86,25.4,25.43,21.25,3.94,1,28.17,62.43,44.34,6.26,maize,1.0,No irrigation
51.83,38.16,36.61,3.7,33.52,11.58,1,36.45,30.96,42.24,6.43,groundnut,0.85,No irrigation
58.11,87.59,28.74,36.5,28.55,25.04,0,27.78,50.08,55.07,5.97,banana,1.25,No irrigation
66.64,72.0,34.73,12.66,22.26,14.84,0,69.94,28.98,66.48,7.02,chickpea,0.75,No irrigation
43.64,20.26,29.01,33.3,21.89,14.58,0,23.65,54.74,27.2,7.09,banana,1.25,No irrigation
24.14,46.43,26.96,38.1,34.58,18.15,0,57.03,31.83,34.63,5.92,banana,1.25,No irrigation
62.73,68.95,32.98,18.24,26.16,11.86,1,72.32,55.9,22.37,5.53,cotton,1.1,No irrigation
35.52,58.69,23.25,17.44,24.28,20.47,1,83.41,52.13,75.96,7.72,rice,1.3,Irrigate soon
69.74,76.42,22.08,25.98,29.24,13.52,1,94.99,47.43,50.41,6.9,wheat,0.9,No irrigation
46.97,22.28,25.8,16.83,23.34,14.73,1,31.45,61.38,76.79,6.05,banana,1.25,Monitor
65.27,48.91,36.41,28.15,31.12,2.21,1,98.22,40.45,32.39,6.98,chickpea,0.75,No irrigation
61.12,75.66,28.29,9.66,33.5,13.61,0,22.62,57.43,69.65,6.56,groundnut,0.85,No irrigation
48.0,43.46,39.18,39.71,23.63,29.26,0,81.63,33.6,18.35,7.8,cotton,1.1,No irrigation
22.09,64.54,39.55,6.95,33.56,16.48,1,43.1,52.6,23.21,5.36,wheat,0.9,Irrigate now
58.14,79.01,32.55,10.41,28.29,28.56,0,29.33,11.54,15.75,7.31,maize,1.0,No irrigation
16.53,69.53,38.41,3.15,25.74,22.79,0,118.34,48.07,65.54,5.56,groundnut,0.85,Irrigate now
64.39,40.78,30.71,9.81,31.7,24.01,1,85.93,26.5,75.77,6.88,groundnut,0.85,No irrigation
69.16,80.69,22.22,37.09,21.84,5.97,1,109.46,15.57,47.13,6.08,banana,1.25,No irrigation
26.44,27.05,35.91,16.55,27.3,19.52,0,88.73,32.52,35.38,7.72,banana,1.25,Irrigate soon
23.86,40.91,38.07,26.39,29.47,25.93,0,117.59,69.62,46.45,6.84,wheat,0.9,No irrigation
15.28,56.52,25.09,4.86,29.09,17.01,0,41.63,31.89,73.41,5.09,maize,1.0,Irrigate now
27.09,70.94,38.8,10.7,27.22,28.69,1,90.81,49.12,45.36,7.43,cotton,1.1,Irrigate soon
43.2,48.0,23.86,6.92,30.31,26.84,1,116.19,16.17,66.55,6.76,maize,1.0,Monitor
58.68,86.76,29.76,35.31,26.36,22.92,1,82.29,46.44,42.91,6.7,chickpea,0.75,No irrigation
64.38,77.35,28.99,35.58,34.37,9.09,1,49.35,59.6,56.93,7.9,chickpea,0.75,No irrigation
36.91,28.03,36.18,17.18,22.79,8.87,0,85.7,32.32,65.67,5.37,chickpea,0.75,Monitor
52.86,70.18,24.28,22.7,24.82,8.51,0,58.56,46.11,49.27,5.31,chickpea,0.75,No irrigation
54.39,86.24,36.15,26.85,28.61,20.1,1,51.78,29.21,27.81,7.41,cotton,1.1,No irrigation
17.57,39.21,22.39,18.11,29.02,18.55,0,77.64,27.1,56.84,7.57,rice,1.3,Irrigate soon
65.14,39.91,36.83,16.11,33.44,27.7,0,53.74,10.98,45.54,7.49,cotton,1.1,No irrigation
54.78,39.23,35.07,16.01,28.35,10.77,0,59.33,51.79,44.55,7.55,rice,1.3,No irrigation
61.37,85.64,22.05,8.96,32.38,5.88,1,106.14,53.46,29.71,5.26,groundnut,0.85,No irrigation
64.63,45.82,38.06,39.58,34.01,26.3,1,108.33,12.58,18.12,5.91,chickpea,0.75,No irrigation
33.11,62.89,36.25,10.8,22.56,5.86,1,31.99,29.16,24.62,6.75,banana,1.25,Irrigate soon
68.12,48.93,28.94,4.89,27.91,18.18,1,117.63,29.31,62.51,5.68,chickpea,0.75,No irrigation
57.14,69.8,27.06,33.42,23.64,20.12,0,89.5,14.51,47.15,5.64,groundnut,0.85,No irrigation
26.89,77.3,23.76,4.18,23.13,18.53,1,96.05,28.71,44.51,5.46,wheat,0.9,Irrigate soon
20.81,29.1,38.33,15.42,26.79,19.37,0,98.0,21.28,33.06,5.49,chickpea,0.75,Monitor
67.33,60.41,22.04,18.44,21.61,5.09,0,109.41,21.22,16.86,6.99,cotton,1.1,No irrigation
34.36,28.28,31.01,14.18,23.18,13.11,1,70.79,13.19,32.72,5.29,groundnut,0.85,Irrigate soon
36.04,84.96,23.88,7.58,22.65,9.73,1,71.86,16.55,18.24,5.75,rice,1.3,Irrigate soon
27.08,23.72,20.71,10.65,20.99,4.83,0,108.26,51.97,41.3,6.18,maize,1.0,Irrigate soon
55.37,81.57,25.37,8.23,31.79,11.73,1,90.59,27.28,15.2,5.56,groundnut,0.85,No irrigation
49.22,71.74,37.05,27.52,22.55,21.08,0,38.73,63.99,24.22,5.04,cotton,1.1,No irrigation
38.54,21.46,39.49,35.25,22.56,23.29,0,79.4,68.17,52.91,6.46,maize,1.0,No irrigation
40.99,23.16,20.35,27.2,24.36,8.39,0,95.5,56.52,21.5,7.41,chickpea,0.75,No irrigation
39.89,71.44,39.8,10.29,27.3,12.2,0,102.77,28.07,36.69,6.55,groundnut,0.85,Irrigate soon
62.13,83.15,31.91,4.51,30.29,22.39,0,34.79,34.62,29.32,7.98,chickpea,0.75,No irrigation
42.38,37.11,34.82,38.93,25.39,22.84,0,112.06,32.67,22.02,5.82,groundnut,0.85,No irrigation
52.33,82.95,28.99,38.33,27.9,9.43,1,108.8,33.46,42.12,7.98,chickpea,0.75,No irrigation
25.48,60.57,34.04,33.37,21.84,24.27,1,48.84,68.17,47.43,7.06,cotton,1.1,No irrigation
52.45,56.62,25.8,22.33,22.44,15.63,0,99.98,10.94,17.66,5.85,wheat,0.9,No irrigation
21.79,54.19,20.1,14.09,32.51,3.4,0,55.02,27.0,70.84,7.0,banana,1.25,Irrigate soon
45.84,86.76,34.26,5.71,31.0,14.1,0,49.08,11.93,75.64,5.75,groundnut,0.85,Monitor
50.04,49.58,39.34,3.93,23.92,10.46,1,37.33,36.15,71.94,7.41,maize,1.0,No irrigation
52.58,33.97,22.71,22.17,24.52,4.4,1,74.58,32.56,71.93,6.31,maize,1.0,No irrigation
43.96,68.59,30.08,27.41,25.36,11.92,1,62.05,34.62,16.8,6.68,banana,1.25,No irrigation
38.15,72.91,32.3,12.1,23.64,16.34,0,82.09,63.99,72.06,5.16,banana,1.25,Irrigate soon
36.6,48.21,20.12,32.3,33.12,14.89,0,28.47,26.21,79.1,5.32,wheat,0.9,No irrigation
20.36,40.34,29.63,13.25,20.91,22.73,0,90.16,40.98,51.53,7.9,maize,1.0,Irrigate soon
27.29,67.3,37.05,12.04,24.66,29.7,0,100.56,47.42,28.05,5.2,maize,1.0,Irrigate soon
48.21,28.47,21.94,8.17,27.11,25.32,1,59.07,65.56,34.5,6.45,maize,1.0,Monitor
60.11,78.92,30.93,32.87,30.22,26.06,0,63.24,48.17,27.01,7.46,groundnut,0.85,No irrigation
28.24,55.81,33.99,8.01,27.21,10.1,0,115.91,39.58,58.4,6.17,groundnut,0.85,Irrigate now
58.99,52.48,36.27,5.93,24.25,5.36,1,21.1,28.17,56.93,7.68,wheat,0.9,No irrigation
39.45,83.57,27.09,5.57,33.24,14.83,0,118.18,31.46,70.63,6.51,chickpea,0.75,Irrigate soon
64.64,56.75,30.26,6.98,22.27,20.37,1,65.95,61.52,24.1,7.35,groundnut,0.85,No irrigation
31.66,47.58,38.32,25.81,25.65,15.21,0,77.6,65.64,65.4,6.58,maize,1.0,No irrigation
53.38,61.22,31.61,23.38,32.45,3.89,0,105.2,19.55,21.28,5.32,groundnut,0.85,No irrigation
41.2,73.19,39.63,32.34,30.99,8.63,0,92.82,33.05,78.27,7.77,rice,1.3,No irrigation
48.65,28.01,36.94,2.92,31.45,18.98,0,112.36,29.27,60.42,6.13,groundnut,0.85,Monitor
46.56,33.98,25.05,17.5,24.29,7.63,0,63.41,41.71,66.35,5.26,rice,1.3,Monitor
49.6,66.81,24.07,32.4,33.4,12.07,1,76.83,61.87,37.15,7.05,groundnut,0.85,No irrigation
50.32,54.73,36.65,22.81,27.11,11.86,0,100.16,36.33,55.66,7.62,wheat,0.9,No irrigation
19.3,74.77,25.96,4.72,23.46,18.84,1,22.25,59.28,33.84,7.48,cotton,1.1,Irrigate soon
53.68,24.76,37.43,38.72,21.12,18.11,1,59.92,13.4,60.34,5.33,cotton,1.1,No irrigation
66.53,88.95,33.06,1.29,26.32,7.61,0,33.93,42.83,62.7,7.77,groundnut,0.85,No irrigation
65.18,24.36,29.87,32.23,28.46,19.08,0,54.58,14.25,42.06,7.22,rice,1.3,No irrigation
63.81,53.51,22.59,28.93,21.56,15.9,0,85.03,35.89,34.72,7.55,maize,1.0,No irrigation
16.18,23.87,35.47,32.45,28.01,26.09,0,75.25,13.13,64.77,7.09,cotton,1.1,No irrigation
53.57,58.47,22.31,4.72,29.23,27.3,1,39.36,36.19,18.76,5.7,wheat,0.9,No irrigation
15.55,48.91,35.05,32.31,28.04,3.28,0,107.33,25.0,18.7,5.17,cotton,1.1,No irrigation
24.93,23.06,26.99,26.21,23.66,10.19,1,67.87,17.34,19.99,5.75,wheat,0.9,No irrigation
26.32,69.37,36.27,35.91,32.88,14.42,1,114.14,56.81,34.02,6.96,wheat,0.9,No irrigation
64.11,42.32,30.83,4.18,25.2,13.5,1,47.98,22.21,23.91,7.93,maize,1.0,No irrigation
31.77,58.71,22.45,29.0,31.82,3.0,0,89.83,48.99,44.49,5.34,cotton,1.1,No irrigation
61.0,38.92,31.76,12.02,34.48,3.67,1,69.54,61.77,40.0,5.13,maize,1.0,No irrigation
35.86,66.19,30.65,26.42,20.47,23.36,0,111.01,55.27,36.85,7.48,chickpea,0.75,No irrigation
59.56,61.37,35.15,13.64,32.44,14.15,1,98.26,65.71,63.91,7.42,wheat,0.9,No irrigation
36.35,70.49,33.56,34.34,34.07,14.98,1,36.25,32.88,63.47,7.77,maize,1.0,No irrigation
64.92,39.65,33.65,10.98,34.98,23.6,1,53.75,33.68,55.01,6.09,groundnut,0.85,No irrigation
28.78,65.71,35.43,0.49,24.6,20.5,1,104.76,36.63,16.12,5.03,rice,1.3,Irrigate now
68.12,53.61,36.89,8.71,20.88,28.29,1,109.7,43.09,76.96,6.32,chickpea,0.75,No irrigation
57.13,39.33,37.38,5.09,29.46,6.11,0,43.27,49.28,26.98,6.52,cotton,1.1,No irrigation
46.89,22.94,34.35,2.43,30.72,9.25,1,21.61,60.7,70.21,6.62,rice,1.3,Monitor
48.03,44.48,21.55,17.75,27.67,8.64,1,77.04,59.75,59.27,5.21,cotton,1.1,Monitor
63.17,30.02,26.53,31.53,25.02,13.43,1,67.07,68.41,55.42,5.48,rice,1.3,No irrigation
31.0,30.5,31.82,4.25,23.17,10.77,1,113.99,32.73,52.87,6.97,maize,1.0,Irrigate now
35.96,89.85,21.57,3.09,34.03,8.29,1,73.9,17.27,72.1,7.39,wheat,0.9,Irrigate soon
40.98,56.71,28.82,10.77,32.54,10.21,0,52.87,57.94,78.54,5.69,chickpea,0.75,Monitor
56.15,28.08,24.82,29.31,33.2,12.13,1,76.05,14.59,38.55,6.45,maize,1.0,No irrigation
39.69,49.32,31.39,33.07,21.88,17.05,1,87.41,49.95,54.36,7.39,chickpea,0.75,No irrigation
32.26,25.71,28.42,39.33,28.64,19.71,0,109.99,62.58,16.01,5.36,chickpea,0.75,No irrigation
57.1,69.8,29.4,4.04,33.04,25.35,0,89.0,69.4,23.6,7.6,cotton,1.1,No irrigation
64.73,44.81,28.05,22.28,30.68,5.33,1,79.15,47.0,79.62,5.14,groundnut,0.85,No irrigation
65.64,86.49,38.21,25.23,31.11,14.2,1,90.01,54.01,62.04,6.77,banana,1.25,No irrigation
66.51,25.87,37.91,23.74,25.55,20.18,1,52.04,20.6,61.96,5.84,banana,1.25,No irrigation
20.33,40.81,26.82,22.57,33.46,18.24,1,48.53,33.04,64.22,7.86,rice,1.3,Monitor
59.77,71.42,39.78,8.43,27.79,18.1,1,29.95,27.09,22.71,5.82,cotton,1.1,No irrigation
27.3,31.85,38.78,10.38,29.09,4.97,0,86.64,18.46,28.44,7.52,banana,1.25,Irrigate soon
24.29,61.89,20.79,35.63,28.07,7.46,1,103.25,11.55,28.2,7.83,wheat,0.9,No irrigation
38.46,51.14,22.52,18.15,33.77,22.06,0,64.44,35.94,32.1,7.59,chickpea,0.75,Monitor
55.24,28.15,27.07,3.16,31.9,22.37,1,35.67,30.12,44.48,7.21,groundnut,0.85,No irrigation
57.74,69.48,26.3,36.99,26.5,28.11,1,39.04,43.49,69.45,6.88,groundnut,0.85,No irrigation
49.5,37.21,31.73,34.88,23.3,7.48,1,35.14,58.83,62.68,5.85,maize,1.0,No irrigation
49.91,26.21,30.33,28.93,23.21,14.16,1,75.77,22.51,26.58,6.25,chickpea,0.75,No irrigation
48.74,64.17,24.69,13.95,27.96,28.72,1,104.07,62.5,58.42,6.47,groundnut,0.85,Monitor
36.57,45.0,29.62,3.86,21.69,26.67,1,61.96,36.83,31.08,6.27,maize,1.0,Irrigate soon
40.56,42.32,22.27,27.88,30.57,23.66,1,104.01,61.84,54.07,7.06,rice,1.3,No irrigation
31.0,55.52,37.8,31.31,20.91,23.61,1,87.5,34.67,67.59,6.28,chickpea,0.75,No irrigation
65.18,38.78,34.56,13.59,32.28,10.64,1,42.13,62.54,49.84,7.34,rice,1.3,No irrigation
67.13,62.93,26.59,24.2,20.3,22.22,1,29.03,52.28,74.29,7.3,wheat,0.9,No irrigation
18.49,23.45,24.21,21.42,34.78,25.47,1,105.97,23.76,67.08,7.73,chickpea,0.75,Monitor
37.74,58.71,24.97,0.55,32.68,23.14,0,70.15,57.48,17.75,5.85,rice,1.3,Irrigate soon
27.65,74.07,24.95,10.9,21.85,23.95,1,33.12,54.43,32.55,5.25,rice,1.3,Irrigate soon
42.75,69.24,34.65,0.81,31.14,17.17,0,29.56,45.29,40.42,7.49,banana,1.25,Irrigate soon
32.17,42.66,30.25,0.94,24.11,7.67,1,116.93,44.57,39.48,6.29,maize,1.0,Irrigate now
68.18,59.27,29.67,36.31,28.0,8.85,0,119.32,53.65,76.84,7.29,groundnut,0.85,No irrigation
20.96,35.68,39.5,15.89,23.48,12.36,0,84.28,29.95,67.63,7.93,rice,1.3,Irrigate soon
45.85,34.54,38.84,23.74,21.26,13.29,1,72.34,60.38,64.44,5.18,cotton,1.1,Monitor
28.86,41.8,26.76,6.02,24.82,17.83,1,107.14,26.09,28.6,6.69,cotton,1.1,Irrigate soon
45.01,41.91,33.04,12.87,30.63,16.4,0,112.12,35.54,20.04,5.38,rice,1.3,Monitor
23.92,72.37,23.32,17.5,34.58,3.09,1,69.52,47.57,49.1,5.42,banana,1.25,Irrigate soon
45.09,47.96,25.94,17.42,24.41,27.82,1,72.25,46.91,39.16,6.95,maize,1.0,Monitor
30.96,67.95,36.06,38.08,25.57,18.93,1,66.29,66.17,75.26,7.16,banana,1.25,No irrigation
66.03,31.5,34.3,18.95,24.77,7.02,1,26.7,68.62,35.27,5.56,groundnut,0.85,No irrigation
20.16,52.1,21.89,25.0,28.92,3.87,0,54.5,10.85,27.52,5.85,banana,1.25,Monitor
38.44,71.05,27.35,30.68,34.01,17.71,0,27.75,19.15,62.49,5.84,chickpea,0.75,No irrigation
46.0,28.87,30.45,25.79,25.74,18.12,1,116.67,54.24,55.03,7.73,maize,1.0,No irrigation
24.25,74.84,39.78,3.65,32.05,6.1,0,67.55,10.01,20.06,7.91,maize,1.0,Irrigate now
43.14,50.78,33.3,13.08,27.51,5.28,1,57.73,33.13,45.84,5.94,wheat,0.9,Monitor
32.43,25.47,32.11,8.56,22.49,19.75,1,91.13,60.39,51.43,6.47,banana,1.25,Irrigate now
28.78,28.42,38.0,26.08,22.67,26.25,1,97.07,30.76,42.57,6.85,maize,1.0,No irrigation
36.04,32.53,34.95,0.43,26.63,16.73,0,78.62,29.71,74.22,7.75,wheat,0.9,Irrigate soon
65.69,62.47,20.67,11.0,27.18,3.23,1,47.42,13.43,52.19,5.09,groundnut,0.85,No irrigation
66.02,89.81,32.64,19.61,27.1,26.5,0,23.82,11.73,73.13,5.46,groundnut,0.85,No irrigation
24.73,79.57,21.66,33.36,21.79,14.41,0,51.42,61.47,33.04,7.56,groundnut,0.85,No irrigation
48.77,21.17,36.75,33.93,24.75,21.86,1,71.63,66.43,41.21,7.51,groundnut,0.85,No irrigation
18.38,33.51,35.23,5.9,24.0,6.83,0,47.55,21.92,47.86,5.52,groundnut,0.85,Irrigate now
61.32,85.88,26.22,22.42,21.77,15.06,0,76.62,37.78,22.56,5.27,groundnut,0.85,No irrigation
19.75,42.23,32.53,0.8,22.54,2.29,1,66.03,62.63,76.31,5.92,groundnut,0.85,Irrigate now
50.33,83.1,23.82,30.23,21.99,3.49,1,37.8,18.43,35.51,5.68,maize,1.0,No irrigation
30.0,33.95,39.59,10.37,26.59,4.59,1,77.87,30.93,56.72,6.35,groundnut,0.85,Irrigate soon
52.79,31.93,38.99,23.41,22.34,17.92,1,54.69,58.65,66.76,5.62,groundnut,0.85,No irrigation
68.27,58.61,34.86,10.76,27.7,7.9,0,66.77,11.89,22.49,6.97,maize,1.0,No irrigation
41.14,52.71,26.46,22.55,29.87,27.24,1,90.13,47.77,71.51,5.02,cotton,1.1,Monitor
41.15,43.57,38.06,7.48,25.37,6.56,0,95.2,36.34,55.08,6.78,groundnut,0.85,Monitor
38.92,47.95,36.68,10.1,25.6,11.46,1,50.02,68.25,72.03,7.29,wheat,0.9,Irrigate soon
20.93,49.81,25.39,23.1,28.9,6.59,0,112.24,63.2,77.74,7.83,maize,1.0,Monitor
67.33,59.76,22.79,26.54,31.83,3.51,0,50.93,55.95,67.1,6.38,maize,1.0,No irrigation
40.33,66.1,24.01,6.88,24.61,7.17,0,63.65,53.45,25.02,6.67,banana,1.25,Irrigate soon
35.58,53.41,26.89,18.83,30.3,21.57,1,86.84,59.88,60.9,7.29,rice,1.3,Irrigate soon
36.32,42.28,38.71,16.0,24.91,9.93,1,79.69,42.05,37.55,7.01,wheat,0.9,Monitor
16.48,81.99,23.56,9.41,25.43,16.04,0,81.06,55.1,74.45,6.94,maize,1.0,Irrigate soon
42.5,23.1,26.04,3.71,25.76,7.04,0,48.5,33.21,68.38,5.1,cotton,1.1,Monitor
24.87,47.88,30.35,4.26,32.09,11.7,0,85.59,34.27,67.45,5.48,maize,1.0,Irrigate now
46.61,46.88,29.09,19.45,34.4,13.25,0,50.3,25.52,56.22,6.81,banana,1.25,Monitor
64.95,55.14,35.62,28.48,32.66,29.21,0,98.55,68.84,49.56,6.15,groundnut,0.85,No irrigation
19.4,20.49,38.96,28.3,23.87,16.42,1,63.49,37.89,17.59,7.6,cotton,1.1,No irrigation
35.19,82.24,33.73,10.09,25.06,10.29,0,74.27,20.72,38.2,5.05,chickpea,0.75,Irrigate soon
31.37,22.49,22.23,29.28,27.97,13.09,0,28.4,15.67,62.24,6.9,cotton,1.1,No irrigation
64.1,44.18,29.16,24.69,33.78,27.3,1,24.06,29.6,17.49,6.83,groundnut,0.85,No irrigation
50.08,81.74,27.64,39.21,21.18,27.97,1,62.25,11.34,76.77,5.77,groundnut,0.85,No irrigation
55.85,25.55,38.25,38.61,31.9,17.99,1,81.56,42.35,66.59,7.08,rice,1.3,No irrigation
35.58,53.1,35.21,17.48,31.2,23.79,1,70.16,12.74,40.91,5.54,chickpea,0.75,Monitor
30.0,48.5,20.37,16.57,21.95,9.48,1,29.71,23.49,61.09,5.66,wheat,0.9,Monitor
30.83,69.84,36.54,23.52,29.52,11.21,1,67.56,43.46,37.29,5.96,banana,1.25,Monitor
39.44,52.34,34.85,8.43,30.47,20.84,1,60.29,49.64,52.14,5.24,cotton,1.1,Irrigate soon
45.87,44.17,24.15,39.39,25.54,10.17,1,65.15,38.04,25.13,6.75,wheat,0.9,No irrigation
34.34,50.21,39.92,0.94,34.6,17.58,1,118.97,32.52,49.94,6.14,banana,1.25,Irrigate now
21.79,47.7,24.23,4.43,24.34,26.22,1,75.01,31.12,29.15,7.7,chickpea,0.75,Irrigate soon
32.57,45.42,22.11,35.39,34.4,23.33,1,70.23,41.95,29.63,6.21,banana,1.25,No irrigation
40.52,77.83,28.99,36.96,22.66,10.08,1,96.29,49.37,59.42,5.29,wheat,0.9,No irrigation
50.92,88.2,28.21,25.46,29.28,5.88,0,79.96,53.93,76.46,5.98,maize,1.0,No irrigation
24.16,63.78,33.69,38.07,20.34,18.84,1,75.21,61.81,70.27,5.48,chickpea,0.75,No irrigation
54.77,36.75,29.44,28.51,23.0,5.71,0,109.44,22.42,44.98,5.74,wheat,0.9,No irrigation
39.4,36.93,23.54,18.46,29.62,24.5,1,107.21,64.53,30.92,7.17,rice,1.3,Irrigate soon
15.38,22.26,33.54,34.68,34.93,26.14,0,98.3,67.45,72.42,6.61,groundnut,0.85,No irrigation
57.71,65.3,30.68,0.95,27.21,22.33,1,101.17,59.7,62.13,5.12,cotton,1.1,No irrigation
54.41,55.81,32.99,17.14,21.86,6.09,1,95.79,44.79,66.46,7.17,chickpea,0.75,No irrigation
37.71,43.79,38.26,31.82,23.15,4.72,0,65.82,52.54,63.91,7.27,chickpea,0.75,No irrigation
31.24,51.13,35.75,27.98,28.52,18.64,0,34.8,27.31,29.37,6.11,chickpea,0.75,No irrigation
54.26,41.47,34.32,22.71,24.57,21.97,1,35.44,58.31,23.36,6.82,banana,1.25,No irrigation
36.13,64.57,20.56,8.47,24.54,18.36,1,56.42,40.52,71.57,6.55,cotton,1.1,Irrigate soon
49.02,31.93,26.88,6.24,32.79,10.8,1,57.8,65.56,57.14,7.61,cotton,1.1,Monitor
24.65,82.8,20.28,37.88,25.14,10.66,0,35.01,46.52,62.37,5.36,maize,1.0,No irrigation
34.61,52.15,38.25,36.25,32.6,25.68,0,94.14,31.81,17.13,6.88,chickpea,0.75,No irrigation
42.91,39.0,39.23,33.86,28.07,4.22,0,64.66,41.38,30.9,7.39,maize,1.0,No irrigation
52.93,65.56,24.9,27.59,26.84,3.13,1,75.2,15.48,27.35,7.49,rice,1.3,No irrigation
64.84,29.28,26.06,8.31,23.66,23.33,1,66.43,42.22,65.79,5.96,groundnut,0.85,No irrigation
19.02,53.48,28.84,19.04,21.5,18.5,1,50.0,10.58,42.93,7.71,groundnut,0.85,Monitor
63.76,74.42,23.9,32.23,29.22,14.78,0,45.17,34.43,32.6,6.89,chickpea,0.75,No irrigation
42.9,55.99,39.03,11.99,33.01,8.97,1,87.78,40.18,55.68,5.33,banana,1.25,Irrigate soon
67.01,54.13,26.38,38.97,27.06,6.57,0,96.04,50.38,21.15,7.59,chickpea,0.75,No irrigation
50.08,57.7,23.65,31.15,31.44,7.97,1,52.0,41.82,21.69,5.9,wheat,0.9,No irrigation
26.57,67.03,26.48,7.68,25.94,6.81,0,81.01,19.43,77.19,7.94,groundnut,0.85,Irrigate soon
47.74,49.18,34.53,9.15,23.94,28.16,1,57.08,28.37,62.24,7.49,chickpea,0.75,Monitor
39.73,49.77,27.87,16.68,31.43,13.31,1,55.36,58.32,78.37,7.3,rice,1.3,Irrigate soon
60.02,34.15,33.24,10.24,32.49,2.66,1,99.09,29.54,51.4,5.6,maize,1.0,No irrigation
48.97,50.81,25.48,2.98,22.41,22.24,1,115.2,66.8,65.78,6.17,groundnut,0.85,Monitor
41.79,39.61,32.13,15.0,21.52,19.91,1,73.79,36.29,33.48,6.42,groundnut,0.85,Monitor
19.07,88.4,34.65,32.97,33.11,18.51,0,76.18,36.3,36.31,6.64,groundnut,0.85,No irrigation
29.34,57.17,25.83,0.87,31.58,3.9,1,115.72,31.67,65.23,7.24,maize,1.0,Irrigate soon
25.13,52.78,29.22,13.32,30.17,21.71,1,80.36,65.96,24.12,6.93,cotton,1.1,Irrigate soon
36.8,54.05,20.96,21.14,33.69,16.34,0,76.57,69.74,77.39,7.62,chickpea,0.75,Monitor
58.46,54.44,31.5,25.37,31.02,17.83,0,73.18,57.92,70.01,5.26,cotton,1.1,No irrigation
48.55,89.51,35.04,30.68,26.46,9.75,1,108.94,69.66,24.89,5.99,maize,1.0,No irrigation
50.63,43.79,30.55,27.7,32.3,14.11,0,60.15,27.63,55.54,6.17,rice,1.3,No irrigation
27.39,49.9,25.18,8.92,30.12,11.15,1,85.36,22.02,68.4,7.78,groundnut,0.85,Irrigate soon
62.7,30.68,35.46,8.25,22.72,2.73,0,97.95,42.4,77.05,5.98,chickpea,0.75,No irrigation
66.07,66.07,24.03,6.53,34.87,8.52,0,97.23,11.64,72.05,7.83,rice,1.3,No irrigation
60.88,46.26,28.88,29.76,31.1,12.65,1,63.85,21.92,65.11,6.77,rice,1.3,No irrigation
20.11,32.26,38.27,28.98,21.83,23.18,0,114.07,54.44,38.3,7.99,cotton,1.1,No irrigation
25.5,88.96,36.0,14.39,23.83,5.14,1,21.61,32.8,42.3,7.88,rice,1.3,Irrigate soon
34.51,86.2,36.73,17.37,32.72,10.42,0,85.04,58.61,71.94,5.05,chickpea,0.75,Monitor
55.13,82.81,20.91,33.9,22.66,2.26,0,34.02,38.19,17.53,6.79,maize,1.0,No irrigation
62.65,66.27,27.43,16.6,22.36,6.83,0,94.2,58.62,26.8,7.64,rice,1.3,No irrigation
58.26,22.1,24.08,16.15,25.6,25.56,1,22.85,11.55,16.85,6.41,groundnut,0.85,No irrigation
62.96,83.95,20.93,15.08,28.98,16.71,0,30.01,30.92,29.48,6.26,rice,1.3,No irrigation
21.18,53.3,39.67,34.25,28.05,5.76,0,51.14,38.17,73.69,5.38,groundnut,0.85,No irrigation
44.7,86.98,33.37,3.86,27.39,25.27,0,32.58,40.88,67.35,5.43,groundnut,0.85,Monitor
19.52,26.64,28.08,35.48,21.58,8.33,0,93.0,28.07,61.18,6.39,wheat,0.9,No irrigation
43.6,60.4,37.67,30.4,21.98,13.82,0,77.94,66.08,17.22,7.72,cotton,1.1,No irrigation
49.75,75.59,39.59,0.57,29.52,25.39,0,36.19,29.35,52.19,6.45,chickpea,0.75,Monitor
25.33,80.87,39.42,16.23,34.89,14.69,1,74.59,17.07,33.15,7.31,chickpea,0.75,Monitor
33.55,82.48,25.11,32.28,27.31,17.37,0,86.8,30.54,48.74,5.19,chickpea,0.75,No irrigation
38.46,21.78,30.87,3.78,34.63,25.24,0,75.05,27.74,71.76,5.92,cotton,1.1,Irrigate soon
45.43,85.77,39.33,38.87,22.74,24.96,0,34.17,50.83,65.43,5.6,groundnut,0.85,No irrigation
34.47,62.07,23.04,34.4,27.88,24.41,1,73.95,51.62,79.82,5.5,maize,1.0,No irrigation
20.51,31.59,32.69,24.73,32.65,23.03,0,74.08,67.31,42.56,5.61,rice,1.3,Monitor
67.75,86.42,25.93,36.04,34.58,27.02,1,52.19,53.29,34.5,5.22,groundnut,0.85,No irrigation
45.57,41.81,38.46,24.52,34.39,3.66,1,34.03,38.86,25.42,7.92,maize,1.0,Monitor
36.52,31.16,28.38,23.66,23.73,11.81,0,116.34,26.57,73.02,5.37,groundnut,0.85,Monitor
47.23,67.06,24.12,5.7,24.13,11.17,0,72.06,41.45,65.16,6.8,maize,1.0,Monitor
51.32,40.92,22.5,29.72,26.82,3.97,1,107.52,66.97,17.66,7.51,chickpea,0.75,No irrigation
21.21,52.66,31.7,35.05,30.37,24.24,1,42.46,16.18,79.84,6.81,wheat,0.9,No irrigation
62.58,36.89,37.0,19.78,30.52,14.11,0,83.81,61.91,33.21,7.17,chickpea,0.75,No irrigation
64.76,64.82,26.58,26.68,23.77,11.99,0,30.11,58.36,30.78,6.48,wheat,0.9,No irrigation
38.86,38.6,39.95,33.05,27.32,18.99,1,80.66,62.22,58.39,5.13,rice,1.3,No irrigation
47.47,75.55,39.08,23.03,21.76,23.39,1,78.01,52.56,54.25,7.45,groundnut,0.85,Monitor
55.94,44.31,35.76,34.09,28.6,16.64,1,101.32,47.69,65.55,7.01,rice,1.3,No irrigation
26.88,32.65,32.61,13.16,24.38,13.54,0,92.91,60.97,31.48,7.46,chickpea,0.75,Irrigate soon
34.38,87.59,25.53,31.35,24.87,21.57,1,96.86,19.64,51.3,7.59,groundnut,0.85,No irrigation
32.7,48.09,26.97,32.62,32.67,25.99,1,55.18,42.29,67.34,7.9,chickpea,0.75,No irrigation
60.58,27.09,34.44,25.58,24.69,15.92,0,95.66,22.13,70.64,6.46,chickpea,0.75,No irrigation
59.32,82.7,35.1,38.37,24.84,5.12,1,110.88,52.01,51.43,7.27,wheat,0.9,No irrigation
24.78,63.29,21.52,3.73,30.67,27.61,1,105.22,18.75,37.11,6.06,maize,1.0,Irrigate soon
65.67,27.25,39.12,32.58,33.31,10.23,0,52.38,23.49,68.7,5.74,maize,1.0,No irrigation
51.71,39.17,29.89,33.33,34.75,8.87,0,64.04,58.69,24.45,5.89,rice,1.3,No irrigation
62.16,53.83,28.78,22.25,34.98,7.38,0,104.79,44.85,55.77,7.67,cotton,1.1,No irrigation
56.07,69.47,39.64,32.14,23.95,12.37,0,52.02,31.42,77.28,5.4,banana,1.25,No irrigation
60.51,69.17,35.91,23.16,21.45,27.69,1,73.54,16.29,68.71,5.68,chickpea,0.75,No irrigation
54.47,65.15,31.08,39.4,26.98,18.08,0,66.02,36.27,53.42,5.19,maize,1.0,No irrigation
16.22,51.39,33.01,35.83,27.15,21.78,0,88.2,13.92,61.73,6.71,groundnut,0.85,No irrigation
16.52,61.84,28.62,30.57,22.0,13.09,1,50.98,51.83,34.8,5.7,banana,1.25,No irrigation
63.18,86.24,22.88,21.58,30.22,10.8,0,117.09,13.18,64.04,6.76,banana,1.25,No irrigation
68.75,62.97,30.6,29.22,30.99,8.97,0,103.57,11.77,75.37,7.19,chickpea,0.75,No irrigation
19.9,86.23,31.48,37.96,25.81,13.41,1,33.85,30.6,21.23,6.07,groundnut,0.85,No irrigation
38.67,37.64,21.81,10.42,23.01,11.83,0,53.97,55.11,49.05,5.06,wheat,0.9,Irrigate soon
18.35,59.0,33.65,3.82,20.03,29.58,0,20.47,33.09,16.8,7.72,wheat,0.9,Irrigate now
35.62,24.86,23.45,25.46,27.47,16.99,1,29.7,50.99,25.05,6.12,maize,1.0,No irrigation
64.03,69.45,37.59,7.1,22.23,24.93,0,82.21,66.12,72.74,7.38,rice,1.3,No irrigation
59.4,41.82,25.83,13.96,22.71,16.52,0,69.77,46.21,79.83,7.76,cotton,1.1,No irrigation
66.07,58.36,27.78,17.92,21.75,17.52,1,44.62,18.48,77.43,6.47,banana,1.25,No irrigation
37.24,45.08,38.33,36.84,32.16,27.47,0,104.78,15.46,57.56,7.74,wheat,0.9,No irrigation
46.63,57.23,27.88,21.86,23.01,10.97,1,96.35,27.58,55.71,6.21,cotton,1.1,Monitor
19.53,21.67,22.09,22.45,29.14,10.57,1,97.08,51.93,49.29,5.12,rice,1.3,Monitor
31.89,61.12,38.01,21.71,29.61,22.7,0,24.72,28.18,27.24,7.89,rice,1.3,Monitor
60.31,67.89,28.68,20.33,32.74,16.24,0,111.07,15.92,76.75,7.68,groundnut,0.85,No irrigation
32.62,69.98,29.91,22.85,29.2,3.27,1,40.6,51.36,75.08,5.01,maize,1.0,Monitor
51.28,84.07,26.62,7.08,25.85,8.39,1,24.48,18.5,31.0,7.01,cotton,1.1,No irrigation
52.42,69.71,38.04,12.39,34.1,20.29,1,60.92,10.61,68.53,6.13,banana,1.25,No irrigation
64.56,77.17,29.76,24.01,29.4,13.07,1,32.89,51.37,19.58,5.34,maize,1.0,No irrigation
64.62,54.2,23.67,13.1,34.15,9.18,1,48.48,27.19,70.61,5.78,banana,1.25,No irrigation
21.57,77.6,37.68,38.01,28.32,15.94,0,71.82,12.14,46.12,5.33,rice,1.3,No irrigation
60.82,32.91,35.25,32.26,23.63,19.23,1,93.83,36.52,64.99,6.99,wheat,0.9,No irrigation
57.17,33.23,24.21,12.72,28.53,28.56,1,105.95,25.05,26.41,6.39,groundnut,0.85,No irrigation
18.1,46.6,38.94,20.22,23.38,19.56,1,85.8,36.33,71.64,5.21,maize,1.0,Monitor
48.09,40.15,23.22,21.88,24.76,5.12,0,60.99,42.06,55.21,5.51,chickpea,0.75,Monitor
35.37,30.04,22.08,9.35,25.72,17.76,1,96.87,17.18,29.59,6.88,wheat,0.9,Irrigate soon
45.01,21.39,36.48,19.06,28.57,12.81,1,64.97,54.88,59.39,6.84,chickpea,0.75,Monitor
68.91,64.57,29.58,35.94,26.81,26.62,0,34.44,48.23,26.33,7.9,chickpea,0.75,No irrigation
63.51,45.77,20.42,32.22,22.16,14.88,0,118.75,17.5,55.72,5.62,cotton,1.1,No irrigation
38.16,49.24,34.67,17.76,25.83,12.18,1,86.54,17.99,49.45,5.74,groundnut,0.85,Monitor
25.5,33.62,37.47,26.37,29.28,27.21,1,57.48,28.41,40.53,6.41,wheat,0.9,No irrigation
50.87,41.02,36.66,30.98,29.35,3.42,0,53.77,63.4,57.88,7.81,cotton,1.1,No irrigation
24.92,51.01,33.88,15.44,30.0,9.65,0,84.12,44.5,67.05,5.45,chickpea,0.75,Monitor
40.77,80.76,22.61,37.25,24.74,28.12,0,87.62,57.22,20.57,5.03,banana,1.25,No irrigation
62.82,43.21,21.8,37.26,25.35,22.82,0,50.76,13.96,55.51,5.95,banana,1.25,No irrigation
39.56,43.7,23.5,12.13,32.04,6.47,0,36.33,17.11,74.17,6.23,wheat,0.9,Irrigate soon
45.38,52.87,39.67,27.6,33.55,29.33,0,110.92,15.82,17.56,7.64,cotton,1.1,No irrigation
35.87,31.93,20.4,27.52,32.27,28.07,0,64.73,11.19,46.96,7.02,chickpea,0.75,No irrigation
63.71,89.15,37.73,2.76,22.02,10.4,1,111.68,16.66,75.78,7.88,maize,1.0,No irrigation
67.89,42.45,34.23,37.95,21.25,18.88,1,21.6,63.46,42.15,5.51,banana,1.25,No irrigation
28.9,55.94,39.64,36.17,20.35,10.92,0,25.2,24.33,34.93,6.35,cotton,1.1,No irrigation
33.56,39.1,39.9,26.27,29.89,11.32,0,33.06,68.69,55.57,7.2,rice,1.3,No irrigation
31.65,33.97,29.4,15.54,30.43,9.57,1,53.56,58.19,70.49,7.35,cotton,1.1,Monitor
53.9,29.26,26.92,10.46,22.89,9.89,0,111.34,65.13,20.51,7.0,chickpea,0.75,No irrigation
62.38,82.71,20.46,5.14,31.43,8.8,0,57.34,19.24,67.09,7.34,banana,1.25,No irrigation
19.15,70.62,34.73,13.65,33.63,3.97,1,83.1,29.85,58.22,6.84,rice,1.3,Irrigate soon
53.73,33.97,34.92,3.25,21.38,28.64,0,63.3,51.14,28.66,7.15,cotton,1.1,No irrigation
32.62,57.05,29.52,7.89,34.82,18.95,0,66.92,53.89,53.47,7.58,cotton,1.1,Irrigate soon
25.17,20.44,23.52,7.91,22.16,17.18,0,90.0,52.17,19.93,5.56,chickpea,0.75,Irrigate soon
56.6,35.94,27.89,33.44,24.45,13.54,1,41.83,25.06,37.41,5.72,rice,1.3,No irrigation
51.02,87.77,25.03,30.17,20.97,3.76,1,110.27,13.62,64.12,6.29,groundnut,0.85,No irrigation
57.04,70.13,20.24,29.77,21.32,18.47,1,89.81,46.33,77.35,6.71,groundnut,0.85,No irrigation
61.18,51.56,34.84,19.22,27.5,23.38,1,74.59,54.7,29.83,5.51,groundnut,0.85,No irrigation
34.41,52.55,29.23,36.94,32.7,29.22,1,106.87,37.86,24.92,7.21,cotton,1.1,No irrigation
38.08,21.71,22.79,12.67,34.85,19.7,1,56.57,36.06,68.13,7.72,maize,1.0,Irrigate soon
47.61,32.87,21.9,15.65,22.25,11.44,0,69.73,19.5,68.94,7.56,chickpea,0.75,Monitor
27.53,54.06,34.47,17.31,34.21,6.47,0,55.34,16.36,76.94,7.12,wheat,0.9,Monitor
30.91,36.46,38.87,32.14,26.25,2.36,1,83.15,30.31,35.19,6.86,wheat,0.9,No irrigation
21.7,29.06,25.64,28.99,32.11,26.19,1,76.53,38.41,16.15,6.11,maize,1.0,No irrigation
26.52,42.83,24.67,34.87,24.69,27.64,1,98.68,43.3,52.52,5.99,maize,1.0,No irrigation
64.6,87.58,35.63,22.89,33.67,21.83,0,101.33,24.95,51.61,7.67,chickpea,0.75,No irrigation
43.1,26.69,35.0,24.94,21.22,15.75,1,26.69,33.37,27.56,7.31,groundnut,0.85,Monitor
22.87,79.34,21.18,9.86,29.5,11.16,1,76.19,57.02,77.18,6.45,chickpea,0.75,Irrigate soon
48.26,57.54,36.48,25.83,34.37,18.73,0,49.56,13.63,72.51,6.57,wheat,0.9,No irrigation
30.54,75.35,28.46,32.74,20.16,9.31,0,49.61,11.73,56.86,6.26,chickpea,0.75,No irrigation
40.57,83.69,22.95,25.04,28.33,18.63,1,30.77,26.41,32.94,7.12,cotton,1.1,No irrigation
30.66,61.05,26.46,0.68,20.79,11.14,1,56.88,28.92,61.83,6.65,groundnut,0.85,Irrigate soon
38.88,42.67,23.56,24.52,31.41,20.02,1,76.56,44.11,72.41,5.17,groundnut,0.85,Monitor
54.25,54.77,38.54,5.6,21.53,6.57,0,29.19,31.62,38.21,5.24,chickpea,0.75,No irrigation
56.3,54.47,30.9,20.99,29.63,13.09,0,74.81,15.37,28.47,5.48,banana,1.25,No irrigation
65.13,38.25,24.79,25.79,28.37,3.47,0,67.87,12.53,64.3,7.85,banana,1.25,No irrigation
22.57,42.36,27.75,25.37,25.94,16.29,1,69.22,50.18,60.31,6.65,rice,1.3,No irrigation
26.01,22.52,24.59,19.66,25.24,4.26,1,70.91,59.74,40.82,5.46,rice,1.3,Irrigate soon
65.34,72.1,25.63,22.25,27.66,6.48,0,95.42,25.38,27.73,7.69,cotton,1.1,No irrigation
21.55,39.98,20.58,24.13,29.77,16.33,1,40.46,16.76,40.18,5.32,banana,1.25,Monitor
26.31,73.18,34.71,11.94,30.35,8.0,1,56.09,13.26,55.7,6.7,banana,1.25,Irrigate soon
28.88,55.78,26.2,8.66,22.71,11.35,1,114.68,33.31,36.28,7.95,wheat,0.9,Irrigate soon
56.46,84.46,29.6,23.87,31.93,20.68,0,27.77,16.44,15.02,5.09,rice,1.3,No irrigation
62.14,86.28,38.6,12.14,25.72,17.91,0,29.72,32.08,56.98,7.91,groundnut,0.85,No irrigation
63.2,25.33,28.35,0.9,31.56,27.16,1,34.18,37.42,75.6,7.95,maize,1.0,No irrigation
21.62,64.57,39.05,31.71,33.2,28.1,0,21.43,15.17,30.26,7.61,wheat,0.9,No irrigation
53.22,39.12,20.45,22.53,20.95,21.37,0,26.52,50.68,16.94,6.49,banana,1.25,No irrigation
40.61,32.25,20.27,35.9,29.85,28.86,1,90.99,53.13,28.18,5.8,groundnut,0.85,No irrigation
29.96,81.04,24.7,17.92,20.03,20.21,1,75.89,52.18,66.48,7.15,groundnut,0.85,Monitor
17.6,45.48,31.96,18.25,27.09,6.59,1,92.62,42.45,35.85,6.92,cotton,1.1,Monitor
24.57,48.12,29.35,13.9,24.39,24.8,1,87.57,34.47,77.49,5.26,chickpea,0.75,Irrigate soon
63.66,43.3,27.17,18.66,31.31,26.13,0,108.97,30.61,74.69,7.95,maize,1.0,No irrigation
47.93,57.81,36.64,6.38,31.98,5.91,0,102.47,33.78,68.52,7.64,wheat,0.9,Monitor
44.92,56.37,31.51,10.19,28.26,28.38,0,88.4,57.26,46.8,5.98,banana,1.25,Irrigate soon
58.83,58.39,27.9,26.28,25.89,18.16,1,88.78,69.28,29.68,6.93,maize,1.0,No irrigation
60.89,82.67,23.77,0.02,31.9,16.13,0,69.52,64.95,60.17,5.92,banana,1.25,No irrigation
37.34,77.77,30.84,3.86,32.22,2.66,0,49.58,22.43,68.8,7.04,rice,1.3,Irrigate soon
28.94,86.57,28.44,14.3,26.05,21.54,1,54.32,32.49,34.75,6.86,cotton,1.1,Irrigate soon
49.94,61.53,33.58,39.08,27.5,11.84,1,90.06,61.67,39.94,6.62,rice,1.3,No irrigation
38.25,61.1,37.61,37.96,30.27,29.85,1,23.87,39.25,73.88,6.42,wheat,0.9,No irrigation
20.06,37.18,36.61,25.25,21.41,12.64,1,44.14,69.04,17.23,5.93,banana,1.25,No irrigation
53.72,51.58,32.27,3.8,30.26,18.62,0,113.55,36.67,47.63,6.39,groundnut,0.85,No irrigation
46.08,76.09,30.71,28.97,23.8,5.29,1,37.39,37.1,70.48,5.12,wheat,0.9,No irrigation
33.23,27.68,23.1,33.49,22.99,15.61,0,58.73,54.67,57.5,5.53,cotton,1.1,No irrigation
17.41,32.79,26.8,27.32,32.68,8.4,1,100.84,66.88,22.55,5.49,maize,1.0,No irrigation
55.72,86.27,31.26,17.52,25.5,21.57,0,90.84,63.86,38.94,6.63,cotton,1.1,No irrigation
41.05,39.52,31.15,16.89,20.98,9.36,1,67.46,40.43,30.81,7.78,maize,1.0,Monitor
21.66,31.34,31.41,26.59,26.69,29.9,1,75.74,38.67,78.11,6.97,wheat,0.9,No irrigation
37.73,59.18,24.64,5.9,22.0,21.64,0,57.19,40.61,15.79,6.57,chickpea,0.75,Irrigate soon
47.21,20.62,37.61,5.48,33.81,26.1,0,38.87,38.49,46.12,5.3,cotton,1.1,Monitor
45.42,63.89,37.17,2.84,30.01,26.02,0,106.12,14.08,48.37,7.96,wheat,0.9,Monitor
24.06,63.89,28.27,25.02,34.06,25.18,1,25.97,35.91,71.59,7.34,rice,1.3,No irrigation
25.59,70.85,27.47,17.99,32.55,8.29,0,67.94,66.96,48.12,6.22,banana,1.25,Irrigate soon
56.55,31.01,31.98,11.51,31.6,14.12,0,61.73,43.7,60.79,7.33,banana,1.25,No irrigation
50.28,45.87,27.87,18.58,32.1,27.68,1,103.63,46.32,74.76,7.57,cotton,1.1,No irrigation
43.13,47.03,37.42,27.54,30.43,27.86,0,66.93,15.46,46.83,6.03,wheat,0.9,No irrigation
48.9,24.41,32.58,37.37,33.12,18.64,0,51.31,64.35,73.97,6.7,chickpea,0.75,No irrigation
68.48,33.43,26.7,27.04,24.18,18.74,0,96.83,63.43,24.05,7.31,chickpea,0.75,No irrigation
25.45,68.02,34.25,22.12,23.07,14.96,0,31.72,53.36,33.94,5.74,wheat,0.9,Monitor
58.45,78.13,23.66,25.9,27.45,8.88,1,91.7,65.95,44.84,6.02,chickpea,0.75,No irrigation
48.33,37.68,39.33,32.52,34.76,2.09,0,101.2,25.29,47.18,7.8,wheat,0.9,No irrigation
47.1,39.4,31.35,7.97,20.76,13.98,1,79.53,38.58,40.15,5.36,maize,1.0,Monitor
21.76,73.21,39.88,1.64,21.05,5.01,1,32.74,15.75,63.3,6.27,rice,1.3,Irrigate now
64.02,59.66,20.2,13.5,29.37,9.76,1,44.07,23.23,54.24,7.26,wheat,0.9,No irrigation
34.45,36.55,20.46,23.36,31.44,6.81,1,40.31,46.98,77.04,5.27,groundnut,0.85,Monitor
48.78,88.19,36.19,4.98,23.69,13.38,0,65.95,19.94,26.28,5.66,rice,1.3,Monitor
15.17,66.98,28.7,34.44,32.74,14.49,0,30.04,14.92,61.31,6.33,groundnut,0.85,No irrigation
63.85,79.54,35.01,0.92,31.48,7.74,1,63.67,62.51,37.25,5.06,wheat,0.9,No irrigation
48.86,78.68,32.13,14.92,30.55,18.83,1,36.84,34.24,29.17,6.06,chickpea,0.75,Monitor
28.68,40.35,24.62,24.02,27.05,2.68,0,84.55,13.88,61.35,5.07,wheat,0.9,Monitor
33.99,46.67,29.82,28.97,33.64,4.5,1,54.82,26.15,74.25,5.78,maize,1.0,No irrigation
24.27,79.76,32.9,23.96,32.15,25.69,1,56.46,55.64,20.85,7.75,rice,1.3,Monitor
48.85,58.7,25.01,21.01,23.83,6.17,0,105.85,26.71,74.54,5.69,chickpea,0.75,Monitor
24.16,24.67,37.44,24.84,28.59,23.93,0,48.82,38.21,42.51,5.5,rice,1.3,Monitor
59.43,33.68,34.25,2.7,21.52,24.88,0,73.4,56.74,50.97,6.11,maize,1.0,No irrigation
23.4,85.25,24.91,0.35,32.83,23.46,0,70.09,63.69,40.6,5.5,cotton,1.1,Irrigate now
23.58,29.26,37.23,33.37,28.61,9.82,0,65.49,52.61,61.37,5.49,wheat,0.9,No irrigation
56.5,24.7,27.55,0.02,26.91,24.37,1,75.03,53.57,72.77,6.4,groundnut,0.85,No irrigation
66.88,44.78,32.11,28.73,31.24,23.05,1,36.69,61.48,23.21,5.11,rice,1.3,No irrigation
47.99,45.73,25.97,24.18,26.19,12.53,1,22.39,39.23,63.77,5.65,banana,1.25,Monitor
50.11,30.3,37.3,31.62,31.24,20.17,1,59.64,18.54,73.53,7.71,chickpea,0.75,No irrigation
41.77,52.64,29.3,35.3,26.95,13.64,0,44.54,18.73,56.6,5.3,chickpea,0.75,No irrigation
17.92,52.56,27.73,26.14,26.5,18.75,1,102.11,43.1,17.63,7.94,banana,1.25,No irrigation
41.37,44.67,23.87,36.88,22.49,29.78,0,94.43,43.7,18.89,6.53,groundnut,0.85,No irrigation
43.66,21.69,28.07,31.94,26.9,19.41,1,56.8,58.07,53.07,7.65,banana,1.25,No irrigation
41.81,73.45,20.72,31.17,30.93,17.86,0,119.86,19.2,68.61,5.99,groundnut,0.85,No irrigation
39.19,70.58,25.34,5.69,33.72,4.61,1,47.58,23.21,17.86,5.04,maize,1.0,Irrigate soon
25.7,59.85,28.35,33.04,22.27,17.32,1,119.04,22.64,79.42,5.49,rice,1.3,No irrigation
29.6,53.79,21.32,18.73,34.72,27.9,1,31.42,50.17,67.76,6.03,groundnut,0.85,Monitor
68.87,79.54,39.11,10.32,28.38,26.9,1,83.15,29.59,25.11,7.05,groundnut,0.85,No irrigation
47.44,67.78,36.12,31.13,23.68,24.82,1,68.34,29.69,48.07,6.5,groundnut,0.85,No irrigation
69.52,23.59,31.83,32.07,23.86,25.07,0,104.45,23.14,77.15,6.39,maize,1.0,No irrigation
65.93,68.82,30.12,16.51,26.0,17.86,1,28.11,19.75,46.28,7.79,rice,1.3,No irrigation
57.62,84.83,21.14,16.24,26.48,13.6,0,53.38,32.22,35.02,6.46,cotton,1.1,No irrigation
66.03,47.74,24.28,17.2,23.53,8.81,0,53.61,45.88,53.57,7.56,rice,1.3,No irrigation
19.52,75.73,20.17,21.61,27.39,4.58,0,119.18,10.13,26.54,5.4,banana,1.25,Monitor
35.17,68.0,36.54,14.29,28.58,3.13,1,53.01,12.34,52.89,7.96,wheat,0.9,Irrigate soon
15.01,84.58,35.79,35.88,32.36,15.73,1,79.34,46.93,49.2,7.5,chickpea,0.75,No irrigation
22.62,52.36,37.05,6.3,31.64,16.42,1,80.65,51.34,17.08,7.56,groundnut,0.85,Irrigate now
23.95,53.09,29.05,38.07,24.6,20.3,1,61.8,65.83,66.63,7.54,groundnut,0.85,No irrigation
32.96,36.85,22.97,6.21,21.19,18.46,0,34.77,69.89,23.2,7.17,chickpea,0.75,Irrigate soon
57.37,68.14,31.59,28.75,26.53,5.43,1,113.74,22.59,45.76,5.1,maize,1.0,No irrigation
36.49,44.16,20.98,33.64,32.05,12.91,1,66.35,67.99,65.94,7.59,cotton,1.1,No irrigation
22.31,42.88,39.33,16.89,24.72,27.63,0,20.74,56.99,77.03,6.25,cotton,1.1,Monitor
63.15,43.42,20.84,5.61,27.69,15.87,1,110.73,53.25,42.16,7.31,groundnut,0.85,No irrigation
34.84,44.01,32.3,13.49,21.57,23.6,0,41.11,29.95,57.81,7.21,wheat,0.9,Irrigate soon
30.04,47.35,30.57,23.62,33.9,7.51,0,65.5,53.15,50.56,6.62,banana,1.25,Monitor
40.1,39.91,20.36,23.57,34.48,3.76,1,112.9,64.85,54.57,5.69,chickpea,0.75,Monitor
60.91,35.6,25.29,35.66,32.78,24.87,1,59.48,10.26,29.9,5.67,banana,1.25,No irrigation
39.71,47.79,28.6,38.35,32.04,9.66,1,21.63,62.11,62.63,7.3,banana,1.25,No irrigation
31.84,62.02,21.02,39.55,23.2,20.52,1,97.97,61.31,75.17,6.17,groundnut,0.85,No irrigation
33.07,58.15,24.01,27.4,21.2,20.11,1,22.07,17.79,63.71,5.77,groundnut,0.85,No irrigation
31.08,38.0,23.24,17.06,30.94,12.12,1,50.95,42.54,50.66,5.21,maize,1.0,Monitor
63.03,79.71,20.07,9.58,31.68,24.24,1,116.51,16.8,44.33,5.36,banana,1.25,No irrigation
60.94,57.42,30.22,19.25,29.22,23.99,1,98.9,31.19,40.21,5.57,chickpea,0.75,No irrigation
54.89,83.76,32.41,38.78,31.5,29.78,0,34.58,19.62,67.99,6.6,cotton,1.1,No irrigation
69.51,73.01,27.03,13.61,25.84,23.19,0,100.73,56.55,41.16,5.5,wheat,0.9,No irrigation
50.06,74.14,34.95,2.68,34.9,8.35,1,75.75,37.47,35.94,6.11,rice,1.3,No irrigation
17.0,33.17,31.42,0.68,29.97,12.43,1,61.55,60.25,78.02,7.59,rice,1.3,Irrigate now
22.37,26.72,30.41,30.65,28.89,15.26,1,31.98,58.65,66.1,6.91,maize,1.0,No irrigation
32.16,77.55,25.87,34.35,20.82,10.41,0,89.59,58.94,79.95,5.84,banana,1.25,No irrigation
37.66,25.21,30.62,3.0,24.63,10.39,0,22.61,27.11,27.01,5.28,maize,1.0,Irrigate soon
66.23,62.2,37.03,14.5,21.43,9.4,1,51.83,17.42,52.47,6.75,rice,1.3,No irrigation
27.73,39.36,36.83,22.01,28.12,26.06,1,110.63,49.47,21.53,6.21,rice,1.3,Monitor
32.15,81.46,21.86,13.33,31.12,5.83,0,114.9,45.3,21.94,6.43,cotton,1.1,Irrigate soon
59.52,48.42,22.14,6.35,34.09,27.06,0,28.2,20.1,57.15,6.71,banana,1.25,No irrigation
20.71,76.86,29.41,29.15,21.9,22.66,0,118.96,10.32,48.99,5.82,banana,1.25,No irrigation
55.14,78.93,29.85,9.52,26.45,19.17,1,39.25,41.67,37.38,6.21,wheat,0.9,No irrigation
37.63,60.48,25.39,24.66,33.34,21.79,1,84.83,39.86,78.56,6.22,maize,1.0,Monitor
56.07,68.39,31.53,32.58,28.7,29.08,0,33.24,12.41,79.88,7.23,groundnut,0.85,No irrigation
18.97,47.63,39.3,11.06,21.69,2.08,0,91.72,59.8,15.89,5.32,maize,1.0,Irrigate soon
39.59,30.29,32.96,4.93,25.53,29.36,1,85.95,50.82,43.82,5.6,groundnut,0.85,Irrigate soon
23.03,47.24,23.76,26.63,34.2,8.8,1,114.91,36.25,31.39,6.3,maize,1.0,No irrigation
18.38,82.23,21.19,18.35,24.34,13.58,1,34.07,26.76,42.7,5.04,banana,1.25,Irrigate soon
56.94,24.57,29.09,12.13,23.36,7.63,1,103.95,67.81,32.53,6.44,cotton,1.1,No irrigation
64.76,21.2,24.69,19.44,23.28,28.56,0,30.98,53.27,48.93,7.07,chickpea,0.75,No irrigation
62.41,56.15,26.2,16.15,20.94,28.8,0,44.12,26.97,67.63,7.27,groundnut,0.85,No irrigation
66.23,79.91,31.49,36.98,33.83,19.57,0,34.91,11.17,64.95,7.31,cotton,1.1,No irrigation
46.24,20.1,23.87,4.34,24.6,23.4,1,89.6,26.32,27.97,6.21,banana,1.25,Monitor
67.84,59.57,27.14,15.2,29.37,26.93,1,24.58,30.17,45.64,5.72,chickpea,0.75,No irrigation
42.12,50.16,31.25,27.59,21.55,27.09,0,61.07,12.63,45.36,6.6,groundnut,0.85,No irrigation
18.99,67.67,39.52,17.65,22.04,22.66,0,57.09,12.2,15.76,6.76,rice,1.3,Irrigate soon
69.52,65.01,37.8,35.72,21.4,27.86,0,29.35,25.02,53.89,7.24,banana,1.25,No irrigation
28.27,53.32,25.54,6.68,31.36,22.4,1,101.71,22.98,41.77,5.99,rice,1.3,Irrigate soon
42.7,36.05,31.51,0.0,30.45,28.17,1,75.63,19.86,63.03,7.94,wheat,0.9,Monitor
16.17,39.27,23.44,6.28,31.06,22.51,0,102.73,21.86,34.17,5.18,cotton,1.1,Irrigate soon
27.41,29.42,22.36,36.49,23.06,19.56,1,103.47,35.91,59.71,7.5,maize,1.0,No irrigation
41.06,20.53,27.49,21.32,30.27,27.0,0,28.48,19.45,19.76,6.25,cotton,1.1,Monitor
27.61,76.88,25.32,20.81,28.32,20.96,1,108.64,19.44,79.82,6.6,wheat,0.9,Monitor
26.86,51.43,23.44,33.47,26.68,10.84,0,112.62,57.9,69.32,5.59,chickpea,0.75,No irrigation
35.65,57.48,38.54,34.99,21.73,21.45,0,42.97,52.02,76.72,5.34,cotton,1.1,No irrigation
36.7,65.48,34.25,32.67,20.79,7.03,0,99.89,24.43,18.3,7.57,wheat,0.9,No irrigation
63.64,36.9,31.05,13.56,28.06,9.27,1,74.89,59.69,17.86,6.47,banana,1.25,No irrigation
26.29,76.2,24.41,25.45,27.77,19.5,0,62.21,48.03,20.21,7.28,cotton,1.1,No irrigation
24.05,39.34,36.94,1.2,31.48,23.84,0,106.29,53.39,20.44,5.49,groundnut,0.85,Irrigate now
59.44,61.01,21.65,7.62,34.3,4.75,1,25.72,47.85,77.96,5.08,maize,1.0,No irrigation
69.36,41.9,33.44,31.79,27.56,10.12,1,46.08,15.1,67.83,6.8,wheat,0.9,No irrigation
44.7,40.1,30.44,30.72,22.26,25.08,1,70.14,57.3,35.42,6.41,wheat,0.9,No irrigation
38.91,21.84,31.98,0.11,23.92,8.88,1,83.67,15.32,62.05,5.83,maize,1.0,Irrigate soon
37.29,59.41,24.72,5.97,24.04,8.38,1,56.96,12.94,35.16,5.51,wheat,0.9,Irrigate soon
35.64,22.93,34.29,25.0,20.8,7.82,1,80.21,46.85,44.9,6.07,rice,1.3,No irrigation
57.48,74.5,39.06,34.25,27.89,5.52,0,46.78,12.82,22.96,6.18,banana,1.25,No irrigation
44.07,82.31,38.3,29.54,23.92,22.53,0,74.75,38.42,72.23,5.75,maize,1.0,No irrigation
35.79,73.47,30.57,2.57,24.02,6.34,0,34.15,34.0,59.06,7.18,wheat,0.9,Irrigate soon
46.43,66.86,34.61,16.31,22.38,8.8,1,95.65,17.83,61.95,7.54,cotton,1.1,Monitor
26.76,41.67,35.57,3.29,33.1,25.02,1,114.55,47.9,25.18,7.84,chickpea,0.75,Irrigate now
56.67,80.64,20.85,16.13,23.44,20.92,1,74.35,21.22,27.46,7.6,groundnut,0.85,No irrigation
16.28,25.92,27.55,16.45,24.2,10.14,0,97.2,53.85,38.94,6.67,wheat,0.9,Monitor
43.53,78.13,25.51,29.02,22.01,19.08,0,87.37,30.4,33.83,6.92,banana,1.25,No irrigation
31.03,34.32,24.32,38.79,32.36,7.44,1,78.71,63.01,22.94,7.19,banana,1.25,No irrigation
22.78,27.15,21.89,23.99,27.89,22.2,0,74.44,46.39,27.91,6.78,groundnut,0.85,Monitor
52.33,54.48,22.69,25.76,34.99,3.1,1,105.48,53.4,77.15,7.75,wheat,0.9,No irrigation
56.87,54.77,39.23,39.66,21.43,28.9,1,97.89,53.22,49.09,5.03,maize,1.0,No irrigation
26.48,21.86,36.21,23.44,25.02,13.62,0,103.76,41.43,15.85,7.07,chickpea,0.75,Monitor
40.98,69.2,25.28,11.35,34.69,5.35,1,111.67,62.94,59.21,6.18,wheat,0.9,Monitor
58.56,29.37,21.16,12.45,21.06,5.45,1,30.89,27.53,30.04,6.59,chickpea,0.75,No irrigation
61.09,61.06,35.13,16.29,22.56,22.24,0,80.66,40.35,19.78,6.35,chickpea,0.75,No irrigation
33.57,25.37,25.1,1.46,31.19,22.46,0,71.97,34.43,63.56,7.49,groundnut,0.85,Irrigate soon
16.17,75.44,24.75,37.42,26.43,29.06,0,71.93,15.76,63.51,6.28,banana,1.25,No irrigation
15.99,22.95,23.86,39.61,27.8,7.69,1,59.78,46.45,68.18,7.29,cotton,1.1,No irrigation
23.47,51.89,26.41,29.81,21.5,6.91,0,45.4,30.43,18.38,6.29,wheat,0.9,No irrigation
25.09,60.04,29.71,33.9,26.37,17.72,0,82.12,69.04,69.04,5.87,rice,1.3,No irrigation
21.37,41.28,31.09,31.75,34.78,23.85,1,49.84,38.61,58.36,6.65,wheat,0.9,No irrigation
22.51,23.23,24.67,14.97,30.86,3.5,1,65.15,51.64,54.37,5.14,chickpea,0.75,Irrigate soon
69.63,60.66,21.3,11.57,28.61,28.18,1,119.19,44.97,25.76,7.27,groundnut,0.85,No irrigation
46.5,85.98,28.41,24.98,32.12,26.35,1,103.03,48.5,64.37,7.24,groundnut,0.85,Monitor
52.31,88.69,29.12,35.57,24.43,16.99,1,77.93,48.21,51.97,5.44,wheat,0.9,No irrigation
20.66,21.49,30.01,12.38,29.28,29.3,0,115.33,63.43,22.04,7.52,banana,1.25,Irrigate soon
60.07,40.61,22.83,38.76,26.06,17.68,0,60.78,51.98,79.35,6.42,cotton,1.1,No irrigation
50.21,52.0,28.35,35.66,29.63,6.87,0,50.95,66.58,62.09,6.56,maize,1.0,No irrigation
32.92,66.38,38.16,26.01,33.48,16.57,0,103.6,68.86,68.82,7.69,cotton,1.1,No irrigation
63.8,28.25,22.85,27.81,29.15,11.56,0,60.62,55.79,50.39,5.44,groundnut,0.85,No irrigation
29.63,74.85,27.65,15.13,26.1,4.04,0,21.49,38.92,42.69,7.02,groundnut,0.85,Monitor
63.53,73.65,36.14,12.55,25.05,27.87,0,45.19,21.52,32.36,6.62,maize,1.0,No irrigation
47.32,74.12,37.0,10.88,33.48,25.93,0,67.84,23.42,15.42,7.56,cotton,1.1,Monitor
48.02,83.51,27.79,39.94,21.75,29.43,1,70.39,14.5,58.44,7.44,chickpea,0.75,No irrigation
60.3,77.63,20.51,37.81,25.63,3.57,1,28.01,47.79,19.76,7.21,rice,1.3,No irrigation
39.92,74.16,37.26,20.87,33.08,28.58,1,82.7,13.02,38.94,6.91,chickpea,0.75,Monitor
15.92,54.67,28.85,11.26,22.43,22.0,1,108.54,53.56,64.59,6.23,maize,1.0,Irrigate soon
47.8,44.12,31.11,3.68,33.09,22.3,1,112.28,65.39,78.83,6.7,wheat,0.9,Monitor
18.67,74.44,20.45,37.46,30.12,9.36,0,39.84,37.23,20.8,5.4,chickpea,0.75,No irrigation
34.68,85.14,24.05,36.63,26.02,15.08,0,66.43,22.3,79.75,7.72,groundnut,0.85,No irrigation
20.59,62.2,20.01,4.5,31.26,8.66,1,33.24,39.74,52.27,6.03,rice,1.3,Irrigate soon
25.47,51.32,37.83,21.81,24.61,18.59,0,106.46,29.38,24.16,6.19,wheat,0.9,Monitor
17.37,77.22,28.62,11.39,20.79,14.65,1,103.2,33.9,49.72,7.78,cotton,1.1,Irrigate soon
55.75,54.98,30.27,36.61,21.13,25.35,0,107.82,63.66,53.28,7.48,rice,1.3,No irrigation
49.55,38.28,38.61,16.79,28.59,11.52,1,98.44,51.21,43.47,7.27,banana,1.25,Monitor
60.45,81.23,30.79,35.07,32.72,6.96,1,60.84,30.31,52.21,6.35,groundnut,0.85,No irrigation
16.26,74.99,31.77,28.77,26.43,21.06,0,65.36,52.01,41.17,7.81,maize,1.0,No irrigation
64.52,56.28,36.15,34.4,20.23,23.41,1,74.06,15.06,69.64,5.54,groundnut,0.85,No irrigation
34.21,67.17,21.72,15.73,33.1,12.25,1,73.91,36.84,21.82,5.79,wheat,0.9,Monitor
23.27,25.1,33.03,37.48,21.09,17.98,1,76.79,68.13,64.07,7.86,wheat,0.9,No irrigation
47.48,74.08,25.37,17.2,29.13,10.09,0,115.31,17.61,74.71,7.55,banana,1.25,Monitor
16.87,62.36,34.59,26.49,28.13,29.3,1,70.74,27.51,23.45,7.65,chickpea,0.75,No irrigation
61.54,62.68,31.07,2.64,21.26,11.71,1,116.24,55.07,17.33,6.96,rice,1.3,No irrigation
34.63,32.53,37.9,16.07,25.86,7.49,0,22.62,46.93,32.87,7.34,wheat,0.9,Monitor
18.49,63.95,39.47,19.8,27.98,12.77,0,105.7,44.48,43.37,6.49,banana,1.25,Irrigate soon
23.47,78.39,26.4,23.07,27.41,22.99,1,88.16,10.04,56.83,7.05,banana,1.25,Monitor
28.06,23.63,25.39,1.2,33.42,12.09,1,58.09,47.17,59.56,6.71,rice,1.3,Irrigate soon
52.02,31.75,38.0,7.04,31.2,25.87,1,45.12,66.05,40.56,6.78,maize,1.0,No irrigation
22.72,77.85,32.23,7.43,23.7,28.65,1,98.95,59.82,29.44,7.82,wheat,0.9,Irrigate now
67.83,84.66,38.69,13.61,22.47,4.23,1,38.66,55.69,61.96,7.8,maize,1.0,No irrigation
65.27,44.03,23.35,23.02,26.05,18.5,0,54.33,46.48,59.62,5.31,banana,1.25,No irrigation
69.53,55.31,31.2,15.65,25.49,28.65,1,71.89,67.38,76.72,6.68,rice,1.3,No irrigation
48.54,72.92,35.46,11.49,23.93,2.21,1,82.81,17.2,58.9,6.54,wheat,0.9,Monitor
19.1,78.27,38.28,23.96,22.47,7.58,1,78.2,26.15,17.45,7.52,maize,1.0,Monitor
36.7,26.17,25.87,4.3,32.41,7.66,0,92.89,31.97,72.6,7.45,cotton,1.1,Irrigate soon
55.03,86.54,21.95,31.95,26.71,10.88,0,115.98,25.95,70.03,7.09,groundnut,0.85,No irrigation
59.13,39.84,35.4,3.49,31.65,6.97,1,81.57,66.88,22.93,6.78,cotton,1.1,No irrigation
45.88,62.36,36.7,30.31,20.1,12.11,0,104.47,41.61,70.67,6.04,maize,1.0,No irrigation
63.96,85.46,31.15,36.52,31.64,13.65,1,106.4,45.01,42.01,7.26,wheat,0.9,No irrigation
39.32,40.91,23.35,19.71,25.07,11.44,1,74.13,30.37,53.24,7.89,banana,1.25,Irrigate soon
62.67,75.13,36.83,11.52,27.53,10.53,0,116.76,58.75,42.83,6.0,maize,1.0,No irrigation
66.29,20.44,20.79,6.24,24.6,19.9,0,27.27,24.19,56.77,7.48,banana,1.25,No irrigation
21.37,42.82,26.35,8.33,24.86,15.45,0,83.34,35.54,62.98,7.05,chickpea,0.75,Irrigate soon
31.68,79.58,30.5,15.32,28.8,29.86,1,34.41,67.79,59.87,7.81,cotton,1.1,Monitor
39.7,64.61,28.82,37.98,29.65,6.19,0,32.97,60.76,79.01,7.11,chickpea,0.75,No irrigation
30.84,86.48,21.39,8.74,32.2,21.81,0,93.7,21.43,19.09,5.6,maize,1.0,Irrigate soon
63.33,65.16,32.54,24.96,20.88,22.67,0,71.96,34.92,46.82,5.61,wheat,0.9,No irrigation
40.48,21.7,23.3,18.87,27.78,4.44,1,37.69,20.84,37.76,6.39,chickpea,0.75,Monitor
56.08,45.42,32.55,19.35,25.68,26.16,0,52.54,47.12,48.21,7.33,groundnut,0.85,No irrigation
55.8,46.77,33.15,9.64,21.53,3.49,0,91.83,67.62,56.95,5.53,cotton,1.1,No irrigation
52.81,33.88,35.74,29.13,33.89,20.35,0,115.67,65.57,36.18,5.52,wheat,0.9,No irrigation
67.54,83.67,24.28,16.48,22.57,4.82,1,99.94,49.43,53.04,6.92,maize,1.0,No irrigation
45.42,30.07,37.93,13.0,25.46,29.0,0,52.02,66.38,32.34,5.37,groundnut,0.85,Monitor
50.45,71.6,37.65,8.75,32.12,10.12,0,77.1,25.66,31.5,7.43,banana,1.25,No irrigation
42.4,70.08,22.33,35.73,29.05,25.74,1,20.27,44.26,43.61,5.49,chickpea,0.75,No irrigation
28.56,83.08,29.37,21.08,27.47,5.15,1,90.79,59.05,23.99,7.85,wheat,0.9,Monitor
28.37,30.45,36.25,30.11,21.48,24.21,1,92.92,53.57,18.53,5.57,rice,1.3,No irrigation
63.59,38.57,31.08,24.26,34.1,26.78,1,54.93,22.64,63.1,7.11,chickpea,0.75,No irrigation
51.7,45.02,24.74,21.4,33.86,24.36,0,40.2,26.69,34.64,7.77,groundnut,0.85,No irrigation
19.51,60.09,35.88,12.83,26.9,11.71,0,115.41,62.32,52.08,7.79,rice,1.3,Irrigate soon
16.26,30.45,31.54,31.17,30.95,18.43,1,86.4,15.55,27.92,5.83,banana,1.25,No irrigation
55.42,33.5,32.24,7.85,20.07,13.64,1,28.26,51.21,47.49,6.83,rice,1.3,No irrigation
22.99,23.39,23.02,6.07,23.11,5.31,1,61.01,55.16,24.08,5.35,banana,1.25,Irrigate soon
56.03,26.25,22.25,16.11,21.94,7.06,0,81.75,11.92,23.84,6.03,groundnut,0.85,No irrigation
65.9,73.2,38.65,7.92,29.34,22.43,0,49.36,21.55,39.72,5.63,rice,1.3,No irrigation
51.32,51.87,37.54,32.45,31.65,4.9,1,37.61,15.41,16.48,6.68,cotton,1.1,No irrigation
49.39,29.84,26.74,0.35,29.97,29.5,0,79.63,32.53,16.11,7.47,maize,1.0,Monitor
53.53,45.67,39.35,28.86,32.59,3.85,0,100.54,22.88,58.35,6.79,maize,1.0,No irrigation
57.86,60.84,36.47,31.05,23.43,14.7,0,47.55,35.43,38.34,5.98,chickpea,0.75,No irrigation
36.31,73.38,22.61,33.85,23.89,4.1,0,22.56,69.41,75.46,6.27,chickpea,0.75,No irrigation
48.78,53.55,31.15,11.12,22.5,19.34,1,91.88,67.84,43.03,7.59,rice,1.3,Monitor
37.68,29.1,37.2,21.24,34.18,5.0,1,46.11,61.84,68.8,7.05,groundnut,0.85,Monitor
15.42,69.08,37.33,1.3,20.88,2.47,1,110.8,34.33,47.27,7.74,groundnut,0.85,Irrigate now
39.83,49.62,35.74,24.92,25.56,18.52,1,57.2,35.51,26.21,5.74,cotton,1.1,Monitor
61.29,29.58,36.2,18.47,20.04,3.24,0,96.92,57.84,48.42,5.12,rice,1.3,No irrigation
59.34,71.57,28.25,9.19,26.74,9.73,0,68.9,35.43,17.77,5.04,rice,1.3,No irrigation
59.68,66.91,28.96,5.93,20.46,22.15,1,90.43,37.81,27.71,5.13,cotton,1.1,No irrigation
20.59,23.77,34.25,13.29,34.53,24.76,1,56.11,41.84,32.91,5.9,banana,1.25,Irrigate soon
37.03,27.99,23.93,0.7,26.53,11.77,1,64.68,52.2,53.75,6.49,maize,1.0,Irrigate soon
21.63,20.38,23.98,26.84,33.08,7.61,1,35.66,58.59,76.02,7.77,banana,1.25,No irrigation
39.06,47.55,36.46,3.16,28.78,16.69,0,89.95,38.5,17.09,7.94,cotton,1.1,Irrigate soon
37.81,27.01,39.3,25.07,20.37,3.9,0,25.06,45.31,58.32,5.37,chickpea,0.75,No irrigation
17.05,72.43,25.25,9.44,31.52,17.46,1,77.42,28.9,58.4,7.12,chickpea,0.75,Irrigate soon
58.15,22.96,32.21,20.07,32.12,10.33,1,112.93,33.7,54.4,7.97,groundnut,0.85,No irrigation
27.3,24.56,29.26,17.56,21.8,13.61,1,30.21,64.48,77.1,5.45,cotton,1.1,Monitor
30.77,23.44,29.6,10.65,23.5,6.88,1,63.69,22.66,59.78,6.55,wheat,0.9,Irrigate soon
47.73,60.8,38.24,39.83,26.69,2.41,1,36.51,35.85,79.22,6.98,rice,1.3,No irrigation
26.79,23.57,29.21,36.16,32.66,4.96,1,25.49,19.5,58.25,5.08,banana,1.25,No irrigation
51.32,38.16,36.99,36.08,28.19,29.25,0,43.52,51.06,63.81,6.71,wheat,0.9,No irrigation
42.75,89.51,31.69,36.03,33.46,4.34,1,116.25,53.86,49.94,6.88,chickpea,0.75,No irrigation
66.03,55.58,36.31,34.06,34.56,27.99,1,50.41,18.29,64.26,6.35,chickpea,0.75,No irrigation
43.71,71.62,24.66,39.31,34.59,12.47,0,73.91,13.7,16.67,6.62,cotton,1.1,No irrigation
41.09,53.13,21.87,33.7,32.63,12.65,0,49.96,34.19,64.7,7.0,maize,1.0,No irrigation
43.1,54.98,36.34,10.82,22.48,20.77,0,66.34,55.13,52.61,8.0,banana,1.25,Irrigate soon
41.24,64.48,25.34,23.55,23.44,5.3,0,99.01,35.41,38.05,5.13,wheat,0.9,Monitor
50.33,32.39,25.68,35.75,30.36,17.63,1,92.29,31.24,65.64,6.38,banana,1.25,No irrigation
62.24,66.1,32.82,7.27,29.6,26.77,1,90.2,26.98,54.64,6.15,maize,1.0,No irrigation
54.62,85.49,28.59,10.63,27.68,6.25,1,21.16,43.65,21.64,5.43,chickpea,0.75,No irrigation
46.9,37.02,32.61,11.01,28.2,2.01,0,46.59,34.01,60.28,5.68,rice,1.3,Monitor
63.42,29.62,25.17,19.18,34.86,23.08,1,80.19,14.09,16.43,7.5,rice,1.3,No irrigation
31.49,35.01,36.59,23.46,31.35,22.29,1,86.12,69.23,56.61,5.49,banana,1.25,Monitor
63.02,70.03,22.16,8.53,30.8,27.04,1,38.66,24.92,74.69,5.96,wheat,0.9,No irrigation
20.19,43.27,36.6,0.88,22.48,27.38,1,95.05,39.74,32.04,6.85,cotton,1.1,Irrigate now
32.48,22.21,23.86,11.57,20.42,17.88,1,104.51,38.2,63.12,7.69,groundnut,0.85,Irrigate soon
18.59,56.11,34.0,23.78,28.6,17.31,0,74.67,67.39,62.42,7.6,cotton,1.1,Monitor
60.83,30.18,25.43,17.71,26.21,25.74,0,98.73,60.38,55.47,7.76,groundnut,0.85,No irrigation
35.71,38.55,28.44,26.53,29.26,27.62,1,89.65,42.97,35.26,6.52,wheat,0.9,No irrigation
32.18,82.48,21.81,13.61,23.92,10.78,0,31.06,46.82,61.95,7.04,rice,1.3,Irrigate soon
61.47,74.67,39.89,9.86,33.93,26.9,0,55.13,14.22,20.11,7.05,rice,1.3,No irrigation
27.49,61.72,35.05,22.21,25.92,13.79,0,61.08,52.56,23.17,6.54,chickpea,0.75,Monitor
33.02,61.96,27.58,0.31,20.37,20.37,1,100.7,27.92,78.13,5.75,rice,1.3,Irrigate soon
31.13,46.34,27.5,34.61,31.78,22.74,1,63.13,34.63,36.25,6.31,maize,1.0,No irrigation
15.79,75.34,26.21,16.94,25.46,23.18,1,73.75,11.75,44.29,7.86,banana,1.25,Irrigate soon
32.54,35.45,35.63,32.21,20.43,5.66,1,45.81,34.27,39.78,5.39,groundnut,0.85,No irrigation
25.14,49.31,34.01,2.17,25.95,11.35,1,42.89,13.22,60.16,7.03,maize,1.0,Irrigate now
62.06,28.29,23.04,7.24,31.43,14.65,1,89.39,38.44,41.08,7.29,wheat,0.9,No irrigation
18.7,21.94,21.58,11.24,34.75,4.58,1,73.34,41.02,40.24,5.18,banana,1.25,Irrigate soon
64.74,57.58,22.17,23.55,34.73,15.47,1,119.16,17.67,71.85,5.52,wheat,0.9,No irrigation
63.54,45.09,38.61,35.89,33.96,9.65,0,119.42,34.51,32.1,5.49,banana,1.25,No irrigation
38.37,30.31,22.22,6.58,23.06,9.03,1,54.22,35.81,60.27,7.19,banana,1.25,Irrigate soon
56.39,23.37,31.08,38.95,29.53,12.32,1,114.8,20.49,23.31,7.02,groundnut,0.85,No irrigation
56.31,55.24,37.57,14.48,31.29,28.6,0,23.14,66.67,31.54,6.96,chickpea,0.75,No irrigation
50.87,43.7,22.91,7.87,33.2,5.12,0,35.42,52.78,44.08,7.31,wheat,0.9,No irrigation
57.09,71.17,29.83,37.6,31.0,29.53,1,63.84,56.41,64.67,5.73,chickpea,0.75,No irrigation
50.48,67.5,23.33,6.79,22.87,25.31,1,88.51,59.18,73.35,6.06,rice,1.3,No irrigation
51.03,24.25,36.94,24.27,25.81,8.91,0,45.49,52.89,27.63,6.16,banana,1.25,No irrigation
68.84,42.75,30.91,33.19,24.0,27.03,1,104.78,62.87,15.77,7.57,banana,1.25,No irrigation
53.5,64.41,22.08,2.76,33.09,14.34,1,71.42,14.02,42.62,7.97,chickpea,0.75,No irrigation
28.98,84.18,39.11,10.47,26.41,25.12,0,101.94,62.74,59.75,6.43,wheat,0.9,Irrigate soon
26.96,69.32,31.05,0.62,30.29,23.16,1,44.09,45.75,24.56,6.37,wheat,0.9,Irrigate now
43.19,37.88,30.78,15.44,29.33,18.22,0,108.48,55.86,53.93,5.92,chickpea,0.75,Monitor
41.47,69.22,36.75,4.19,32.6,21.07,1,57.68,12.19,20.82,7.19,wheat,0.9,Monitor
44.72,87.45,34.21,7.0,21.98,7.7,0,79.24,19.76,30.31,6.7,rice,1.3,Irrigate soon
23.3,27.89,32.92,21.99,20.45,27.76,0,114.37,43.99,78.92,6.55,wheat,0.9,Monitor
65.83,69.82,31.14,8.48,22.19,3.25,0,21.49,23.8,72.78,5.05,groundnut,0.85,No irrigation
43.71,52.29,27.59,1.81,20.45,25.56,1,91.49,17.3,50.6,7.45,maize,1.0,Monitor
35.5,75.78,25.78,36.69,23.53,17.48,1,84.99,48.47,20.53,6.53,rice,1.3,No irrigation
58.24,39.35,35.66,30.66,28.25,5.87,1,50.93,61.98,53.27,7.5,banana,1.25,No irrigation
20.37,20.26,34.67,39.78,26.86,23.04,0,20.35,59.04,33.13,5.99,groundnut,0.85,No irrigation
47.36,50.63,21.49,0.78,30.34,14.21,1,62.21,15.52,15.85,6.94,chickpea,0.75,Monitor
31.45,26.06,21.81,33.63,34.9,8.29,1,20.16,36.82,36.06,6.2,banana,1.25,No irrigation
65.73,61.4,35.45,18.78,27.84,2.42,0,62.99,42.89,34.12,5.42,wheat,0.9,No irrigation
54.91,59.52,28.11,15.54,26.89,2.43,0,73.99,43.48,48.8,6.91,rice,1.3,No irrigation
40.99,89.65,33.21,19.41,29.22,12.19,1,100.29,35.73,38.6,7.53,wheat,0.9,Monitor
40.0,46.39,33.86,9.47,20.33,4.44,1,108.12,55.84,38.3,7.55,groundnut,0.85,Irrigate soon
43.71,59.13,37.45,15.21,24.54,4.2,0,96.11,68.82,52.16,7.8,rice,1.3,Irrigate soon
58.12,45.28,30.21,38.86,21.77,15.63,1,90.61,50.26,23.97,5.89,wheat,0.9,No irrigation
25.17,25.22,30.84,31.89,29.67,6.05,0,80.86,45.53,76.1,6.31,maize,1.0,No irrigation
23.95,62.22,29.55,20.49,21.12,3.5,1,92.1,31.99,74.56,5.32,wheat,0.9,Monitor
34.06,40.56,29.72,33.4,24.78,23.83,0,20.29,44.68,23.21,7.61,cotton,1.1,No irrigation
60.68,69.72,20.36,29.37,20.95,13.18,1,61.0,67.04,44.86,5.63,maize,1.0,No irrigation
30.31,80.52,39.84,20.12,33.79,19.11,1,20.51,15.34,48.81,7.84,banana,1.25,Monitor
43.42,31.26,25.24,18.1,21.35,29.82,0,58.95,66.04,75.07,7.38,chickpea,0.75,Monitor
15.34,24.61,35.73,37.72,29.62,23.09,0,29.15,44.46,78.36,6.83,banana,1.25,No irrigation
40.51,76.51,39.62,26.28,24.72,13.97,0,94.39,23.64,68.1,7.38,rice,1.3,No irrigation
60.14,29.53,20.88,18.5,32.14,18.62,0,20.46,39.03,73.89,7.49,groundnut,0.85,No irrigation
19.76,55.29,35.7,22.47,24.91,10.2,0,99.74,41.31,41.86,6.67,maize,1.0,Monitor
62.59,48.85,22.63,10.28,34.35,23.45,1,103.63,15.29,55.59,7.16,maize,1.0,No irrigation
68.76,34.15,26.22,21.54,23.2,23.57,0,23.55,29.94,24.99,7.32,groundnut,0.85,No irrigation
48.59,35.52,23.66,18.73,24.45,29.18,1,63.79,41.44,72.29,5.73,banana,1.25,Monitor
65.51,49.45,21.21,34.48,34.69,14.19,1,64.78,45.3,29.24,7.15,chickpea,0.75,No irrigation
64.0,85.17,30.07,21.89,34.52,10.9,0,58.26,68.88,74.0,7.91,chickpea,0.75,No irrigation
37.32,29.65,20.95,13.36,26.68,14.44,1,90.47,33.61,44.18,6.01,rice,1.3,Irrigate soon
35.03,47.79,24.12,7.31,32.37,18.63,1,110.23,29.47,17.76,6.89,chickpea,0.75,Irrigate soon
55.18,66.63,32.0,35.58,21.5,4.33,0,66.27,40.45,40.21,6.8,groundnut,0.85,No irrigation
16.05,43.0,25.9,37.7,30.23,3.51,0,36.82,11.43,61.61,6.11,maize,1.0,No irrigation
32.33,84.39,25.36,37.62,30.24,29.95,0,86.69,20.93,73.57,7.35,wheat,0.9,No irrigation
34.65,87.34,20.21,34.4,31.39,21.59,0,27.89,16.66,28.95,7.16,maize,1.0,No irrigation
64.86,44.29,35.96,27.46,28.82,14.32,1,23.2,26.95,77.13,6.48,banana,1.25,No irrigation
39.36,33.39,22.58,23.8,20.74,11.91,1,84.39,64.81,58.32,7.49,rice,1.3,Monitor
15.53,47.49,39.15,24.88,34.55,23.64,0,40.33,63.84,22.7,5.83,maize,1.0,Monitor
66.57,81.48,28.57,20.26,30.48,23.29,0,27.2,27.99,54.87,5.28,maize,1.0,No irrigation
69.48,43.58,32.31,35.68,34.4,12.06,0,110.93,51.16,37.13,5.14,cotton,1.1,No irrigation
18.89,24.15,39.28,22.78,28.66,20.04,1,77.12,66.57,74.07,6.64,rice,1.3,Monitor
45.07,70.2,29.55,1.76,30.43,8.77,1,70.1,51.66,23.14,7.67,maize,1.0,Monitor
51.42,59.92,25.78,23.24,34.45,12.5,0,22.05,33.56,44.8,7.28,banana,1.25,No irrigation
23.64,42.97,24.36,25.32,32.43,4.04,0,118.54,28.79,23.45,6.17,chickpea,0.75,No irrigation
20.82,57.61,23.68,2.45,22.8,28.52,0,41.88,23.28,36.52,5.29,rice,1.3,Irrigate now
55.55,22.24,20.8,35.8,26.33,20.95,1,44.43,48.23,77.34,6.67,cotton,1.1,No irrigation
43.07,37.01,23.03,36.11,21.33,12.99,0,99.46,46.98,15.42,7.69,chickpea,0.75,No irrigation
67.67,84.65,29.13,30.17,34.94,17.58,1,52.33,43.94,27.09,5.51,groundnut,0.85,No irrigation
47.65,49.64,23.35,1.86,34.3,8.73,0,99.73,63.08,24.2,6.11,wheat,0.9,Monitor
25.26,37.91,39.67,35.6,30.42,5.53,1,31.45,58.07,69.72,5.68,banana,1.25,No irrigation
45.29,32.67,28.63,38.3,21.48,24.27,0,26.75,64.41,49.09,5.37,wheat,0.9,No irrigation
65.04,70.6,33.73,22.62,26.51,23.64,1,41.14,32.29,50.77,5.24,wheat,0.9,No irrigation
63.44,59.83,29.28,38.91,22.51,21.34,1,75.6,12.67,18.27,7.98,chickpea,0.75,No irrigation
65.44,53.51,35.31,27.97,32.87,3.88,1,80.87,19.27,74.06,6.44,maize,1.0,No irrigation
59.2,39.33,39.23,12.44,20.8,4.69,0,36.81,55.24,25.56,5.16,wheat,0.9,No irrigation
26.76,40.62,22.55,37.06,34.69,5.79,0,25.92,15.32,33.12,7.96,groundnut,0.85,No irrigation
26.63,29.22,34.99,21.0,21.65,13.8,1,77.73,52.63,60.57,7.02,groundnut,0.85,Monitor
49.5,20.91,20.72,8.31,20.76,28.24,0,41.9,17.87,61.6,6.49,banana,1.25,Monitor
66.17,68.68,22.06,14.92,22.91,27.16,0,70.33,35.08,72.61,6.22,cotton,1.1,No irrigation
25.84,67.75,36.5,13.78,31.9,8.46,1,65.69,31.35,73.7,5.29,wheat,0.9,Irrigate soon
27.33,73.75,33.68,26.07,34.86,4.51,0,66.97,32.69,54.53,7.58,maize,1.0,No irrigation
47.01,86.91,24.36,37.76,20.44,8.94,1,26.69,33.23,25.54,6.7,banana,1.25,No irrigation
62.77,85.72,28.4,0.56,20.84,13.36,1,116.88,35.06,78.03,6.18,banana,1.25,No irrigation
63.24,22.84,24.68,15.76,22.29,17.97,1,56.21,13.63,52.78,7.34,banana,1.25,No irrigation
29.01,65.92,28.82,17.26,34.7,21.18,0,91.73,44.05,37.35,5.91,wheat,0.9,Monitor
35.73,51.75,22.59,6.76,22.02,26.7,0,28.85,68.12,31.62,7.36,groundnut,0.85,Irrigate soon
22.56,78.01,26.87,26.18,30.43,9.46,0,30.14,40.88,48.36,7.66,rice,1.3,No irrigation
44.36,54.51,39.73,38.01,29.27,22.72,1,34.75,24.41,35.22,7.46,rice,1.3,No irrigation
51.19,59.96,27.61,8.82,28.4,24.54,0,92.02,67.74,33.31,6.38,maize,1.0,No irrigation
63.89,66.67,27.29,9.43,23.68,28.58,0,100.89,24.45,20.11,7.5,banana,1.25,No irrigation
51.77,54.97,20.56,39.21,24.01,26.18,1,111.61,43.82,32.46,5.99,cotton,1.1,No irrigation
37.08,69.85,34.41,39.61,30.83,28.4,1,114.7,31.63,30.6,6.11,cotton,1.1,No irrigation
69.51,38.96,27.73,29.13,31.65,12.7,0,63.09,64.36,23.22,5.53,chickpea,0.75,No irrigation
35.35,57.48,38.17,22.91,33.88,28.23,1,70.8,58.89,27.05,6.2,maize,1.0,Monitor
32.77,85.8,31.51,15.88,32.66,7.09,0,21.35,62.21,32.95,5.72,banana,1.25,Irrigate soon
54.46,89.11,25.31,15.39,34.0,10.01,1,85.07,45.01,31.11,7.69,cotton,1.1,No irrigation
59.91,41.07,26.33,12.36,30.78,3.56,1,42.0,56.22,29.69,7.88,groundnut,0.85,No irrigation
64.7,22.1,32.91,29.23,27.44,16.86,1,111.98,18.53,22.82,6.11,wheat,0.9,No irrigation
39.56,84.13,31.14,12.73,23.14,24.84,1,93.91,20.57,72.8,6.52,cotton,1.1,Irrigate soon
29.29,79.09,33.01,27.15,20.73,15.92,0,106.97,66.03,58.99,7.07,cotton,1.1,No irrigation
58.81,81.27,36.41,8.9,26.67,14.68,1,60.03,29.43,27.24,6.4,rice,1.3,No irrigation
30.33,24.34,36.55,37.0,29.44,12.0,0,101.37,65.95,19.09,7.78,chickpea,0.75,No irrigation
32.9,56.34,39.68,1.45,33.81,15.55,0,92.95,13.94,27.11,6.39,banana,1.25,Irrigate now
66.99,28.39,20.53,12.04,34.51,21.38,0,96.92,23.06,40.87,7.42,groundnut,0.85,No irrigation
19.78,89.54,38.17,7.94,22.97,19.43,1,90.92,41.09,40.4,7.72,rice,1.3,Irrigate now
48.05,33.05,34.53,34.24,31.76,11.63,1,116.64,31.13,73.06,6.98,maize,1.0,No irrigation
65.02,30.39,23.02,27.73,32.22,8.35,0,109.36,46.2,26.33,5.86,banana,1.25,No irrigation
41.05,68.54,37.89,33.26,31.73,8.31,0,62.32,15.23,37.75,5.1,cotton,1.1,No irrigation
20.04,23.43,39.52,1.82,22.81,19.0,0,96.45,58.42,68.93,5.6,rice,1.3,Irrigate now
20.43,54.4,23.12,3.99,29.67,28.66,0,109.29,43.5,51.41,7.89,groundnut,0.85,Irrigate now
19.93,80.13,33.32,33.67,26.52,21.81,1,73.41,25.5,41.16,5.6,cotton,1.1,No irrigation
56.46,29.17,24.2,38.79,23.25,21.34,0,34.16,19.68,61.28,5.05,rice,1.3,No irrigation
56.49,40.44,39.94,13.84,34.86,26.03,0,91.74,49.9,59.55,7.58,maize,1.0,No irrigation
55.38,44.76,21.14,7.32,33.33,29.8,1,41.11,49.37,73.51,5.73,groundnut,0.85,No irrigation
58.47,53.52,35.97,2.67,29.72,16.88,1,59.68,57.58,32.93,7.48,rice,1.3,No irrigation
41.71,42.07,37.14,37.99,31.58,20.29,1,34.85,63.31,19.66,7.32,maize,1.0,No irrigation
37.07,24.01,35.69,26.56,23.44,25.19,1,85.69,33.17,35.4,5.83,cotton,1.1,No irrigation
17.48,42.29,31.37,31.97,34.05,20.47,1,28.65,68.64,32.4,5.23,banana,1.25,No irrigation
65.51,43.96,28.57,0.68,34.0,4.56,1,79.24,22.69,35.87,6.64,chickpea,0.75,No irrigation
59.27,24.21,36.07,32.45,20.27,6.72,0,86.67,14.27,71.35,6.49,maize,1.0,No irrigation
55.09,26.29,26.15,37.63,28.57,23.05,1,110.59,47.22,45.08,6.7,cotton,1.1,No irrigation
37.33,59.65,30.46,8.62,22.47,15.74,1,43.13,57.87,79.03,5.56,cotton,1.1,Irrigate soon
50.86,67.25,20.57,38.37,30.43,28.99,1,84.87,35.22,30.42,6.91,maize,1.0,No irrigation
66.74,67.95,38.0,27.93,24.63,5.23,0,83.0,32.93,35.07,5.09,wheat,0.9,No irrigation
51.97,74.99,32.74,7.27,21.87,3.28,0,78.61,31.12,16.53,6.05,banana,1.25,No irrigation
35.8,89.52,31.26,18.24,33.82,15.44,0,20.12,35.25,51.48,6.19,chickpea,0.75,Monitor
44.96,73.38,29.93,11.91,26.72,14.6,1,108.48,15.34,68.05,6.16,chickpea,0.75,Monitor
38.46,89.34,25.14,13.23,20.35,8.84,1,89.9,38.22,17.45,7.22,chickpea,0.75,Irrigate soon
46.08,63.15,39.26,17.66,21.65,19.78,1,33.74,51.76,29.48,5.62,groundnut,0.85,Monitor
35.4,52.62,20.16,14.72,21.65,16.81,1,61.35,22.38,34.48,7.96,banana,1.25,Irrigate soon
32.27,40.3,30.49,34.0,32.61,23.38,1,54.87,26.9,57.73,5.74,chickpea,0.75,No irrigation
56.45,81.23,38.84,11.69,23.32,21.85,0,99.17,28.32,22.89,6.71,wheat,0.9,No irrigation
47.4,72.71,24.85,28.23,32.87,9.72,1,48.51,44.5,32.53,6.23,rice,1.3,No irrigation
43.92,67.32,33.15,22.45,22.19,3.34,1,70.05,17.7,61.99,7.17,maize,1.0,Monitor
69.36,66.83,30.66,30.82,27.84,26.03,1,29.98,19.46,77.88,7.99,banana,1.25,No irrigation
46.41,29.04,33.83,4.61,27.18,3.21,1,50.14,61.1,37.6,5.86,groundnut,0.85,Monitor
58.14,45.94,29.45,23.42,32.89,5.52,0,21.02,28.11,51.83,7.54,cotton,1.1,No irrigation
66.09,30.39,32.22,22.66,32.34,5.96,1,30.66,56.73,28.26,7.59,chickpea,0.75,No irrigation
62.22,80.5,30.58,23.8,22.85,18.31,1,116.38,43.32,42.97,7.42,wheat,0.9,No irrigation
48.52,86.11,25.22,14.42,24.48,9.26,1,59.65,23.28,19.71,7.8,wheat,0.9,Monitor
35.4,81.95,25.93,7.34,32.43,6.41,0,23.35,24.92,35.15,5.88,chickpea,0.75,Irrigate soon
37.36,65.92,20.37,9.28,26.76,18.22,1,98.14,42.42,16.82,6.66,groundnut,0.85,Irrigate soon
32.26,69.55,22.82,34.41,25.72,18.31,0,35.3,58.28,20.83,6.99,cotton,1.1,No irrigation
39.1,40.02,29.32,7.53,20.56,7.82,1,25.84,23.7,66.61,7.5,rice,1.3,Irrigate soon
23.99,77.05,32.19,11.21,25.86,7.07,1,92.98,55.23,64.32,5.6,maize,1.0,Irrigate soon
43.62,30.73,35.86,0.37,20.24,11.25,0,41.55,62.67,29.93,5.66,chickpea,0.75,Monitor
37.46,50.87,34.68,4.91,33.51,23.93,1,113.28,10.64,70.63,5.43,cotton,1.1,Irrigate soon
48.53,44.32,36.28,9.96,31.23,6.86,1,41.06,14.69,73.73,7.73,groundnut,0.85,Monitor
46.99,73.87,36.32,6.83,20.44,9.58,0,24.67,42.41,44.8,7.84,banana,1.25,Monitor
46.98,71.9,39.99,30.82,21.36,22.1,0,86.19,17.94,18.39,6.12,cotton,1.1,No irrigation
59.79,70.55,38.33,10.36,33.25,14.95,0,103.17,38.58,56.34,6.49,banana,1.25,No irrigation
29.32,27.41,35.73,24.03,32.93,27.92,0,58.63,48.39,29.78,7.62,cotton,1.1,Monitor
23.47,67.43,32.58,13.58,33.08,3.79,0,51.67,12.41,77.13,7.35,chickpea,0.75,Irrigate soon
36.19,73.08,25.63,10.19,27.61,22.71,0,68.55,47.63,44.34,7.31,rice,1.3,Irrigate soon
58.69,26.98,21.69,39.17,21.79,14.82,0,43.57,30.8,59.74,6.25,groundnut,0.85,No irrigation
48.78,66.87,37.82,35.95,26.82,3.39,1,49.13,12.16,55.9,5.68,maize,1.0,No irrigation
34.39,61.14,32.39,10.07,25.32,18.75,0,69.4,20.36,24.24,6.48,cotton,1.1,Irrigate soon
56.16,37.48,31.15,7.27,20.32,26.0,0,34.43,32.54,39.5,5.96,banana,1.25,No irrigation
29.34,81.53,27.65,38.32,33.63,22.72,0,89.24,58.99,28.15,5.87,chickpea,0.75,No irrigation
39.36,83.34,20.37,20.09,27.78,16.24,1,21.17,37.88,67.29,5.03,chickpea,0.75,Monitor
48.76,46.43,30.15,13.97,29.18,26.5,0,98.8,36.89,31.73,7.11,maize,1.0,Monitor
36.85,64.43,24.18,37.91,28.97,10.86,0,46.8,37.14,47.37,5.96,maize,1.0,No irrigation
23.8,45.11,23.07,16.73,33.29,11.78,0,34.18,46.28,16.81,6.11,groundnut,0.85,Monitor
66.01,30.56,25.72,2.85,33.86,28.74,1,41.84,19.1,35.65,7.27,groundnut,0.85,No irrigation
46.99,36.28,24.89,26.74,32.19,20.08,0,102.67,53.36,58.17,7.86,rice,1.3,No irrigation
38.73,25.32,33.26,24.94,20.41,20.73,1,29.71,22.29,21.95,6.96,banana,1.25,Monitor
61.82,23.05,31.48,34.07,23.37,25.96,0,101.89,15.02,70.28,5.28,banana,1.25,No irrigation
24.51,25.34,34.98,20.45,33.68,5.15,1,73.83,62.18,50.32,6.61,cotton,1.1,Monitor
31.39,20.59,35.27,4.39,24.9,17.58,0,58.95,69.33,63.75,7.51,groundnut,0.85,Irrigate now
15.05,75.62,23.55,37.12,33.73,15.94,1,44.46,28.82,36.27,7.21,cotton,1.1,No irrigation
50.08,39.72,37.4,29.96,31.63,5.33,1,92.42,23.06,57.8,5.34,maize,1.0,No irrigation
54.32,50.53,22.9,3.0,22.75,10.56,0,24.55,19.79,31.44,5.65,rice,1.3,No irrigation
30.48,53.99,30.22,35.2,31.59,21.6,0,29.0,61.76,44.02,7.48,cotton,1.1,No irrigation
47.35,61.58,32.26,23.01,27.9,20.25,0,31.09,42.97,18.71,7.63,cotton,1.1,Monitor
37.54,71.63,34.9,28.25,20.94,11.74,0,94.8,42.35,27.57,6.19,banana,1.25,No irrigation
20.3,42.52,20.93,32.38,24.05,26.82,0,74.98,10.11,38.09,7.07,cotton,1.1,No irrigation
61.33,63.12,33.2,22.58,29.17,3.67,1,73.4,35.93,68.47,7.27,maize,1.0,No irrigation
62.18,32.41,31.12,35.58,33.23,16.04,1,87.32,62.97,28.25,7.44,cotton,1.1,No irrigation
64.51,25.83,26.72,4.56,29.47,17.19,1,37.7,37.29,31.11,6.66,banana,1.25,No irrigation
20.98,88.12,23.8,26.55,31.87,7.63,0,91.69,19.14,58.75,7.55,groundnut,0.85,No irrigation
68.39,44.45,23.74,29.49,30.92,3.77,1,52.54,66.27,62.86,7.1,cotton,1.1,No irrigation
67.4,53.76,27.71,26.03,26.34,19.62,1,102.55,20.02,56.26,7.8,wheat,0.9,No irrigation
20.52,65.79,25.33,30.81,29.32,15.08,1,115.65,17.01,74.68,7.08,chickpea,0.75,No irrigation
68.35,49.33,37.06,25.73,28.12,10.37,1,37.82,50.53,79.39,7.47,maize,1.0,No irrigation
53.58,46.38,33.92,32.88,28.01,23.38,1,77.47,15.65,36.04,5.61,wheat,0.9,No irrigation
42.9,59.59,39.05,13.74,23.35,9.64,1,82.83,10.54,43.88,5.89,maize,1.0,Monitor
46.86,62.55,28.9,25.1,22.14,19.29,1,79.03,69.82,19.09,6.31,wheat,0.9,No irrigation
36.8,21.51,20.08,31.27,26.86,21.21,1,45.49,31.12,55.16,6.71,cotton,1.1,No irrigation
30.17,86.75,23.87,24.33,27.56,10.46,1,66.2,27.34,44.79,7.83,chickpea,0.75,Monitor
26.34,71.32,30.73,21.33,34.96,10.2,0,46.52,28.96,66.5,5.5,groundnut,0.85,Monitor
43.31,47.61,20.2,38.59,21.77,26.85,0,36.4,18.37,44.81,6.19,chickpea,0.75,No irrigation
45.41,83.12,20.36,21.77,24.06,25.34,1,72.01,56.21,15.04,7.63,wheat,0.9,Monitor
45.55,81.25,36.09,13.2,24.58,24.81,0,81.89,54.21,32.02,7.56,rice,1.3,Monitor
45.43,49.12,37.31,0.58,33.88,14.52,1,111.52,12.83,28.84,7.04,groundnut,0.85,Monitor
36.47,67.52,22.04,35.54,31.68,11.96,0,21.73,68.09,38.23,5.88,wheat,0.9,No irrigation
29.36,59.57,36.51,39.15,29.97,27.12,1,63.2,44.17,47.67,6.44,groundnut,0.85,No irrigation
65.17,65.75,30.62,6.48,33.17,24.5,0,31.3,55.01,42.8,7.67,rice,1.3,No irrigation
17.62,39.0,25.91,37.99,23.78,18.84,0,59.34,26.46,37.29,6.27,cotton,1.1,No irrigation
60.02,46.2,26.02,1.54,22.13,23.79,0,52.36,30.65,53.83,7.62,maize,1.0,No irrigation
32.35,49.78,23.57,37.56,22.71,19.05,1,43.59,65.91,57.09,5.88,banana,1.25,No irrigation
16.62,54.92,29.61,15.55,28.12,21.17,1,57.24,23.37,43.41,5.51,banana,1.25,Irrigate soon
60.32,36.22,24.5,0.24,32.46,29.14,1,53.3,30.86,21.61,7.1,banana,1.25,No irrigation
64.47,23.94,34.82,15.78,29.88,28.5,0,112.93,56.75,30.39,7.34,maize,1.0,No irrigation
49.83,52.43,23.14,30.9,28.04,17.28,0,81.75,43.34,61.3,5.96,chickpea,0.75,No irrigation
24.4,60.91,26.11,27.25,25.19,21.96,1,30.14,16.94,47.65,6.47,wheat,0.9,No irrigation
19.62,24.66,26.72,2.09,32.78,3.32,1,79.93,25.5,44.52,5.81,maize,1.0,Irrigate soon
57.06,64.7,27.13,5.65,26.58,16.81,1,31.21,57.37,44.98,6.07,chickpea,0.75,No irrigation
53.63,88.6,29.19,10.4,32.71,18.88,0,53.34,39.3,49.73,5.67,rice,1.3,No irrigation
44.14,49.49,37.48,2.75,23.02,25.11,0,62.71,12.25,45.84,6.6,maize,1.0,Monitor
59.66,58.98,27.05,6.96,28.15,7.5,1,102.72,36.09,35.54,5.19,maize,1.0,No irrigation
21.72,68.41,28.17,33.27,23.19,11.17,0,68.26,58.35,48.27,5.3,wheat,0.9,No irrigation
62.49,44.94,33.71,7.52,24.19,12.68,0,93.52,36.56,39.63,5.49,banana,1.25,No irrigation
36.86,85.25,39.74,8.98,32.2,5.82,1,108.87,47.75,42.95,7.92,chickpea,0.75,Irrigate soon
17.9,61.13,31.72,1.16,20.55,3.35,1,67.97,44.65,49.53,5.7,groundnut,0.85,Irrigate now
53.99,31.46,34.09,21.61,26.14,16.62,1,37.02,27.69,33.0,7.81,banana,1.25,No irrigation
43.42,63.35,38.78,33.57,29.23,14.82,1,63.8,43.66,71.99,7.47,cotton,1.1,No irrigation
33.07,69.7,26.97,20.8,34.18,22.77,0,37.92,14.29,63.44,6.39,wheat,0.9,Monitor
48.51,82.8,36.91,33.54,32.3,10.38,0,83.93,64.44,44.37,5.25,rice,1.3,No irrigation
65.94,72.54,30.58,36.64,23.94,11.2,0,98.99,57.69,28.4,6.49,banana,1.25,No irrigation
23.79,89.64,39.64,4.19,22.73,8.09,0,40.99,40.17,63.88,7.55,rice,1.3,Irrigate now
57.64,60.47,32.2,39.43,32.51,4.23,1,77.64,63.25,16.47,7.38,groundnut,0.85,No irrigation
65.43,87.62,34.4,25.21,22.5,4.95,1,77.71,32.22,24.61,7.58,cotton,1.1,No irrigation
47.19,35.47,35.79,3.58,32.44,10.77,0,95.45,37.88,63.69,7.31,groundnut,0.85,Monitor
32.51,28.86,27.89,29.85,21.82,18.12,0,21.04,67.51,49.62,7.56,cotton,1.1,No irrigation
31.91,65.24,26.3,4.85,30.85,3.18,0,89.01,29.69,49.78,5.3,wheat,0.9,Irrigate soon
54.44,22.99,26.55,35.17,24.49,22.01,0,60.05,64.35,75.62,7.39,wheat,0.9,No irrigation
42.29,46.54,28.04,36.6,21.18,21.33,1,76.83,22.54,30.73,6.86,groundnut,0.85,No irrigation
15.39,43.37,26.44,34.95,31.27,29.19,0,56.67,67.34,44.27,5.74,groundnut,0.85,No irrigation
33.39,47.01,27.51,23.39,28.52,12.0,0,30.13,27.41,40.54,7.04,rice,1.3,Monitor
51.3,78.68,38.22,18.86,22.73,2.79,0,74.47,35.31,64.77,6.13,rice,1.3,No irrigation
33.87,37.46,23.54,3.29,32.11,9.18,1,27.65,63.6,55.52,7.09,chickpea,0.75,Irrigate soon
49.9,34.33,30.71,32.73,33.79,13.47,1,24.29,32.4,23.09,5.57,wheat,0.9,No irrigation
45.08,29.48,39.6,0.33,22.14,13.75,1,33.43,61.43,71.7,5.79,chickpea,0.75,Monitor
52.2,51.73,30.58,23.16,28.88,24.24,0,77.53,44.51,17.92,6.49,chickpea,0.75,No irrigation
53.23,80.24,33.19,24.27,34.48,27.76,0,37.31,42.19,70.78,7.82,wheat,0.9,No irrigation
39.99,38.87,26.4,38.44,21.68,21.79,1,73.76,63.57,23.83,6.47,cotton,1.1,No irrigation
29.62,33.76,32.84,16.99,28.29,17.68,0,98.88,55.45,69.54,7.46,banana,1.25,Irrigate soon
54.65,78.03,24.06,37.88,28.86,23.28,0,70.73,22.33,45.54,6.96,chickpea,0.75,No irrigation
67.9,35.57,24.68,16.19,31.41,14.59,1,29.43,53.05,54.33,6.87,rice,1.3,No irrigation
66.81,44.44,30.25,25.48,26.29,2.65,0,59.59,30.92,66.19,7.91,chickpea,0.75,No irrigation
18.73,79.32,37.25,9.31,21.27,2.98,1,65.02,18.04,32.45,5.84,rice,1.3,Irrigate now
18.11,68.31,33.79,33.55,24.08,17.82,0,47.07,69.87,30.61,6.65,rice,1.3,No irrigation
18.27,53.79,32.32,3.95,29.51,6.04,1,74.4,37.94,53.18,7.21,cotton,1.1,Irrigate now
23.31,47.28,25.12,37.33,26.1,7.13,1,27.81,39.76,34.41,5.43,chickpea,0.75,No irrigation
15.77,78.27,33.88,26.94,22.59,4.79,0,23.54,28.33,49.18,5.3,cotton,1.1,No irrigation
26.83,53.24,22.99,15.97,30.42,6.76,0,97.9,11.91,36.79,7.38,cotton,1.1,Monitor
64.13,48.99,22.71,22.85,22.95,28.84,0,21.0,37.89,54.32,5.09,rice,1.3,No irrigation
42.22,29.56,39.11,22.52,20.18,24.36,0,81.53,15.37,63.92,5.1,cotton,1.1,Monitor
24.44,26.55,24.08,32.52,28.5,22.81,1,108.46,49.31,47.21,5.56,rice,1.3,No irrigation
59.23,37.77,37.4,28.4,24.19,13.41,0,119.88,16.66,25.87,7.42,rice,1.3,No irrigation
41.07,20.44,25.14,9.8,20.81,29.39,0,95.96,27.59,66.12,7.71,maize,1.0,Monitor
34.83,26.5,27.95,5.76,22.72,27.52,1,95.53,18.51,62.62,7.81,groundnut,0.85,Irrigate soon
15.94,39.01,34.84,17.84,32.64,26.73,1,81.7,22.49,26.87,6.92,chickpea,0.75,Monitor
32.37,35.73,22.61,16.36,29.77,18.87,1,92.02,11.45,78.09,5.4,chickpea,0.75,Monitor
60.49,45.14,30.8,4.48,20.56,4.96,0,51.97,65.81,52.79,7.52,maize,1.0,No irrigation
59.3,57.83,28.09,30.3,24.28,18.99,1,45.53,43.36,66.43,7.72,wheat,0.9,No irrigation
52.1,28.88,29.27,39.97,33.62,16.01,1,51.2,25.53,48.23,5.69,banana,1.25,No irrigation
51.15,88.35,39.53,4.38,20.49,10.16,0,28.58,28.05,18.27,6.71,groundnut,0.85,No irrigation
57.03,85.33,35.37,37.7,23.02,19.02,0,103.36,57.13,78.68,5.84,chickpea,0.75,No irrigation
43.04,38.93,38.89,1.56,22.37,8.27,1,51.86,35.9,24.62,7.57,maize,1.0,Monitor
18.63,31.65,34.87,19.67,34.08,6.15,0,55.93,29.73,72.11,7.28,rice,1.3,Irrigate soon
18.35,21.27,30.38,9.95,24.38,22.0,1,65.34,45.62,54.79,5.01,wheat,0.9,Irrigate now
46.45,74.47,39.99,4.85,21.79,24.35,0,77.96,61.35,21.0,6.7,groundnut,0.85,Monitor
49.53,77.43,22.78,19.78,34.01,22.78,1,94.0,47.07,40.23,6.63,groundnut,0.85,Monitor
33.53,58.03,36.85,3.29,32.82,27.47,1,68.0,25.48,30.92,5.15,wheat,0.9,Irrigate now
59.88,88.07,30.3,27.37,23.74,5.32,0,92.3,24.66,43.97,7.79,wheat,0.9,No irrigation
63.53,42.28,33.24,22.21,25.54,9.26,0,95.92,67.77,35.09,7.92,maize,1.0,No irrigation
49.98,76.34,33.29,2.74,23.05,23.35,1,61.29,11.8,35.91,7.83,wheat,0.9,Monitor
47.85,39.84,37.81,10.93,26.07,14.37,0,29.55,43.03,32.35,6.93,rice,1.3,Monitor
59.56,69.44,30.78,3.66,27.6,27.78,0,71.33,45.79,64.86,7.9,maize,1.0,No irrigation
67.85,47.38,20.67,13.87,33.31,15.91,1,110.48,38.05,66.33,6.08,maize,1.0,No irrigation
37.64,31.18,38.61,13.78,26.82,2.24,0,35.95,15.68,65.15,7.85,wheat,0.9,Irrigate soon
53.57,27.5,22.32,16.75,21.04,6.95,1,54.6,11.07,58.26,7.68,rice,1.3,No irrigation
63.59,24.26,32.03,8.76,23.97,13.44,0,28.53,43.69,48.95,6.37,rice,1.3,No irrigation
19.94,81.53,38.15,8.02,33.56,17.9,1,26.86,15.37,16.91,7.71,wheat,0.9,Irrigate now
54.34,20.81,34.71,17.41,24.88,28.76,1,51.21,53.52,78.09,5.92,maize,1.0,No irrigation
64.16,88.49,28.38,8.75,29.51,12.72,0,30.71,15.29,30.38,6.1,groundnut,0.85,No irrigation
55.89,63.81,24.1,29.28,27.38,6.17,0,54.97,67.67,20.4,8.0,wheat,0.9,No irrigation
24.3,85.81,35.14,29.98,21.89,14.85,0,59.42,69.21,48.11,7.54,groundnut,0.85,No irrigation
59.51,85.45,38.64,31.33,34.29,25.97,1,118.36,67.38,55.39,6.33,cotton,1.1,No irrigation
61.88,50.94,37.13,10.78,29.35,15.25,0,86.24,44.69,56.54,6.08,rice,1.3,No irrigation
37.7,85.29,36.13,12.13,28.48,29.82,0,32.56,28.79,32.67,5.63,rice,1.3,Irrigate soon
31.9,49.35,34.78,15.14,22.29,5.09,0,53.63,48.23,69.83,6.81,banana,1.25,Irrigate soon
34.6,44.98,31.5,6.88,34.55,20.48,1,100.1,48.57,20.72,5.37,groundnut,0.85,Irrigate now
54.06,54.51,23.91,22.02,27.97,14.98,0,105.72,35.74,34.94,6.01,wheat,0.9,No irrigation
58.39,55.03,37.28,32.25,30.86,16.79,1,78.67,35.19,16.51,6.22,chickpea,0.75,No irrigation
62.64,21.28,36.93,32.66,34.89,7.09,0,101.52,32.26,27.74,7.25,rice,1.3,No irrigation
59.12,33.05,37.26,4.74,26.02,10.71,1,20.42,66.76,47.28,5.3,groundnut,0.85,No irrigation
50.3,55.37,21.06,2.34,22.45,29.99,0,30.5,36.8,68.82,6.87,rice,1.3,No irrigation
19.41,76.53,20.65,0.53,24.47,28.23,0,44.07,55.01,47.26,5.3,banana,1.25,Irrigate now
40.66,65.66,28.3,31.23,21.57,19.65,1,108.41,19.34,79.2,6.06,groundnut,0.85,No irrigation
48.93,72.59,21.02,20.29,21.48,20.14,1,102.15,29.72,38.7,5.03,rice,1.3,Monitor
19.24,87.07,26.81,13.51,22.48,5.34,1,112.26,43.49,58.94,7.51,wheat,0.9,Irrigate soon
55.96,53.02,35.59,23.95,20.84,8.35,0,114.55,16.35,16.79,7.07,rice,1.3,No irrigation
57.86,52.9,36.7,5.19,23.04,18.68,1,45.13,39.42,22.84,5.59,chickpea,0.75,No irrigation
61.06,22.82,37.57,22.39,21.59,27.28,0,99.83,42.82,58.79,7.15,chickpea,0.75,No irrigation
58.14,52.59,39.41,1.26,22.55,9.19,1,39.42,56.08,28.86,6.19,maize,1.0,No irrigation
23.92,77.7,27.81,1.52,34.9,18.87,1,75.15,60.81,31.87,7.0,rice,1.3,Irrigate soon
36.39,50.97,33.65,2.65,29.3,5.32,1,89.7,66.38,76.32,5.27,rice,1.3,Irrigate soon
55.47,78.71,37.89,32.94,25.83,2.12,0,41.76,31.84,78.65,7.86,groundnut,0.85,No irrigation
43.75,38.06,35.64,11.28,23.18,22.95,0,82.0,61.94,52.56,5.87,banana,1.25,Irrigate soon
31.11,24.62,20.47,12.06,21.61,13.9,0,101.4,28.98,29.86,5.44,chickpea,0.75,Irrigate soon
65.14,46.39,34.39,30.55,30.71,29.7,1,60.43,57.65,30.02,7.6,wheat,0.9,No irrigation
62.44,36.29,31.0,3.74,24.89,24.97,1,111.21,35.24,64.97,5.47,wheat,0.9,No irrigation
60.11,60.96,28.49,38.37,24.8,8.91,1,52.1,55.9,71.17,5.41,banana,1.25,No irrigation
19.2,51.43,29.85,32.29,22.01,18.58,1,70.67,30.48,31.87,6.13,groundnut,0.85,No irrigation
17.51,67.0,31.97,6.43,31.02,2.53,1,98.68,36.11,62.98,7.97,banana,1.25,Irrigate now
30.41,74.12,29.37,1.47,20.97,4.85,1,40.36,59.61,45.15,6.08,banana,1.25,Irrigate soon
29.5,65.66,30.63,25.65,23.45,20.61,0,41.65,39.2,34.95,5.68,rice,1.3,No irrigation
57.7,82.21,25.93,2.92,24.53,25.71,1,87.17,33.0,25.53,5.52,chickpea,0.75,No irrigation
57.38,47.61,30.56,39.25,33.4,7.21,1,119.7,36.92,42.86,5.41,cotton,1.1,No irrigation
50.9,46.41,24.14,19.13,21.01,25.38,0,114.31,22.49,50.65,7.76,cotton,1.1,No irrigation
37.97,29.69,32.07,8.72,27.94,22.22,1,80.74,34.39,58.67,5.09,chickpea,0.75,Irrigate soon
43.44,85.53,39.87,23.65,23.51,3.61,1,98.02,56.65,31.88,6.04,rice,1.3,Monitor
52.8,86.05,32.08,5.79,23.0,13.71,0,115.7,29.64,70.49,6.29,chickpea,0.75,No irrigation
57.71,42.0,33.64,29.51,26.17,3.62,1,70.02,62.91,47.49,6.02,chickpea,0.75,No irrigation
23.73,79.54,31.73,34.51,23.62,23.88,1,34.72,20.86,28.65,6.21,banana,1.25,No irrigation
22.16,71.0,23.61,28.25,22.63,20.02,1,30.33,55.69,69.33,7.49,groundnut,0.85,No irrigation
63.79,49.81,22.41,19.67,26.34,3.6,1,35.76,62.98,39.18,5.87,banana,1.25,No irrigation
45.39,60.4,24.65,14.99,34.1,25.4,0,40.73,61.39,26.65,5.09,maize,1.0,Monitor
56.08,89.64,39.68,31.79,20.21,29.91,1,38.44,33.85,47.2,5.23,cotton,1.1,No irrigation
45.05,80.78,29.01,35.34,31.39,27.8,0,60.01,21.64,72.66,5.12,chickpea,0.75,No irrigation
52.69,85.9,25.82,7.93,22.77,25.38,0,45.38,26.78,52.54,7.56,banana,1.25,No irrigation
59.46,31.19,25.57,17.74,34.68,27.64,0,73.99,67.47,17.11,6.19,chickpea,0.75,No irrigation
29.31,30.94,27.0,29.14,32.26,17.4,0,89.89,23.14,54.31,5.38,groundnut,0.85,No irrigation
23.69,73.07,23.6,34.45,22.4,18.03,1,42.22,49.13,34.4,7.32,banana,1.25,No irrigation
38.61,28.78,28.61,16.79,25.93,11.27,0,65.36,19.97,56.89,6.07,maize,1.0,Monitor
47.35,38.53,34.98,23.46,20.35,22.24,1,50.14,10.17,63.63,7.98,banana,1.25,Monitor
37.7,80.97,23.39,21.83,29.98,27.83,0,79.5,19.95,65.16,7.71,banana,1.25,Monitor
60.39,40.95,36.28,24.79,24.19,17.18,0,78.48,20.4,25.2,7.87,maize,1.0,No irrigation
26.35,20.46,23.36,14.3,20.61,24.67,1,54.41,68.41,22.38,7.65,maize,1.0,Irrigate soon
69.41,39.86,35.92,27.32,20.5,25.95,1,89.51,22.49,27.59,7.33,maize,1.0,No irrigation
63.13,40.62,24.93,36.77,28.88,5.7,0,54.68,54.8,49.99,6.94,rice,1.3,No irrigation
21.95,87.61,25.39,10.81,22.43,18.23,1,98.01,55.08,40.53,7.72,wheat,0.9,Irrigate soon
48.06,29.37,21.13,5.71,34.5,13.24,0,68.11,28.54,39.16,5.48,rice,1.3,Monitor
36.12,61.67,37.34,25.64,28.5,27.25,1,82.21,57.81,53.09,5.54,cotton,1.1,No irrigation
19.18,36.04,29.63,9.28,26.01,28.44,1,67.35,19.07,70.45,6.89,cotton,1.1,Irrigate soon
28.85,27.2,38.11,28.05,33.36,13.92,1,100.87,23.71,15.29,6.78,groundnut,0.85,No irrigation
55.8,57.31,25.37,34.98,24.06,7.35,0,26.28,51.46,70.9,6.06,chickpea,0.75,No irrigation
20.17,34.69,35.44,4.01,29.6,10.39,0,71.74,36.5,74.63,6.38,maize,1.0,Irrigate now
29.35,62.38,22.54,27.7,23.77,5.68,0,70.17,24.18,68.21,6.88,groundnut,0.85,No irrigation
32.67,85.22,35.82,23.63,31.04,29.14,1,97.17,38.99,17.69,6.48,cotton,1.1,Monitor
60.62,33.88,24.18,9.38,22.55,18.51,1,55.43,31.48,55.14,5.17,chickpea,0.75,No irrigation
40.7,58.0,25.8,17.33,20.86,16.55,1,93.52,41.82,68.92,6.62,banana,1.25,Irrigate soon
32.64,50.61,35.87,5.4,31.83,2.5,1,59.79,17.52,52.99,5.5,chickpea,0.75,Irrigate now
65.82,80.36,32.75,12.76,25.6,24.0,1,36.88,19.54,26.93,6.05,banana,1.25,No irrigation
20.85,32.83,34.59,26.55,29.53,6.7,1,64.72,43.15,27.27,7.28,maize,1.0,No irrigation
50.54,26.34,38.92,31.72,23.69,9.66,1,76.97,20.5,15.74,5.04,groundnut,0.85,No irrigation
51.03,47.61,36.63,17.74,22.02,13.16,1,111.86,63.51,68.82,5.16,wheat,0.9,No irrigation
34.87,33.59,21.34,33.44,29.71,2.53,0,81.45,12.99,64.42,6.72,maize,1.0,No irrigation
35.39,34.06,32.38,5.38,24.47,14.98,0,114.96,23.33,70.39,7.08,cotton,1.1,Irrigate soon
68.08,85.22,22.87,19.43,20.56,13.2,1,31.09,51.11,42.17,7.52,cotton,1.1,No irrigation
68.66,80.92,27.82,8.74,27.89,28.3,0,21.47,29.53,45.1,5.6,cotton,1.1,No irrigation
19.96,77.83,33.18,34.3,30.1,7.76,0,98.65,16.88,56.79,7.38,chickpea,0.75,No irrigation
30.57,26.52,28.71,5.49,23.0,4.78,1,47.6,59.03,22.56,7.25,cotton,1.1,Irrigate soon
24.83,52.89,37.9,20.93,27.15,13.77,0,62.2,51.55,66.35,6.81,maize,1.0,Monitor
49.3,23.15,25.55,17.14,21.04,11.18,1,30.01,43.03,16.29,5.26,banana,1.25,Monitor
42.19,63.08,23.78,11.99,22.74,26.7,1,76.04,36.72,32.33,5.8,banana,1.25,Irrigate soon
42.29,35.33,26.91,31.24,31.94,16.03,1,77.26,36.92,64.46,5.03,chickpea,0.75,No irrigation
63.08,74.09,27.39,9.02,32.63,5.83,0,48.09,38.06,27.86,6.3,groundnut,0.85,No irrigation
29.64,65.7,39.59,0.13,25.08,16.02,1,82.58,28.78,63.22,5.8,rice,1.3,Irrigate now
36.49,39.5,26.43,23.6,20.24,24.35,0,67.7,14.66,58.68,5.15,cotton,1.1,Monitor
61.55,64.46,34.74,11.74,26.83,28.77,1,47.58,37.42,40.75,6.13,wheat,0.9,No irrigation
56.38,79.03,39.26,14.06,26.23,27.09,1,33.14,62.61,64.08,6.21,banana,1.25,No irrigation
64.57,74.75,27.35,11.88,30.41,16.55,0,113.84,18.95,45.9,7.09,wheat,0.9,No irrigation
61.37,20.78,30.34,13.38,30.46,20.19,1,22.04,68.58,38.62,7.26,cotton,1.1,No irrigation
16.83,82.96,24.56,9.92,24.01,13.89,0,41.13,33.78,56.9,7.0,rice,1.3,Irrigate soon
59.96,52.97,35.83,36.19,28.22,5.8,0,62.06,63.27,45.9,6.72,chickpea,0.75,No irrigation
57.69,63.0,35.42,18.08,29.71,14.07,0,70.24,29.77,53.86,7.48,cotton,1.1,No irrigation
40.89,34.37,28.29,12.19,32.2,21.5,1,118.74,11.44,69.85,7.4,groundnut,0.85,Monitor
32.75,21.53,33.41,12.11,22.07,25.2,1,25.87,48.87,51.47,7.29,banana,1.25,Irrigate soon
19.28,80.5,33.66,17.71,26.11,7.77,0,96.25,34.13,25.59,7.79,groundnut,0.85,Monitor
64.3,21.04,23.83,32.38,28.72,23.47,0,87.29,44.0,49.87,5.48,rice,1.3,No irrigation
45.9,49.31,26.46,35.34,23.06,24.52,1,29.04,54.25,74.93,6.6,banana,1.25,No irrigation
60.68,62.75,23.43,23.49,22.37,7.77,0,117.25,15.23,65.12,7.87,chickpea,0.75,No irrigation
52.79,64.78,33.85,4.52,25.38,17.84,1,64.96,69.63,53.92,5.19,chickpea,0.75,No irrigation
60.07,50.74,20.04,10.34,29.11,6.55,1,43.2,64.75,63.26,5.83,banana,1.25,No irrigation
28.49,23.8,22.93,34.86,30.17,22.73,1,92.47,16.7,45.65,7.58,rice,1.3,No irrigation
36.25,46.38,32.82,26.53,30.17,11.62,0,30.3,49.03,31.42,7.32,groundnut,0.85,No irrigation
51.2,83.09,33.08,3.73,20.02,28.31,0,31.44,13.26,53.94,5.47,groundnut,0.85,No irrigation
31.41,51.24,20.96,1.24,29.44,2.88,0,65.43,34.13,49.36,6.8,cotton,1.1,Irrigate soon
45.26,65.59,35.41,33.32,32.64,11.13,0,86.05,11.15,24.57,6.52,wheat,0.9,No irrigation
68.13,86.6,23.68,25.87,29.47,4.49,1,73.98,35.38,53.5,5.34,wheat,0.9,No irrigation
63.65,46.94,22.2,31.99,26.09,5.71,0,73.04,60.44,30.61,5.36,rice,1.3,No irrigation
49.96,76.31,39.89,16.85,30.09,26.71,1,46.93,29.56,53.67,6.89,maize,1.0,Monitor
50.31,43.38,30.44,32.85,27.27,2.16,0,21.1,54.78,67.68,7.79,maize,1.0,No irrigation
31.4,66.03,27.48,16.31,20.28,4.52,0,115.68,37.51,31.16,5.55,chickpea,0.75,Monitor
46.34,48.35,36.33,28.17,23.75,12.55,1,20.08,65.1,34.09,6.13,maize,1.0,No irrigation
61.45,82.4,26.17,14.08,23.33,23.39,1,70.12,14.75,49.63,6.32,chickpea,0.75,No irrigation
57.84,39.49,20.33,9.72,26.0,21.65,0,31.89,62.46,52.05,7.99,maize,1.0,No irrigation
43.48,39.35,34.25,16.44,34.99,28.9,0,62.79,32.87,67.44,6.81,wheat,0.9,Monitor
68.36,48.54,31.71,5.17,28.72,17.87,1,116.78,61.32,58.33,5.52,groundnut,0.85,No irrigation
17.78,37.96,32.1,15.48,22.49,13.5,0,21.11,35.02,19.72,6.36,wheat,0.9,Monitor
47.09,32.38,37.85,15.08,34.78,27.44,0,78.8,54.23,66.42,7.2,maize,1.0,Monitor
26.84,72.6,34.7,34.61,26.0,16.41,1,65.09,21.24,74.56,6.3,chickpea,0.75,No irrigation
21.68,37.84,23.45,20.93,33.0,9.04,0,29.56,22.01,49.31,5.57,banana,1.25,Monitor
47.97,30.83,22.52,0.39,20.07,3.86,1,24.97,68.73,60.4,7.79,maize,1.0,Monitor
61.2,70.71,38.88,38.26,24.57,20.26,0,105.29,62.24,62.52,6.69,maize,1.0,No irrigation
31.53,21.17,30.33,23.0,24.82,27.23,1,33.24,45.49,50.11,6.93,banana,1.25,Monitor
51.92,40.8,34.85,26.69,30.46,10.31,0,52.95,68.18,57.18,5.17,maize,1.0,No irrigation
27.84,78.22,20.62,37.3,34.9,13.99,0,82.24,25.66,73.87,6.2,wheat,0.9,No irrigation
66.71,77.91,30.9,38.91,32.25,20.17,1,60.23,17.9,15.28,6.42,chickpea,0.75,No irrigation
28.53,85.47,28.97,16.34,21.51,16.73,1,117.82,19.18,64.69,7.75,groundnut,0.85,Monitor
68.0,40.33,36.93,12.38,31.93,10.61,1,32.05,19.8,29.66,5.22,maize,1.0,No irrigation
41.52,63.31,37.01,3.88,20.78,15.73,0,84.24,14.4,79.39,6.05,maize,1.0,Monitor
38.05,73.03,35.24,7.17,20.67,21.46,0,79.08,40.94,27.57,6.38,maize,1.0,Irrigate soon
31.4,32.87,25.88,39.85,24.13,14.56,0,97.97,39.6,16.67,7.25,wheat,0.9,No irrigation
37.88,29.01,24.51,39.46,33.85,26.78,1,61.35,14.57,64.21,5.21,cotton,1.1,No irrigation
49.64,88.42,33.76,34.13,34.62,4.52,0,116.1,19.99,49.98,6.04,chickpea,0.75,No irrigation
34.34,33.48,25.12,24.2,21.1,24.25,0,54.43,42.68,20.14,7.21,rice,1.3,Monitor
32.65,78.46,25.21,28.73,29.29,20.73,0,80.23,17.02,40.89,6.94,banana,1.25,No irrigation
41.0,23.54,20.23,9.83,32.43,2.35,1,51.89,28.71,50.07,7.95,banana,1.25,Irrigate soon
28.68,84.62,34.24,5.98,21.22,17.11,0,78.86,33.62,25.42,7.82,groundnut,0.85,Irrigate now
17.19,55.96,38.31,21.76,25.99,28.56,0,86.01,42.05,15.81,6.18,maize,1.0,Monitor
48.44,43.66,39.42,15.29,30.38,21.86,0,106.7,53.34,37.27,6.25,maize,1.0,Monitor
18.05,33.29,39.71,12.0,32.75,16.09,0,96.21,60.43,46.68,6.52,wheat,0.9,Irrigate soon
45.71,89.47,20.85,6.73,34.69,22.04,0,74.09,53.37,60.03,7.66,chickpea,0.75,Monitor
62.61,25.52,23.99,34.25,22.18,12.91,0,29.62,42.23,50.98,6.68,chickpea,0.75,No irrigation
23.97,47.95,23.73,4.77,28.91,13.29,1,119.42,57.92,58.7,5.48,rice,1.3,Irrigate soon
32.24,62.04,29.41,0.28,27.16,9.63,1,49.63,53.58,77.31,5.17,wheat,0.9,Irrigate soon
52.34,67.52,22.75,25.62,22.95,14.43,0,48.93,54.75,68.49,6.72,groundnut,0.85,No irrigation
28.41,39.06,37.53,19.44,25.81,13.43,1,37.98,29.6,64.33,6.13,rice,1.3,Irrigate soon
34.98,88.34,22.76,15.37,31.1,10.43,0,57.4,58.78,73.97,5.02,cotton,1.1,Monitor
43.43,23.39,38.56,2.07,23.55,13.09,0,63.4,10.5,17.86,7.19,groundnut,0.85,Monitor
19.83,64.33,25.32,0.32,28.18,5.38,0,78.66,45.54,79.25,5.18,groundnut,0.85,Irrigate now
28.05,22.02,27.3,0.93,23.93,6.43,0,96.74,37.6,39.12,6.4,wheat,0.9,Irrigate soon
35.17,80.02,31.49,32.98,34.54,3.17,1,24.3,61.78,45.13,7.75,cotton,1.1,No irrigation
66.39,66.31,25.16,10.93,29.45,28.65,0,51.9,54.83,77.57,5.84,chickpea,0.75,No irrigation
65.92,35.76,21.81,22.3,29.46,5.38,1,54.79,31.02,28.74,7.66,banana,1.25,No irrigation
30.56,43.11,39.61,6.28,22.52,24.24,1,34.94,39.6,47.18,5.94,cotton,1.1,Irrigate now
35.89,36.43,36.23,4.1,26.3,5.91,1,23.05,10.63,44.18,6.92,banana,1.25,Irrigate soon
38.19,84.51,20.32,7.87,32.0,3.76,1,22.72,32.47,27.94,5.01,cotton,1.1,Irrigate soon
27.67,70.81,39.02,16.93,32.13,10.85,0,54.69,36.4,19.02,5.39,chickpea,0.75,Monitor
31.62,34.64,31.81,12.3,28.51,3.59,1,116.86,53.92,38.75,5.29,banana,1.25,Irrigate soon
32.59,85.73,38.36,23.34,24.79,14.89,0,95.85,65.94,56.42,6.59,cotton,1.1,Monitor
68.04,85.57,36.95,16.18,23.22,11.24,0,75.37,21.69,35.95,6.82,chickpea,0.75,No irrigation
49.5,59.17,27.92,38.19,25.61,15.12,0,117.06,69.63,60.11,7.54,banana,1.25,No irrigation
55.21,57.94,24.89,0.24,29.64,17.78,0,22.55,31.59,46.78,5.65,banana,1.25,No irrigation
59.96,68.31,32.07,19.16,31.79,5.73,1,48.91,12.4,71.46,7.76,chickpea,0.75,No irrigation
28.2,31.47,27.9,32.16,34.46,12.53,0,45.83,36.36,74.7,6.87,groundnut,0.85,No irrigation
23.77,70.47,37.35,26.07,20.7,8.67,0,22.17,15.64,59.77,5.0,cotton,1.1,No irrigation
48.93,35.96,35.97,20.65,24.4,7.95,1,69.46,14.24,53.41,5.45,wheat,0.9,Monitor
15.5,67.09,26.63,12.84,21.26,25.6,1,32.68,33.34,74.46,6.33,cotton,1.1,Irrigate soon
46.26,62.65,21.39,22.04,23.32,2.82,1,98.86,69.08,28.87,5.46,banana,1.25,Monitor
56.71,89.5,34.49,6.02,21.92,14.58,1,41.83,66.35,41.92,7.18,groundnut,0.85,No irrigation
67.8,86.85,28.04,11.95,27.17,27.91,1,20.34,43.51,18.4,6.14,rice,1.3,No irrigation
33.43,41.92,32.48,31.85,22.03,10.05,0,84.03,57.47,34.34,5.16,cotton,1.1,No irrigation
29.86,67.28,37.37,18.93,31.38,16.18,1,65.34,18.26,52.0,5.01,cotton,1.1,Monitor
60.67,20.97,20.8,28.26,22.86,16.23,1,83.43,57.63,76.35,7.65,banana,1.25,No irrigation
29.43,48.81,21.42,22.95,24.01,18.66,0,30.45,65.52,78.76,7.1,wheat,0.9,Monitor
52.37,72.4,36.77,28.32,32.63,18.75,0,45.77,64.83,47.9,5.1,groundnut,0.85,No irrigation
49.11,42.05,26.27,34.67,28.96,24.41,0,34.29,35.02,71.71,5.89,maize,1.0,No irrigation
22.25,35.57,31.81,35.73,21.52,4.82,0,86.05,64.61,36.42,5.86,chickpea,0.75,No irrigation
27.54,21.14,34.0,7.3,26.76,22.76,0,33.75,21.59,53.45,6.59,chickpea,0.75,Irrigate now
66.65,41.01,36.53,37.17,22.42,13.14,1,94.65,51.76,19.17,6.54,wheat,0.9,No irrigation
43.95,83.63,22.58,18.01,29.64,20.17,0,52.98,42.8,70.11,5.2,wheat,0.9,Monitor
17.72,68.83,39.75,8.0,30.85,18.11,1,60.08,38.05,78.67,6.8,banana,1.25,Irrigate now
68.27,47.4,35.06,12.98,26.43,14.43,1,76.74,57.81,27.53,7.03,maize,1.0,No irrigation
68.41,79.94,37.16,17.79,23.02,24.51,0,103.94,13.56,72.2,6.25,cotton,1.1,No irrigation
37.04,20.52,28.37,14.25,24.78,14.59,1,115.11,29.83,58.26,6.57,cotton,1.1,Irrigate soon
32.74,72.61,27.17,19.74,21.5,29.05,1,67.03,26.48,15.45,6.16,cotton,1.1,Monitor
33.57,75.08,28.3,21.24,21.99,21.13,1,27.13,32.96,31.6,5.32,maize,1.0,Monitor
64.05,80.31,25.2,30.79,28.83,15.22,1,20.49,58.1,69.16,5.6,cotton,1.1,No irrigation
65.17,89.87,20.34,31.02,32.55,24.98,0,93.02,37.16,77.29,6.22,rice,1.3,No irrigation
63.5,40.88,38.73,6.16,23.18,20.0,0,37.34,57.84,36.63,5.15,wheat,0.9,No irrigation
55.47,35.63,39.66,31.07,24.17,3.94,1,86.8,10.73,65.06,6.91,banana,1.25,No irrigation
48.41,61.75,37.36,36.77,33.43,26.57,0,104.07,30.2,24.94,5.81,maize,1.0,No irrigation
34.94,62.66,30.53,11.95,33.72,14.99,1,95.35,32.66,59.93,5.9,wheat,0.9,Irrigate soon
68.55,20.99,26.44,25.61,34.3,18.05,0,108.83,45.07,55.82,6.65,maize,1.0,No irrigation
51.18,50.25,23.37,24.68,24.05,20.22,0,100.14,68.17,38.0,6.59,banana,1.25,No irrigation
22.7,56.44,32.21,34.84,27.03,25.64,0,24.09,15.78,63.37,6.99,cotton,1.1,No irrigation
30.71,50.58,27.25,14.61,34.23,20.38,0,71.35,35.52,32.37,7.73,wheat,0.9,Irrigate soon
54.69,34.1,30.02,30.18,21.94,18.98,1,89.63,58.36,32.97,6.71,maize,1.0,No irrigation
28.46,73.65,23.37,35.66,20.47,20.0,1,91.64,55.4,25.77,6.26,cotton,1.1,No irrigation
31.09,56.14,21.97,39.29,22.89,2.07,1,38.18,45.42,57.72,6.93,groundnut,0.85,No irrigation
19.75,26.46,36.24,36.93,31.97,4.53,0,49.49,18.8,39.8,6.09,chickpea,0.75,No irrigation
45.97,49.0,30.98,33.44,34.0,27.98,0,33.35,53.5,29.3,6.42,cotton,1.1,No irrigation
49.36,86.21,20.54,6.06,22.57,15.2,0,23.59,58.75,64.59,6.29,banana,1.25,Monitor
30.0,75.96,30.84,25.51,20.83,26.88,1,100.99,69.07,52.76,7.11,rice,1.3,No irrigation
49.49,51.16,29.93,12.55,28.9,4.17,0,104.3,54.94,45.08,5.2,wheat,0.9,Monitor
18.56,54.59,21.16,23.24,25.54,29.65,1,36.76,59.61,28.66,5.79,wheat,0.9,Monitor
39.38,34.38,20.46,6.22,20.25,15.41,0,35.09,45.62,59.28,5.54,groundnut,0.85,Irrigate soon
58.25,62.18,32.64,13.35,21.32,26.6,0,35.47,44.02,66.29,6.57,cotton,1.1,No irrigation
61.6,74.89,21.97,30.68,32.23,2.74,1,20.7,34.11,61.49,7.55,wheat,0.9,No irrigation
17.02,28.29,29.09,5.28,27.22,6.11,0,58.76,46.4,30.01,5.82,groundnut,0.85,Irrigate soon
43.13,85.08,28.73,12.15,33.53,27.8,0,91.38,12.65,46.9,6.38,wheat,0.9,Monitor
37.76,56.3,34.59,9.01,34.62,11.47,1,21.33,39.21,30.35,5.3,maize,1.0,Irrigate soon
61.19,66.07,37.6,4.01,24.94,19.7,1,64.0,64.3,38.24,6.93,wheat,0.9,No irrigation
41.31,62.25,37.54,8.91,24.11,25.02,1,24.47,32.06,48.09,5.63,rice,1.3,Irrigate soon
32.12,41.6,29.67,2.06,33.8,4.87,0,113.62,68.67,66.56,7.55,maize,1.0,Irrigate soon
37.03,89.33,22.28,25.11,25.9,28.16,0,94.37,44.97,43.46,7.62,wheat,0.9,No irrigation
39.55,23.74,37.65,9.28,34.6,24.52,1,55.72,40.74,32.12,7.93,wheat,0.9,Irrigate soon
59.56,21.73,35.23,9.28,31.58,22.32,1,115.38,58.86,19.32,5.65,maize,1.0,No irrigation
48.72,53.58,35.17,20.24,23.12,5.33,1,56.61,52.39,25.41,7.73,groundnut,0.85,Monitor
23.1,50.74,22.09,15.74,28.39,22.81,0,33.67,59.79,36.54,6.1,groundnut,0.85,Monitor
51.4,64.98,39.92,9.07,22.63,4.53,1,26.9,30.82,63.03,6.61,wheat,0.9,No irrigation
38.81,47.23,38.93,36.42,24.5,24.25,1,90.9,33.33,62.27,6.04,groundnut,0.85,No irrigation
46.48,58.13,33.01,36.86,27.31,22.74,0,62.47,36.52,36.88,7.84,maize,1.0,No irrigation
19.23,66.51,28.09,22.07,29.68,28.4,0,42.79,55.79,69.46,7.0,cotton,1.1,Monitor
53.45,24.1,31.82,32.69,23.05,15.63,1,48.78,54.16,23.35,7.43,banana,1.25,No irrigation
21.9,48.35,33.29,39.88,34.57,23.58,0,101.19,35.49,70.43,6.04,groundnut,0.85,No irrigation
16.63,70.82,31.7,28.28,22.81,17.62,0,61.56,37.15,23.0,7.24,cotton,1.1,No irrigation
37.76,86.68,20.03,39.9,31.2,27.63,1,37.39,67.01,17.08,7.38,banana,1.25,No irrigation
22.04,67.6,39.58,10.75,28.83,3.11,0,92.52,68.32,50.99,7.67,cotton,1.1,Irrigate soon
34.69,71.83,21.88,34.57,29.21,11.17,1,47.61,34.22,32.83,5.08,maize,1.0,No irrigation
26.62,74.38,27.01,18.32,32.77,27.42,1,108.17,18.41,67.59,7.44,rice,1.3,Irrigate soon
45.23,37.24,35.03,15.18,21.0,18.37,1,93.51,48.57,73.09,6.9,chickpea,0.75,Monitor
47.05,31.06,23.65,27.41,25.63,26.66,0,49.86,12.7,29.06,7.57,banana,1.25,No irrigation
65.56,58.33,20.05,7.16,32.02,11.61,0,103.17,56.91,32.62,5.87,groundnut,0.85,No irrigation
29.07,58.45,29.62,7.22,33.66,8.4,0,50.07,55.3,77.19,5.2,chickpea,0.75,Irrigate soon
30.18,71.19,33.92,14.95,27.23,18.25,0,34.88,15.57,31.95,7.35,cotton,1.1,Irrigate soon
43.93,52.66,36.48,8.55,22.01,21.27,1,21.4,29.33,30.85,6.49,cotton,1.1,Monitor
38.37,55.97,21.04,21.13,25.61,3.44,0,92.31,42.15,77.73,5.26,maize,1.0,Monitor
47.03,42.72,38.77,10.01,26.5,16.98,0,83.13,66.72,15.96,7.4,rice,1.3,Monitor
45.18,26.81,32.3,16.22,27.87,13.85,0,53.07,37.25,18.44,6.93,groundnut,0.85,Monitor
61.08,30.0,28.56,23.13,22.97,27.89,0,57.23,25.8,60.94,5.59,cotton,1.1,No irrigation
16.83,32.93,21.08,38.36,26.48,11.39,1,111.0,11.13,36.22,7.49,maize,1.0,No irrigation
30.86,26.69,25.79,6.14,26.06,15.45,0,51.5,25.37,63.0,6.7,rice,1.3,Irrigate soon
20.25,80.19,28.49,9.99,32.73,16.54,0,33.57,18.2,17.43,7.97,maize,1.0,Irrigate soon
62.8,61.1,23.68,7.04,25.59,5.92,0,29.56,49.8,54.91,5.14,rice,1.3,No irrigation
21.26,34.54,30.68,8.36,28.64,7.39,0,56.36,41.02,77.1,5.35,maize,1.0,Irrigate now
23.71,71.31,25.08,33.3,26.18,9.93,0,41.66,21.14,40.98,7.32,chickpea,0.75,No irrigation
48.52,49.97,20.1,10.55,27.68,14.02,1,37.39,13.27,67.67,7.85,maize,1.0,Monitor
39.05,51.77,33.4,25.0,33.0,8.79,1,37.73,38.31,30.08,6.21,banana,1.25,No irrigation
20.07,68.19,39.95,39.27,26.06,24.79,0,46.75,55.84,40.36,5.47,banana,1.25,No irrigation
28.55,64.77,21.21,36.64,26.25,4.95,1,98.28,32.17,31.2,7.55,groundnut,0.85,No irrigation
35.4,40.2,28.83,39.7,24.06,23.41,1,91.97,50.02,36.97,6.68,groundnut,0.85,No irrigation
52.92,84.82,22.55,25.35,31.49,17.44,1,94.79,19.25,28.17,7.73,banana,1.25,No irrigation
69.44,54.57,31.85,11.91,25.08,4.29,1,106.34,51.87,42.19,5.59,groundnut,0.85,No irrigation
45.09,35.72,25.43,37.61,24.3,17.36,1,44.64,44.67,41.84,5.3,groundnut,0.85,No irrigation
44.61,40.72,29.41,25.56,29.24,23.06,0,61.53,31.27,29.6,7.84,rice,1.3,No irrigation
20.58,82.79,30.31,7.87,26.93,2.82,0,69.71,22.49,23.5,5.18,groundnut,0.85,Irrigate now
24.13,78.11,20.08,3.82,28.04,13.86,1,115.89,64.23,16.24,7.69,cotton,1.1,Irrigate soon
55.26,60.17,22.36,39.17,34.69,13.15,0,79.22,27.87,65.26,6.19,chickpea,0.75,No irrigation
50.33,78.68,34.97,39.66,29.49,12.88,1,54.45,34.33,74.62,5.57,rice,1.3,No irrigation
40.3,72.36,31.7,32.26,29.46,10.42,0,59.54,44.36,47.87,6.99,groundnut,0.85,No irrigation
21.04,64.94,34.05,15.33,24.38,14.88,1,65.15,50.33,41.76,7.67,maize,1.0,Monitor
27.01,35.45,22.22,4.2,25.84,6.75,0,31.36,56.56,31.05,6.8,groundnut,0.85,Irrigate soon
47.18,73.3,21.63,9.06,24.08,9.61,1,111.76,35.16,46.33,7.4,groundnut,0.85,Monitor
30.05,75.62,25.63,33.02,28.18,21.36,0,92.84,67.3,71.22,6.48,maize,1.0,No irrigation
17.07,89.58,38.17,3.65,26.01,29.31,0,97.17,12.85,35.25,7.7,maize,1.0,Irrigate now
64.15,22.71,30.59,33.23,26.26,13.68,0,60.42,42.66,17.14,7.89,wheat,0.9,No irrigation
48.12,37.25,22.89,38.19,31.55,9.22,1,50.24,25.67,25.14,5.18,chickpea,0.75,No irrigation
25.86,49.78,33.91,22.62,30.07,15.6,0,40.54,42.61,18.82,5.97,cotton,1.1,Monitor
20.44,69.13,21.73,19.82,23.05,5.79,0,78.3,28.57,70.09,5.05,maize,1.0,Monitor
31.69,52.48,37.35,6.46,33.99,17.56,0,48.93,17.15,69.62,6.38,groundnut,0.85,Irrigate now
31.45,29.57,29.69,27.89,31.59,19.01,1,67.64,40.6,46.91,5.88,cotton,1.1,No irrigation
25.31,25.02,31.08,38.56,20.56,19.84,1,81.47,16.67,79.08,5.37,wheat,0.9,No irrigation
69.93,31.85,32.83,4.76,24.26,3.34,0,28.24,30.13,36.55,6.23,groundnut,0.85,No irrigation
38.83,66.33,27.77,16.26,23.8,11.64,0,119.83,20.53,57.64,7.22,rice,1.3,Irrigate soon
15.11,64.31,25.66,28.83,20.98,21.81,1,72.06,64.89,38.33,6.17,chickpea,0.75,No irrigation
42.87,88.74,31.96,39.25,20.46,4.97,1,63.27,30.87,58.12,6.21,chickpea,0.75,No irrigation
35.02,55.34,37.73,34.07,22.76,19.87,0,65.57,33.38,23.66,6.96,cotton,1.1,No irrigation
35.18,38.13,37.48,19.06,29.95,4.32,1,31.12,23.35,79.14,6.13,groundnut,0.85,Monitor
67.56,49.47,23.6,1.62,30.51,14.46,0,107.69,10.21,56.48,7.44,cotton,1.1,No irrigation
44.78,24.13,25.44,38.88,31.4,15.6,0,20.77,34.46,27.49,7.16,rice,1.3,No irrigation
34.31,75.49,23.23,9.17,28.28,7.07,0,48.39,42.16,45.62,7.6,wheat,0.9,Irrigate soon
25.59,89.99,31.82,11.89,20.02,4.58,1,65.24,58.15,29.83,7.67,rice,1.3,Irrigate soon
53.75,85.52,26.94,1.19,32.79,23.68,0,51.87,56.79,43.79,5.44,banana,1.25,No irrigation
50.37,61.44,38.47,0.31,33.94,10.1,1,115.65,43.39,17.66,7.28,wheat,0.9,No irrigation
28.21,28.93,30.81,34.06,20.36,10.4,1,111.0,52.74,36.41,5.9,wheat,0.9,No irrigation
33.31,73.13,35.73,20.42,33.6,28.04,1,48.79,43.34,66.99,5.86,groundnut,0.85,Monitor
22.09,22.55,21.7,20.4,28.33,19.09,0,58.55,55.36,47.35,7.74,groundnut,0.85,Monitor
54.07,21.75,39.91,18.59,28.78,5.23,0,29.73,59.43,55.34,7.71,cotton,1.1,No irrigation
28.78,84.24,24.79,28.82,28.94,2.38,1,75.25,67.47,74.47,7.35,wheat,0.9,No irrigation
46.47,68.85,20.42,30.38,22.8,27.05,0,103.41,46.16,42.95,6.91,groundnut,0.85,No irrigation
31.39,82.57,30.4,32.04,26.44,12.56,0,58.85,35.22,30.64,6.36,chickpea,0.75,No irrigation
35.42,82.56,21.66,12.73,26.66,4.61,0,61.83,43.61,34.42,7.7,rice,1.3,Irrigate soon
22.7,35.4,20.41,11.21,27.18,13.16,0,84.01,60.93,34.22,5.9,banana,1.25,Irrigate soon
61.06,80.18,23.61,32.11,32.17,16.88,0,44.04,18.45,31.28,5.64,wheat,0.9,No irrigation
15.26,22.23,21.6,28.38,24.62,22.16,1,44.66,62.39,54.02,5.98,chickpea,0.75,No irrigation
32.34,39.73,39.13,37.13,25.76,25.35,1,21.49,26.65,38.98,5.18,banana,1.25,No irrigation
26.71,66.0,32.41,13.52,29.0,12.05,0,104.83,29.33,49.96,7.43,wheat,0.9,Irrigate soon
36.28,23.23,20.41,33.13,29.08,12.98,0,64.26,15.95,34.21,5.47,maize,1.0,No irrigation
60.61,21.85,21.74,18.56,33.91,6.95,0,55.92,24.44,26.45,6.22,wheat,0.9,No irrigation
26.55,80.09,36.68,15.85,34.79,24.94,0,117.12,17.27,29.99,5.47,rice,1.3,Irrigate soon
31.61,74.62,36.43,0.3,22.27,13.7,0,30.62,24.36,30.83,6.12,maize,1.0,Irrigate now
41.92,54.1,32.07,0.08,29.69,7.15,1,63.03,32.61,26.97,6.02,groundnut,0.85,Monitor
54.49,39.65,29.84,20.56,25.53,29.16,1,20.25,36.97,79.84,7.44,maize,1.0,No irrigation
27.48,40.0,35.59,29.08,34.66,5.83,0,28.28,33.1,55.79,6.4,banana,1.25,No irrigation
44.4,25.28,26.63,11.59,31.01,25.46,1,21.28,54.41,54.97,7.83,chickpea,0.75,Monitor
25.77,63.0,38.25,36.8,30.05,29.27,1,116.92,52.69,37.1,6.03,groundnut,0.85,No irrigation
40.9,82.74,28.36,5.0,31.76,6.48,0,102.14,48.88,45.99,5.16,groundnut,0.85,Monitor
19.08,70.5,21.2,5.28,21.04,5.19,1,82.61,50.79,43.72,6.16,banana,1.25,Irrigate soon
41.28,49.93,26.71,5.42,22.98,15.62,1,78.58,14.3,23.97,7.46,wheat,0.9,Monitor
54.63,65.3,27.35,8.83,27.47,4.33,0,80.63,21.55,17.6,7.82,maize,1.0,No irrigation
39.95,43.57,38.17,22.79,28.07,27.42,0,107.37,52.18,19.75,5.43,cotton,1.1,Monitor
