nitrogen,phosphorus,potassium,ph,moisture,temperature,soil_health
118.35,46.69,129.5,7.29,16.59,41.34,Poor
116.56,79.68,23.58,6.3,35.96,40.02,Moderate
100.14,83.16,69.3,5.41,48.82,16.72,Moderate
125.87,65.01,114.92,5.92,77.95,39.11,Moderate
118.97,23.49,72.67,4.68,20.8,33.44,Moderate
114.27,96.91,52.24,5.98,42.87,20.12,Healthy
28.19,50.19,37.9,7.18,40.6,37.48,Healthy
108.04,34.67,125.68,7.72,37.12,22.78,Healthy
105.55,18.28,33.99,4.53,65.08,32.95,Moderate
108.72,79.17,71.54,6.77,19.79,18.09,Moderate
103.58,49.75,86.96,7.56,54.43,29.95,Healthy
88.29,33.88,9.47,6.25,25.02,26.03,Healthy
129.48,27.22,13.45,5.63,30.55,32.87,Moderate
87.98,79.47,101.33,6.13,66.98,19.51,Moderate
13.18,13.55,109.74,6.35,21.29,28.53,Moderate
31.32,71.15,69.69,6.02,31.11,32.02,Moderate
60.65,13.33,22.11,8.35,73.6,33.89,Moderate
47.22,97.07,117.92,7.37,41.46,22.35,Moderate
23.49,90.75,71.09,5.31,31.42,30.64,Moderate
34.75,86.38,114.99,7.38,40.25,31.94,Moderate
91.77,66.74,17.24,6.16,12.91,28.34,Moderate
56.18,18.73,19.99,6.85,21.94,39.98,Moderate
91.35,37.95,90.68,4.59,77.1,28.02,Moderate
119.58,12.86,75.57,6.46,75.65,30.44,Moderate
76.29,30.36,53.08,6.58,40.72,15.58,Healthy
125.68,90.14,25.34,6.72,17.6,33.15,Moderate
49.37,67.65,110.41,7.57,17.54,39.73,Moderate
42.23,8.55,85.45,5.98,68.09,36.82,Moderate
54.4,95.53,47.18,6.56,27.92,40.27,Moderate
33.05,9.27,68.09,8.47,72.42,35.21,Poor
134.71,89.88,80.23,5.76,64.04,32.86,Moderate
62.31,13.97,113.28,5.55,75.58,21.51,Moderate
27.19,83.96,27.23,5.22,51.96,38.61,Moderate
37.5,34.48,117.72,8.39,45.05,18.89,Moderate
11.95,26.82,24.11,7.21,18.53,28.67,Moderate
107.2,60.21,33.97,7.72,60.08,34.95,Healthy
28.35,16.76,139.5,6.09,31.07,28.19,Moderate
102.8,95.78,46.53,8.2,11.74,29.99,Poor
98.76,15.06,25.35,6.18,77.64,31.09,Moderate
140.62,81.41,72.77,7.64,11.25,17.95,Moderate
126.12,80.7,38.73,6.62,52.42,38.43,Moderate
94.44,44.19,59.26,6.2,55.64,38.42,Healthy
73.55,28.54,39.32,7.48,67.16,17.84,Healthy
19.32,61.47,26.2,7.8,31.72,18.88,Moderate
138.94,20.73,46.28,5.11,18.08,15.57,Poor
17.76,21.59,12.74,6.86,57.65,25.63,Moderate
54.52,52.93,131.88,7.9,13.04,19.9,Moderate
43.14,28.69,87.83,6.17,13.45,25.09,Healthy
83.33,14.66,125.85,4.71,74.74,17.68,Poor
128.1,90.75,147.04,7.71,64.56,32.35,Moderate
119.06,17.78,82.73,6.56,70.03,27.5,Healthy
63.91,65.76,43.64,5.06,43.45,26.26,Healthy
42.56,39.91,58.13,5.81,36.56,33.52,Moderate
51.56,95.14,137.87,6.42,32.99,29.46,Moderate
128.8,67.0,121.64,6.63,54.3,22.78,Healthy
112.89,24.23,105.75,7.94,19.25,31.59,Moderate
23.31,73.94,17.25,8.24,19.62,40.89,Poor
122.12,61.4,118.48,7.68,76.22,21.84,Moderate
92.61,14.03,94.34,5.19,49.55,30.46,Moderate
75.24,54.65,115.77,7.7,44.45,31.19,Healthy
140.37,16.37,21.98,4.85,56.05,26.3,Moderate
118.4,68.77,53.38,8.09,63.38,22.3,Healthy
60.99,34.87,27.85,5.09,75.53,26.82,Moderate
63.66,74.32,85.18,8.24,64.62,27.94,Healthy
62.69,98.73,109.08,8.3,18.29,37.96,Poor
99.19,16.58,90.3,7.24,10.86,27.27,Healthy
125.56,33.06,71.49,6.27,31.13,39.8,Moderate
119.38,15.51,149.57,8.02,29.87,37.6,Moderate
24.9,99.91,101.52,7.1,16.33,39.22,Poor
14.06,27.88,25.74,7.61,23.87,39.59,Moderate
101.88,8.44,5.79,4.71,52.41,36.64,Poor
43.4,85.69,13.3,7.7,74.95,35.85,Moderate
107.74,84.61,10.82,5.31,18.74,28.62,Moderate
114.33,64.85,128.41,5.12,61.42,20.21,Moderate
47.91,72.44,147.13,6.95,13.82,31.64,Moderate
15.93,88.99,107.89,5.19,16.42,19.96,Poor
147.2,48.56,118.69,7.05,50.07,18.92,Moderate
142.44,33.63,88.81,7.3,55.45,40.4,Moderate
30.78,53.29,63.58,6.4,18.35,18.62,Moderate
48.93,33.95,67.05,6.94,54.42,26.12,Healthy
67.23,25.67,90.3,5.77,12.52,26.3,Healthy
76.38,26.43,88.01,6.76,59.14,32.49,Healthy
101.34,35.04,119.18,6.7,40.2,31.9,Healthy
60.49,53.71,111.82,8.05,74.47,28.6,Moderate
82.84,80.99,50.6,7.85,44.59,18.13,Moderate
20.09,84.99,13.06,5.62,33.39,19.67,Moderate
53.95,75.56,7.13,7.81,69.96,25.05,Moderate
31.51,62.08,22.35,5.96,77.09,41.88,Poor
118.09,34.54,104.71,7.32,37.15,32.3,Healthy
11.5,24.86,81.14,5.16,21.61,37.58,Moderate
148.48,57.82,126.67,8.46,19.91,27.1,Poor
64.96,12.6,114.52,6.24,42.85,19.07,Moderate
35.33,91.17,11.47,5.43,30.44,28.24,Moderate
92.1,51.86,17.2,5.47,69.05,32.21,Moderate
100.88,68.67,115.62,4.73,35.66,29.57,Healthy
57.38,85.23,74.97,7.57,69.64,28.63,Moderate
137.34,60.78,128.29,5.86,44.92,29.35,Moderate
24.7,42.86,138.01,7.02,22.43,24.15,Moderate
36.82,7.36,139.48,6.29,31.53,31.16,Moderate
11.02,31.41,106.94,7.04,78.73,31.75,Moderate
76.85,77.34,135.98,7.38,77.42,36.11,Moderate
131.35,15.84,111.2,6.26,48.72,32.66,Moderate
145.77,98.53,46.79,7.44,62.5,24.36,Moderate
27.34,8.89,117.71,6.46,78.99,27.55,Poor
146.91,44.1,120.08,4.84,48.88,36.66,Moderate
139.46,83.15,10.36,5.99,13.41,17.95,Poor
104.54,72.76,117.19,7.96,61.76,36.62,Moderate
16.85,27.28,95.18,7.93,10.32,28.89,Moderate
104.82,7.81,63.2,8.08,57.01,21.42,Moderate
129.39,38.06,128.73,5.7,51.32,25.72,Moderate
48.48,89.22,32.2,4.84,33.93,34.38,Moderate
123.04,99.88,47.97,6.13,19.58,30.52,Moderate
149.66,71.58,91.31,6.07,74.07,28.42,Moderate
28.81,39.71,14.74,5.31,11.24,27.24,Poor
98.84,37.61,65.96,8.34,62.64,29.6,Healthy
49.84,90.21,39.09,5.8,73.63,29.3,Moderate
113.92,61.12,99.75,5.7,26.9,23.71,Healthy
31.76,88.06,46.07,6.75,65.44,36.16,Moderate
71.37,50.24,149.23,7.2,67.02,39.37,Moderate
120.26,22.59,86.51,4.91,55.7,40.79,Moderate
81.78,46.13,10.2,8.34,17.21,16.11,Poor
44.45,11.23,70.99,6.56,31.88,16.38,Moderate
25.62,41.53,13.78,7.29,24.49,23.16,Moderate
65.18,44.58,5.24,4.95,70.39,15.03,Poor
81.14,51.5,53.3,6.23,64.64,37.71,Healthy
46.45,35.64,40.16,6.42,57.83,21.16,Healthy
56.3,93.39,12.04,6.34,59.81,19.06,Moderate
16.63,18.13,138.23,4.54,23.18,15.84,Poor
25.49,63.91,40.04,6.78,51.31,37.93,Healthy
10.66,86.07,94.77,5.15,64.11,38.1,Poor
45.6,92.29,70.9,6.91,78.93,24.76,Moderate
123.84,35.25,120.89,6.9,25.14,26.18,Moderate
54.47,12.42,9.33,5.89,11.33,19.47,Poor
111.53,72.27,112.09,5.77,72.3,31.03,Moderate
27.64,18.65,105.5,5.19,45.51,41.78,Poor
10.56,6.58,149.0,6.84,18.88,39.23,Poor
133.25,55.94,95.16,5.59,13.54,31.05,Moderate
51.27,68.04,126.26,4.57,51.7,21.24,Moderate
132.34,29.1,93.56,6.71,37.73,33.3,Healthy
111.61,58.86,114.97,8.43,39.35,28.89,Healthy
11.75,80.62,80.43,6.13,16.59,39.02,Poor
65.3,69.85,26.66,8.35,22.49,20.39,Moderate
130.26,91.7,35.76,6.38,61.34,38.72,Moderate
63.07,54.12,112.55,7.42,64.81,30.39,Healthy
24.65,90.88,130.51,7.69,16.99,20.52,Poor
114.1,7.2,146.99,6.01,60.35,38.96,Poor
65.25,35.32,93.27,6.82,38.64,31.25,Healthy
140.95,49.43,33.53,6.01,37.59,18.54,Healthy
32.8,70.03,54.22,8.32,27.05,17.67,Moderate
115.49,88.7,45.33,5.31,23.0,29.09,Moderate
75.58,29.65,11.55,6.43,77.15,32.62,Moderate
79.37,15.52,41.6,5.68,63.54,38.67,Moderate
136.23,98.53,147.44,8.31,15.03,18.72,Poor
52.63,57.53,19.06,7.88,53.17,29.64,Moderate
33.14,29.06,28.25,7.91,50.9,34.85,Moderate
51.44,40.27,63.7,7.54,64.06,20.58,Healthy
141.82,16.46,134.94,4.9,28.52,37.85,Poor
35.13,44.29,70.23,5.48,59.72,37.99,Moderate
132.44,37.24,81.97,5.49,27.14,19.35,Moderate
141.6,89.36,117.72,6.57,44.34,29.3,Moderate
85.12,46.28,24.1,5.0,76.66,28.01,Moderate
143.45,20.54,85.39,5.33,27.72,15.81,Moderate
26.65,92.1,51.62,6.93,42.55,25.81,Moderate
84.46,22.79,148.35,7.77,61.91,27.66,Moderate
31.4,92.46,54.5,4.7,33.97,36.45,Poor
97.18,76.33,120.08,5.35,74.66,26.83,Moderate
99.46,5.22,149.04,5.62,14.34,27.37,Poor
28.06,19.47,96.68,6.07,74.53,23.62,Moderate
111.67,48.8,100.69,6.9,43.09,40.65,Healthy
57.98,21.84,103.32,7.88,12.82,27.14,Moderate
134.95,76.21,148.81,6.63,56.2,23.17,Moderate
142.65,39.8,112.08,6.11,49.33,34.43,Moderate
81.25,91.17,65.8,7.09,33.97,26.02,Healthy
71.61,16.95,18.3,7.17,55.89,32.9,Moderate
12.77,36.02,33.68,7.61,70.24,21.66,Moderate
103.5,17.29,44.9,5.05,29.85,33.22,Moderate
137.45,24.24,83.6,7.31,76.7,31.47,Moderate
45.71,64.42,51.47,8.4,37.98,33.51,Moderate
13.25,43.01,131.89,6.94,41.08,40.27,Poor
129.56,35.61,83.96,6.46,54.25,24.02,Healthy
44.19,91.7,138.96,7.87,78.47,35.11,Poor
117.05,77.45,74.69,6.33,26.82,32.41,Moderate
50.5,29.49,89.96,6.14,25.32,37.03,Moderate
130.48,20.93,6.09,5.84,65.83,37.66,Moderate
29.37,78.56,21.78,6.06,79.9,20.2,Moderate
31.55,45.17,94.85,8.23,78.66,16.88,Poor
29.32,80.12,44.24,8.04,56.44,18.02,Moderate
126.55,21.75,66.41,6.71,45.05,33.53,Moderate
101.38,99.24,149.92,6.57,16.66,34.65,Poor
146.73,35.24,71.88,6.2,13.6,33.15,Moderate
59.47,79.81,125.66,7.78,39.17,23.68,Moderate
114.83,81.13,76.23,8.07,20.07,38.73,Moderate
23.45,19.58,82.41,4.77,13.7,15.01,Poor
71.08,78.59,10.05,7.11,67.62,19.54,Moderate
30.56,86.78,124.35,6.66,67.34,17.5,Moderate
65.23,75.09,42.33,7.51,45.29,35.26,Moderate
75.06,39.95,36.78,5.33,62.6,18.21,Healthy
22.04,21.75,30.43,7.79,37.9,41.74,Moderate
29.21,67.09,70.07,6.07,71.26,41.34,Moderate
132.2,23.27,37.02,7.12,30.24,34.84,Moderate
89.3,57.34,125.14,7.34,11.86,16.34,Poor
94.22,51.19,42.73,6.17,63.05,37.32,Healthy
88.57,41.61,44.25,6.59,32.03,30.23,Healthy
104.73,11.28,5.15,5.35,72.62,32.45,Moderate
34.07,89.58,73.14,6.4,75.49,16.61,Poor
40.12,60.65,33.35,7.22,24.99,17.68,Moderate
38.98,45.16,30.54,5.04,70.22,23.65,Moderate
60.51,10.25,56.82,5.56,52.73,20.55,Healthy
134.37,93.32,19.48,4.93,18.07,31.73,Poor
27.08,85.98,114.37,7.78,46.82,41.91,Poor
16.18,43.12,51.97,8.29,50.38,36.77,Moderate
33.85,97.97,77.3,6.47,77.96,25.28,Poor
65.65,60.55,23.57,5.78,23.52,17.79,Moderate
131.26,60.99,57.01,6.13,40.21,32.1,Healthy
139.75,93.61,61.77,5.82,41.57,30.33,Moderate
74.65,67.58,85.39,5.78,34.2,25.22,Healthy
23.25,20.78,109.85,6.06,25.02,30.19,Moderate
115.78,29.46,124.88,8.21,51.82,33.06,Moderate
17.36,94.82,61.91,8.2,50.53,15.12,Poor
15.4,69.64,86.59,4.61,62.04,38.01,Poor
79.5,49.25,5.79,7.65,33.15,38.73,Moderate
62.23,58.68,44.2,5.14,64.24,28.41,Healthy
85.11,96.71,144.72,7.92,23.13,31.05,Moderate
132.94,40.57,19.66,7.74,43.72,30.24,Moderate
147.5,62.69,66.62,5.98,39.23,18.2,Moderate
121.27,84.58,46.24,5.72,71.2,15.65,Moderate
82.86,49.05,105.07,5.15,56.78,25.17,Healthy
96.62,8.81,71.95,6.59,25.0,18.77,Moderate
36.39,37.69,19.04,8.29,38.35,36.84,Moderate
146.42,12.67,99.49,7.99,54.4,26.58,Moderate
70.35,8.41,82.52,8.47,77.11,16.09,Poor
108.81,33.67,135.93,4.68,75.51,37.61,Poor
26.45,10.68,126.03,5.12,47.44,39.73,Poor
89.44,42.74,69.53,4.75,77.81,23.39,Moderate
36.51,32.17,144.83,4.88,70.71,34.11,Moderate
126.2,97.71,127.11,8.27,18.89,36.49,Poor
86.39,56.63,135.34,8.39,59.34,28.04,Moderate
73.9,41.7,57.43,6.07,16.28,17.09,Healthy
119.18,47.38,139.95,6.95,12.46,19.25,Moderate
38.81,97.69,36.71,6.56,75.53,41.38,Poor
43.09,9.67,27.27,4.75,23.66,30.35,Moderate
137.74,56.04,95.77,5.31,66.04,31.68,Moderate
130.98,95.14,55.45,4.86,25.82,26.82,Moderate
142.4,40.94,116.76,6.66,22.8,23.66,Moderate
101.45,68.92,68.04,5.41,60.53,19.56,Healthy
141.13,22.85,20.56,6.49,46.37,28.72,Moderate
71.13,99.51,75.51,6.41,39.52,16.8,Moderate
93.01,26.66,97.45,4.7,78.7,27.66,Moderate
135.55,50.18,13.75,7.79,55.37,36.11,Moderate
69.94,65.6,129.15,7.02,34.34,32.89,Moderate
104.06,96.26,58.78,6.2,66.85,28.66,Healthy
113.12,48.67,36.25,7.48,19.18,20.36,Healthy
97.76,75.99,134.73,5.59,17.75,40.81,Poor
31.62,23.78,47.24,6.62,71.8,35.53,Moderate
109.14,21.64,56.86,6.41,20.32,22.38,Healthy
53.17,17.09,84.78,7.32,14.9,27.99,Moderate
119.51,76.06,123.19,6.29,67.44,21.5,Moderate
60.51,21.75,72.79,6.07,26.86,35.3,Moderate
53.94,30.92,23.98,6.26,31.21,24.97,Moderate
43.04,77.5,139.85,6.49,55.01,38.41,Moderate
149.84,63.28,134.02,8.13,65.4,27.45,Poor
21.36,6.5,74.19,6.48,38.52,30.34,Moderate
87.3,84.48,20.76,5.4,65.51,37.89,Moderate
149.28,87.93,134.04,5.76,38.12,22.24,Poor
94.88,94.19,54.97,6.73,30.74,19.58,Moderate
37.33,10.5,142.65,6.11,68.39,33.4,Moderate
36.87,21.67,122.74,5.56,73.93,18.78,Moderate
104.88,82.38,39.11,5.6,77.52,22.14,Moderate
70.19,46.09,41.69,7.6,64.03,25.21,Healthy
126.92,25.24,5.62,6.78,79.59,16.04,Poor
39.12,54.3,122.44,4.86,37.67,35.17,Moderate
62.02,22.94,33.35,6.14,43.56,38.27,Healthy
99.92,70.59,147.53,6.15,38.23,39.93,Moderate
44.42,74.33,114.41,4.89,42.78,20.42,Moderate
35.95,49.06,46.97,7.68,73.53,36.67,Moderate
47.24,31.04,41.94,5.04,76.07,25.86,Moderate
41.46,85.43,62.88,4.64,21.34,32.26,Moderate
119.61,25.04,138.02,7.9,69.39,21.15,Moderate
17.08,87.41,49.34,6.98,63.2,18.46,Moderate
119.32,94.16,110.61,6.26,71.37,29.24,Moderate
114.27,82.95,113.66,5.65,18.25,21.44,Moderate
80.4,53.0,89.48,6.08,65.08,39.66,Healthy
44.54,74.97,103.31,6.59,23.2,36.47,Moderate
144.49,73.57,138.09,8.44,34.64,32.23,Poor
76.35,98.73,18.6,6.15,71.29,22.67,Moderate
120.29,41.36,147.1,8.03,31.09,35.8,Moderate
57.16,62.6,100.48,7.82,11.71,20.94,Moderate
109.67,58.53,76.86,4.72,34.38,38.36,Moderate
14.32,42.66,142.05,4.7,62.48,21.96,Poor
131.33,75.88,133.43,5.36,47.19,36.04,Moderate
44.4,26.92,8.94,8.33,59.7,32.16,Moderate
114.16,55.5,74.04,6.3,54.83,20.44,Healthy
134.33,82.12,55.69,6.81,19.87,41.25,Moderate
136.4,92.58,53.16,5.18,24.82,17.43,Poor
26.82,11.77,148.52,4.8,19.28,37.34,Poor
91.23,78.57,96.48,8.03,54.69,29.1,Healthy
109.78,47.5,55.18,6.37,21.88,36.51,Healthy
46.5,19.59,40.72,7.87,33.11,33.52,Moderate
129.9,12.39,115.93,5.73,25.16,33.6,Moderate
137.37,33.03,87.48,5.66,48.8,31.79,Healthy
95.45,64.24,24.59,7.27,57.23,33.43,Healthy
20.37,47.45,64.31,4.85,25.57,26.91,Moderate
114.01,27.52,125.31,6.68,63.23,27.76,Healthy
79.89,63.87,139.56,6.47,47.01,31.25,Healthy
113.25,11.83,79.77,6.43,74.52,28.32,Healthy
75.56,96.41,70.33,5.22,25.18,17.57,Moderate
10.08,46.03,116.54,7.43,12.25,30.39,Moderate
31.6,94.4,29.27,7.01,32.84,32.32,Moderate
67.72,77.17,38.45,8.12,45.01,35.41,Moderate
128.96,99.89,37.47,5.65,27.53,22.1,Moderate
91.54,99.38,148.59,6.61,54.73,38.22,Poor
140.61,24.37,81.64,7.83,31.22,26.87,Moderate
147.99,98.58,136.39,7.69,28.84,23.66,Poor
86.62,58.27,78.3,7.05,38.58,35.23,Healthy
56.7,36.41,23.45,5.25,69.54,27.05,Moderate
41.9,77.14,85.33,4.58,32.15,19.78,Moderate
101.82,31.13,14.42,4.72,50.72,15.59,Poor
128.83,19.76,92.95,6.28,41.0,16.94,Moderate
122.39,89.84,6.6,5.21,73.27,29.84,Moderate
31.01,24.27,100.7,7.4,51.96,40.74,Moderate
79.17,33.53,74.2,5.94,25.71,16.24,Moderate
59.31,72.58,7.67,6.26,55.08,31.48,Moderate
118.73,82.0,108.2,4.91,43.25,31.29,Moderate
44.38,9.04,37.42,6.32,38.98,19.77,Moderate
125.42,92.94,34.2,8.22,11.25,39.97,Poor
143.27,6.14,115.64,8.38,73.41,41.21,Poor
87.05,12.42,128.22,6.96,53.03,26.27,Moderate
90.06,19.59,112.27,4.8,61.08,37.92,Moderate
76.15,53.43,50.27,8.38,61.32,24.96,Healthy
34.47,25.86,72.27,8.27,61.39,20.81,Moderate
130.34,40.93,128.5,5.47,53.31,40.02,Moderate
46.11,70.83,148.16,5.1,16.19,33.2,Poor
57.56,11.77,73.92,7.52,29.96,24.05,Moderate
128.4,54.41,127.2,6.29,76.71,32.57,Moderate
26.23,89.08,75.94,5.07,20.69,33.56,Poor
16.63,32.23,25.27,6.26,39.0,29.09,Healthy
49.15,8.04,94.09,5.99,55.59,17.93,Moderate
11.93,28.59,71.2,6.08,66.72,25.2,Healthy
84.26,61.38,8.17,6.56,34.14,26.37,Healthy
24.04,79.37,141.65,4.59,52.1,35.62,Poor
49.87,79.82,96.69,8.22,78.67,16.14,Poor
72.29,56.96,26.28,5.85,79.14,15.44,Moderate
73.35,85.05,51.97,6.42,78.46,27.82,Moderate
28.33,9.91,142.09,5.56,45.28,17.45,Poor
69.31,93.36,77.85,8.38,28.12,28.62,Moderate
130.33,47.58,45.53,7.92,37.29,29.33,Healthy
146.71,22.72,48.7,4.62,37.43,20.4,Moderate
105.2,22.23,102.85,5.55,34.87,24.42,Moderate
110.35,49.32,57.39,7.91,50.04,20.77,Healthy
136.01,37.55,10.65,6.48,18.68,21.44,Poor
114.6,17.42,122.01,8.25,52.46,34.18,Moderate
109.9,99.32,54.52,5.15,46.34,29.4,Moderate
34.91,63.25,7.05,8.21,28.52,16.07,Poor
25.15,27.82,44.72,4.63,29.55,20.21,Moderate
63.01,41.59,54.16,5.81,16.28,15.68,Moderate
38.3,76.88,148.67,8.21,45.3,29.36,Moderate
54.04,78.52,115.89,7.88,72.69,26.73,Moderate
117.36,81.61,49.73,8.22,16.6,41.85,Poor
117.81,13.86,100.15,4.64,63.91,36.58,Moderate
94.34,86.4,19.19,5.6,38.99,16.15,Poor
72.75,30.2,61.95,6.2,71.56,22.3,Healthy
135.12,45.47,52.53,6.51,39.24,21.95,Healthy
80.38,19.42,56.03,6.76,38.94,37.25,Healthy
45.94,97.13,118.78,8.37,68.67,18.84,Moderate
83.7,21.15,123.64,6.84,28.44,40.1,Moderate
26.13,58.57,109.55,4.74,51.85,37.03,Moderate
19.45,53.66,42.49,7.15,18.31,40.3,Poor
135.26,22.67,51.87,6.85,60.26,26.95,Healthy
31.88,14.89,149.97,6.32,71.08,28.02,Poor
139.13,13.34,21.53,8.22,76.32,23.5,Poor
59.72,47.98,65.34,5.26,72.89,21.84,Moderate
108.74,11.38,10.62,7.11,33.73,32.7,Moderate
23.16,95.24,113.53,8.01,19.55,23.64,Poor
61.57,56.03,48.05,4.74,35.82,21.87,Healthy
64.03,23.71,42.97,7.01,37.17,24.33,Healthy
84.75,78.33,59.94,6.85,77.63,29.09,Healthy
137.37,80.4,13.51,6.22,58.88,41.64,Poor
74.17,13.81,86.49,5.01,62.61,28.71,Moderate
111.28,87.59,96.2,6.95,62.82,37.75,Healthy
131.67,8.46,85.65,5.37,70.22,32.51,Moderate
68.83,22.87,54.16,7.32,24.31,17.53,Moderate
134.32,77.6,33.97,5.67,78.04,34.12,Moderate
95.47,34.22,48.37,4.66,60.99,16.17,Moderate
10.68,74.3,142.59,7.53,43.01,28.12,Moderate
71.06,35.84,80.65,6.22,51.87,39.25,Healthy
149.3,12.48,60.78,5.22,34.65,22.76,Moderate
34.44,77.59,76.96,8.18,12.28,16.81,Poor
66.46,12.63,43.1,8.44,24.63,20.35,Moderate
90.31,52.31,89.16,6.01,67.87,18.74,Healthy
69.97,70.53,130.89,5.98,49.74,16.87,Moderate
33.84,11.57,110.54,5.65,60.66,16.79,Poor
130.76,84.38,17.89,4.6,13.94,38.05,Poor
42.86,57.09,66.81,7.68,44.22,28.52,Healthy
148.47,19.26,125.45,4.71,43.44,38.93,Poor
103.13,70.1,43.18,6.17,35.66,29.08,Healthy
74.71,36.06,49.29,5.5,35.55,19.05,Healthy
132.09,62.2,24.4,7.28,69.34,21.41,Moderate
31.08,5.82,11.85,7.55,79.1,16.21,Poor
114.73,11.83,90.86,7.52,35.14,15.3,Moderate
93.33,99.17,42.35,5.26,18.67,29.99,Moderate
93.5,80.27,114.2,8.07,66.4,21.68,Moderate
87.82,33.25,52.82,8.23,57.73,41.31,Moderate
68.37,56.06,75.63,4.93,26.57,29.25,Healthy
19.43,93.49,22.96,5.29,63.57,17.62,Moderate
136.04,73.94,14.95,7.27,54.21,35.45,Moderate
125.95,73.24,90.0,5.79,58.81,40.84,Moderate
92.25,68.11,68.38,7.52,79.84,19.33,Moderate
38.34,56.25,74.8,6.79,13.44,25.92,Healthy
91.62,60.59,100.31,7.38,54.91,36.34,Healthy
97.47,56.06,92.9,4.9,29.12,29.24,Healthy
132.22,69.51,18.11,6.87,25.52,34.82,Moderate
125.84,61.38,90.75,5.85,41.24,38.33,Moderate
111.26,54.38,58.39,4.7,20.01,20.21,Healthy
62.27,94.69,78.25,5.44,17.4,24.13,Moderate
124.2,41.42,117.01,7.71,17.76,31.43,Moderate
144.27,43.2,12.39,8.19,71.86,29.1,Poor
87.32,25.12,123.82,6.49,12.37,33.44,Moderate
143.07,83.77,45.19,4.71,75.82,40.3,Poor
84.54,66.02,72.08,6.18,18.36,17.61,Healthy
42.58,84.48,26.15,5.41,48.4,20.81,Moderate
32.85,58.52,58.37,7.0,73.85,19.08,Moderate
137.88,90.74,125.22,7.03,53.41,32.26,Poor
106.67,6.57,143.92,6.84,64.7,25.19,Moderate
11.74,53.42,78.54,6.25,33.78,21.75,Healthy
83.86,40.65,145.64,5.19,32.38,22.94,Moderate
86.06,52.43,98.34,8.3,29.97,33.7,Moderate
13.51,29.93,72.24,4.62,53.24,33.31,Moderate
114.54,54.07,92.57,6.08,12.89,17.7,Healthy
101.7,99.58,7.29,6.73,62.57,37.32,Moderate
86.33,63.89,106.03,7.94,18.56,40.01,Moderate
13.64,84.44,16.13,5.28,10.27,27.02,Poor
56.81,20.77,70.41,6.11,63.74,39.11,Moderate
101.36,16.82,47.83,8.15,16.21,25.99,Moderate
141.95,95.31,64.62,7.17,41.97,35.34,Moderate
14.42,18.69,94.06,5.43,56.62,24.48,Moderate
134.13,82.83,76.46,7.59,28.98,28.35,Moderate
37.65,86.78,124.34,8.11,71.42,40.91,Poor
41.97,93.52,87.83,6.19,49.23,24.25,Healthy
50.4,27.92,16.95,6.49,72.14,32.01,Moderate
82.94,45.72,72.34,5.34,67.61,20.36,Healthy
110.33,77.2,88.36,7.95,30.37,38.8,Moderate
112.12,80.88,101.36,7.89,79.52,26.34,Moderate
123.95,75.74,70.67,8.21,37.61,30.27,Moderate
24.83,26.45,126.9,6.09,37.59,21.64,Moderate
78.83,81.55,134.8,4.78,50.24,27.62,Moderate
96.0,47.49,62.8,6.39,50.74,28.53,Healthy
76.1,82.69,113.12,5.87,66.04,38.05,Moderate
31.49,60.35,46.37,7.46,26.71,33.13,Moderate
45.72,53.56,142.55,6.03,71.3,41.65,Moderate
132.48,20.76,123.85,4.63,37.53,38.51,Moderate
106.43,55.61,61.24,7.75,59.67,27.65,Healthy
134.95,26.85,29.71,7.07,78.04,21.68,Moderate
44.95,18.25,129.78,5.41,45.22,41.75,Moderate
11.7,57.87,79.28,7.73,34.87,26.08,Moderate
33.51,75.38,118.78,5.05,37.54,39.11,Poor
10.38,33.38,85.48,5.84,29.04,27.42,Moderate
35.41,55.31,107.47,6.8,16.52,37.8,Moderate
34.5,77.66,57.28,7.63,24.44,20.04,Moderate
79.58,8.13,37.67,7.4,68.62,17.18,Moderate
133.49,80.76,131.1,7.29,57.19,29.18,Moderate
101.39,92.32,19.58,5.76,15.07,40.51,Poor
72.34,69.16,126.96,8.46,21.32,36.59,Moderate
134.24,9.64,114.34,5.92,55.4,28.88,Moderate
46.36,17.85,21.96,4.91,54.65,24.49,Moderate
40.33,70.73,104.59,6.66,75.45,25.41,Moderate
127.02,12.14,112.28,8.45,69.26,30.65,Moderate
97.75,38.56,103.53,7.58,79.88,28.3,Moderate
18.58,61.61,22.26,5.48,33.01,34.74,Moderate
35.73,20.75,11.52,7.99,58.55,16.08,Moderate
13.96,58.07,45.97,6.89,40.42,39.93,Moderate
50.29,69.52,12.84,8.32,78.65,34.96,Poor
75.13,25.9,122.81,7.45,25.54,27.18,Healthy
74.79,83.51,104.16,7.07,55.49,22.3,Healthy
62.04,9.34,119.11,6.23,40.68,21.62,Healthy
39.32,60.84,38.72,4.76,63.73,25.16,Healthy
63.23,45.98,123.18,5.78,63.06,40.37,Moderate
102.52,46.01,113.43,6.33,39.01,29.18,Healthy
54.48,14.9,65.15,5.0,38.73,30.04,Moderate
140.3,8.44,95.11,6.33,11.42,21.74,Poor
26.59,25.6,44.81,6.11,47.03,15.03,Moderate
32.66,13.89,84.7,5.82,48.39,20.99,Moderate
13.39,94.43,20.7,5.01,20.26,41.49,Poor
96.47,62.98,148.07,4.85,78.22,20.51,Poor
97.23,44.91,60.67,8.22,20.45,41.92,Moderate
63.08,66.63,145.35,4.73,74.6,30.33,Moderate
108.62,19.17,82.34,7.19,41.94,19.18,Healthy
44.18,86.17,10.0,7.34,79.96,15.2,Poor
32.55,69.04,13.7,6.86,57.88,30.88,Moderate
61.13,71.24,91.17,5.33,49.42,38.81,Moderate
103.36,49.82,51.63,4.84,27.12,15.3,Moderate
148.13,26.14,123.16,5.17,29.85,26.29,Moderate
55.42,80.84,143.87,8.0,20.75,35.97,Moderate
30.71,91.77,80.09,5.85,20.99,15.32,Poor
44.71,91.83,120.6,8.38,17.05,30.99,Poor
46.0,56.58,51.47,5.63,50.17,19.95,Moderate
75.68,66.83,23.59,8.22,45.4,37.13,Moderate
101.55,72.45,108.84,8.0,52.95,22.51,Moderate
23.93,62.59,14.62,5.47,14.25,29.82,Poor
32.45,62.99,119.68,7.79,31.67,29.82,Moderate
88.82,49.92,99.99,5.34,78.55,17.65,Moderate
126.09,61.44,40.5,7.48,15.91,35.91,Moderate
92.6,15.52,16.53,7.5,30.51,39.01,Moderate
116.69,71.33,45.4,7.34,76.37,17.47,Moderate
55.66,27.29,62.02,7.47,43.2,30.41,Healthy
53.98,18.42,43.71,7.94,52.17,25.21,Moderate
120.59,11.12,41.81,5.42,78.98,34.06,Moderate
96.49,5.47,31.72,7.04,36.58,39.96,Moderate
117.06,47.5,113.68,8.4,42.27,32.35,Moderate
138.61,28.62,133.55,4.89,55.39,36.14,Poor
96.04,52.08,94.52,5.11,25.09,22.29,Healthy
93.69,46.98,40.45,8.03,36.17,27.04,Healthy
67.36,22.28,111.09,6.29,11.14,41.03,Moderate
124.21,73.74,131.02,8.13,33.62,31.5,Moderate
95.23,30.39,37.18,4.96,56.15,36.08,Healthy
116.53,35.05,34.76,6.31,48.28,39.82,Healthy
132.48,92.03,128.29,8.36,42.58,16.28,Poor
21.7,42.08,42.36,5.18,76.72,20.28,Poor
144.31,77.28,97.94,7.2,33.2,32.45,Moderate
36.14,94.08,48.76,5.52,59.78,32.72,Moderate
73.18,65.08,28.13,7.19,28.94,22.37,Healthy
32.71,36.58,53.03,6.32,23.33,20.21,Healthy
85.84,17.24,104.89,8.28,39.88,39.33,Moderate
23.76,9.08,109.6,7.54,69.01,16.53,Poor
118.77,40.77,48.98,5.19,79.72,16.72,Poor
125.78,65.75,111.59,7.35,70.09,19.96,Moderate
10.12,61.86,56.31,5.0,23.03,23.96,Moderate
19.83,10.41,137.82,5.75,78.76,41.04,Poor
29.96,72.92,92.12,7.26,16.73,20.09,Moderate
20.73,62.39,148.06,7.19,59.75,41.58,Poor
104.92,8.82,130.72,5.96,10.31,28.7,Poor
141.18,29.45,76.27,5.2,14.04,17.17,Poor
111.78,87.09,25.78,5.65,23.65,15.73,Moderate
87.48,71.49,98.94,6.05,48.85,17.54,Healthy
31.6,93.52,115.42,8.19,74.17,32.53,Poor
139.95,44.59,5.52,4.75,17.66,17.57,Poor
59.24,71.62,119.64,6.86,20.25,35.19,Moderate
59.67,6.23,45.69,5.82,29.2,36.92,Moderate
116.39,71.08,25.16,7.73,57.4,20.26,Moderate
100.73,50.93,68.71,4.95,46.28,17.7,Healthy
33.0,17.59,143.35,5.64,34.86,23.7,Moderate
135.76,58.48,138.28,5.7,18.04,30.02,Poor
58.38,81.18,132.52,6.39,78.0,29.93,Moderate
47.93,51.45,10.41,7.72,17.1,23.34,Moderate
89.14,9.08,16.5,7.28,15.02,27.88,Poor
57.42,26.67,32.37,7.55,76.61,18.78,Moderate
144.36,61.5,98.04,7.34,59.29,37.13,Healthy
77.69,55.67,51.95,4.92,56.52,15.91,Moderate
48.59,13.95,32.66,7.05,53.99,26.37,Healthy
22.62,46.17,56.15,7.38,50.53,28.27,Healthy
78.18,96.8,114.66,6.49,43.55,15.71,Moderate
141.95,35.32,42.11,8.5,60.31,16.28,Poor
18.66,7.42,91.94,4.79,75.34,40.3,Poor
86.45,63.58,47.32,4.76,61.62,17.75,Healthy
21.98,34.57,6.81,6.24,59.54,36.64,Moderate
94.6,85.45,63.94,7.9,45.45,21.02,Healthy
142.18,31.12,8.8,5.47,35.67,24.49,Moderate
83.45,88.9,47.39,6.58,33.81,37.19,Moderate
32.06,14.83,77.93,7.19,65.69,30.92,Moderate
118.34,42.31,9.77,4.96,12.71,23.88,Poor
79.37,38.85,86.29,6.42,57.46,33.01,Healthy
54.53,37.89,89.85,6.89,32.03,23.92,Healthy
107.17,66.5,24.58,6.26,72.49,15.98,Moderate
129.72,20.5,78.55,6.2,10.71,39.72,Moderate
73.69,95.66,46.58,7.97,74.57,30.03,Moderate
38.37,70.1,84.6,8.28,40.75,22.25,Moderate
29.36,71.37,146.25,4.61,61.83,40.03,Poor
20.47,15.47,105.33,7.09,14.82,37.53,Moderate
83.28,91.18,132.31,7.75,46.11,21.8,Moderate
80.84,14.58,100.53,5.04,45.78,16.47,Poor
51.93,27.05,94.9,7.65,14.01,37.96,Moderate
130.51,37.52,100.56,6.11,20.79,29.27,Moderate
22.09,88.45,139.02,7.79,49.38,30.06,Poor
147.85,28.55,16.01,6.75,33.01,23.7,Moderate
10.99,61.64,43.28,5.25,12.83,24.84,Moderate
133.06,36.98,103.47,7.53,32.97,37.18,Moderate
106.86,58.13,5.14,4.64,79.36,36.12,Poor
141.26,90.72,7.96,7.67,41.58,36.32,Poor
10.94,32.38,113.94,7.67,53.38,23.13,Moderate
53.45,96.84,68.69,6.29,48.66,26.06,Healthy
87.37,46.07,124.87,8.14,75.25,30.24,Moderate
71.9,72.0,126.56,6.75,59.0,35.24,Moderate
104.7,75.88,35.25,6.49,51.18,15.07,Healthy
129.83,62.95,23.72,7.77,60.19,35.47,Moderate
64.89,86.15,65.03,6.78,10.04,32.41,Moderate
110.54,58.88,77.0,7.74,57.7,22.51,Healthy
144.27,72.19,148.25,8.39,74.32,35.4,Poor
95.32,21.36,83.79,7.56,46.46,38.44,Moderate
25.35,41.19,78.36,6.23,17.6,19.15,Moderate
127.27,51.02,12.06,4.57,43.14,19.44,Moderate
108.72,80.56,38.1,6.87,20.81,23.2,Healthy
134.43,56.69,133.45,5.4,33.1,27.72,Moderate
77.21,99.78,21.59,7.91,70.46,29.94,Moderate
58.17,54.33,47.41,7.7,44.88,40.0,Moderate
97.18,53.86,108.11,6.52,73.32,19.98,Moderate
146.27,82.16,129.81,6.43,68.6,23.28,Moderate
116.67,18.34,49.52,6.28,32.56,25.45,Healthy
124.81,29.38,113.07,4.79,63.6,36.38,Moderate
66.24,73.64,137.7,7.7,37.33,28.07,Moderate
119.11,32.8,121.56,5.81,66.42,17.34,Moderate
16.22,99.78,131.07,8.03,76.59,26.83,Poor
50.16,17.35,77.68,5.38,75.49,15.11,Moderate
30.05,28.42,33.85,5.4,55.92,23.84,Healthy
96.1,89.57,92.37,7.28,35.59,19.31,Healthy
54.88,96.61,95.16,5.61,41.56,37.56,Moderate
103.58,58.26,133.35,7.19,54.99,20.12,Healthy
24.89,96.69,91.83,6.16,51.23,16.67,Poor
125.1,25.58,121.66,6.64,29.36,15.82,Moderate
124.22,21.76,12.51,7.52,34.5,25.51,Moderate
44.59,86.62,48.11,5.34,31.65,20.49,Moderate
54.47,12.88,27.99,6.17,71.56,16.55,Moderate
39.77,91.29,134.05,7.22,26.83,26.33,Moderate
39.57,17.22,60.1,6.8,35.2,31.49,Healthy
51.48,37.86,119.65,8.01,32.54,30.43,Moderate
48.94,10.07,111.99,5.18,39.8,28.15,Moderate
35.83,13.98,55.46,8.31,53.06,25.3,Moderate
15.45,62.03,18.38,6.67,62.64,26.44,Moderate
51.92,9.5,8.59,6.22,71.83,21.59,Moderate
90.37,70.01,13.82,5.11,33.19,33.09,Moderate
71.46,74.75,130.8,7.53,79.46,35.37,Moderate
129.31,84.07,110.89,7.71,75.43,27.83,Moderate
99.36,53.92,128.4,6.23,67.38,36.58,Moderate
144.66,28.65,107.89,7.53,75.54,39.49,Poor
90.29,60.02,29.26,8.4,27.85,34.57,Moderate
121.41,46.92,35.62,5.26,69.95,28.79,Moderate
22.62,73.12,41.27,8.01,31.67,20.41,Moderate
21.88,53.6,70.36,7.51,42.52,24.28,Healthy
46.63,31.42,139.54,5.16,79.17,23.83,Poor
22.37,28.63,13.47,7.66,45.88,24.1,Moderate
102.69,64.91,141.28,8.35,57.65,37.08,Moderate
120.94,51.67,107.15,4.81,63.06,40.97,Moderate
21.9,84.43,140.28,5.4,46.74,40.05,Poor
144.43,17.15,55.61,7.29,25.51,23.77,Moderate
13.26,19.58,86.54,7.11,55.42,36.02,Moderate
68.14,30.98,7.26,5.33,31.87,19.81,Moderate
12.82,19.96,101.58,7.02,75.5,36.55,Moderate
89.49,18.07,86.79,4.75,40.16,25.54,Healthy
69.89,31.58,104.45,7.86,63.8,31.95,Healthy
85.37,7.95,109.83,6.68,28.95,23.85,Moderate
140.98,64.31,74.01,6.98,38.96,27.69,Healthy
50.64,46.79,104.41,4.66,65.65,22.64,Moderate
105.56,66.06,99.63,6.93,77.14,28.73,Healthy
112.52,72.02,39.26,5.63,39.68,22.5,Healthy
61.34,42.14,92.56,5.38,66.3,26.81,Healthy
108.87,12.74,73.14,4.61,57.31,24.28,Moderate
142.9,35.79,86.75,5.53,53.41,27.61,Healthy
61.89,24.35,21.17,4.98,79.93,26.13,Moderate
10.27,95.53,7.9,6.17,60.22,39.69,Poor
109.8,49.04,146.29,4.66,79.08,37.93,Poor
140.05,29.2,25.66,7.15,46.11,29.13,Healthy
139.45,63.91,50.1,6.1,19.34,20.19,Moderate
30.07,81.98,107.21,6.62,36.21,33.05,Moderate
123.81,88.72,84.32,7.78,45.79,27.81,Moderate
131.16,41.71,62.41,5.72,46.31,29.71,Healthy
102.46,45.9,36.59,7.97,34.22,39.92,Moderate
39.03,58.21,82.81,7.81,19.72,39.57,Moderate
84.4,60.68,78.97,4.64,44.8,22.12,Healthy
57.98,66.66,77.17,4.87,15.11,20.01,Moderate
36.72,62.79,30.78,8.03,24.68,17.46,Moderate
132.6,33.06,66.69,8.34,76.11,34.3,Moderate
19.65,61.37,148.42,8.29,17.42,25.69,Poor
54.18,17.32,105.75,5.6,34.14,17.44,Moderate
79.72,20.03,67.65,5.07,76.77,18.91,Moderate
83.06,23.71,16.07,5.31,13.83,18.76,Moderate
79.09,66.92,17.66,6.26,50.69,21.32,Healthy
62.09,11.82,36.92,6.37,79.33,41.9,Poor
147.15,45.19,16.7,5.79,26.64,15.38,Poor
23.33,48.05,54.25,5.22,60.13,24.64,Healthy
129.26,27.89,83.07,5.24,44.67,19.12,Moderate
32.62,63.16,43.25,5.19,75.08,16.16,Poor
89.12,57.09,41.34,6.31,16.14,34.47,Healthy
41.04,23.37,50.66,8.11,65.75,40.57,Moderate
101.27,67.98,74.6,8.12,45.76,24.59,Healthy
99.65,56.88,22.98,6.07,31.93,37.86,Moderate
63.04,83.05,69.15,7.51,19.47,39.97,Moderate
77.28,29.68,40.02,5.56,35.67,34.37,Healthy
142.94,68.56,84.34,6.29,67.97,37.94,Moderate
51.03,95.57,62.29,7.7,77.68,34.0,Moderate
32.62,60.68,22.22,7.66,29.69,33.77,Moderate
137.41,22.2,61.96,7.09,39.38,19.72,Moderate
14.07,43.63,99.14,6.8,20.94,27.17,Healthy
61.73,31.05,110.74,5.74,47.81,39.93,Moderate
85.5,63.62,15.62,5.21,17.07,35.65,Moderate
127.03,22.71,36.79,5.79,51.38,31.79,Moderate
106.15,90.99,47.78,7.14,49.18,23.26,Healthy
137.04,14.07,108.24,7.41,74.07,29.0,Moderate
55.03,83.64,116.77,6.5,63.75,22.23,Moderate
92.53,87.19,51.11,6.43,76.57,36.55,Moderate
134.19,41.6,149.49,5.11,46.31,27.94,Moderate
121.78,91.32,111.02,7.01,39.92,28.78,Moderate
81.3,6.94,77.94,7.92,59.65,36.48,Moderate
64.67,55.25,9.86,6.03,43.21,21.89,Healthy
14.37,70.59,68.09,6.16,27.5,29.52,Moderate
71.32,50.03,89.23,4.53,73.54,16.92,Moderate
73.13,24.7,80.95,5.62,70.2,25.7,Moderate
99.43,28.64,7.81,6.12,47.55,27.41,Healthy
144.68,72.15,149.37,5.68,65.23,30.0,Moderate
95.65,98.66,99.83,8.1,60.8,18.44,Moderate
107.92,51.01,138.23,7.73,17.29,18.62,Moderate
19.75,51.86,16.71,7.39,48.67,37.57,Moderate
49.17,54.32,22.03,8.04,22.25,17.76,Moderate
38.71,81.59,20.34,6.96,62.23,35.28,Moderate
36.61,10.85,70.08,5.31,58.95,24.63,Moderate
72.91,15.78,87.29,5.24,57.53,16.92,Moderate
146.63,70.03,31.35,4.56,33.41,19.13,Moderate
40.58,87.91,92.46,5.21,48.97,21.91,Moderate
146.67,8.11,111.19,7.59,14.7,19.64,Poor
63.8,87.47,82.86,7.12,64.81,37.36,Healthy
76.68,53.34,109.11,5.55,69.81,15.56,Moderate
37.41,81.02,54.34,5.1,23.07,29.33,Moderate
128.47,11.71,9.42,6.36,76.93,22.53,Poor
144.28,89.33,46.05,7.77,58.01,28.82,Moderate
69.21,82.47,120.0,7.53,79.88,27.92,Moderate
122.97,86.94,35.68,4.67,38.33,38.13,Poor
50.47,71.5,6.07,5.92,53.09,18.5,Moderate
135.52,19.85,136.92,5.37,79.6,31.33,Poor
21.81,11.2,15.86,6.86,66.67,25.88,Poor
72.28,60.98,82.29,7.25,43.03,34.27,Healthy
149.62,38.28,6.77,5.0,48.75,24.29,Poor
141.6,64.61,80.45,7.69,28.1,37.13,Moderate
10.43,63.87,140.54,7.65,69.75,25.72,Moderate
125.39,57.33,94.69,4.74,24.11,29.88,Moderate
18.23,75.44,126.81,8.18,17.12,40.37,Poor
19.47,50.04,126.84,4.78,11.28,15.67,Poor
81.58,82.1,23.48,5.0,49.8,21.33,Moderate
112.23,95.22,116.07,8.01,46.37,37.47,Moderate
35.61,11.49,100.11,4.71,72.47,33.67,Moderate
143.31,34.82,75.49,7.47,26.99,29.63,Healthy
102.33,97.99,112.98,4.97,43.27,30.9,Moderate
30.53,46.04,46.18,4.98,45.84,19.47,Moderate
92.68,21.12,109.92,5.28,72.74,15.71,Moderate
83.08,35.41,37.64,6.39,68.94,39.71,Healthy
52.45,19.65,109.42,6.83,24.07,35.53,Moderate
82.65,67.07,57.1,6.26,22.62,35.43,Healthy
31.98,78.94,120.71,7.49,11.36,22.37,Moderate
75.57,61.58,138.29,6.0,71.25,19.41,Moderate
61.98,9.97,112.66,5.1,27.99,35.93,Moderate
84.86,6.33,5.32,6.54,31.35,19.87,Moderate
95.9,26.7,90.87,6.02,23.07,18.73,Healthy
43.16,7.83,49.68,8.11,68.2,25.04,Moderate
90.62,58.9,125.17,5.45,30.75,23.15,Moderate
15.72,34.9,132.3,8.15,17.67,27.37,Poor
63.39,51.49,85.43,4.58,68.96,41.29,Moderate
101.48,67.74,81.56,5.84,20.43,30.77,Healthy
16.29,83.33,66.03,6.16,32.9,41.17,Moderate
34.49,19.37,29.0,7.13,79.43,21.36,Moderate
136.79,31.47,98.95,4.66,44.7,32.67,Moderate
85.08,27.59,125.13,8.38,42.14,32.17,Moderate
120.66,27.94,130.35,5.62,64.31,18.03,Moderate
50.37,55.69,81.11,7.9,79.73,17.89,Moderate
47.99,38.97,74.44,6.48,69.93,35.81,Moderate
12.64,48.23,94.62,6.34,19.15,25.73,Moderate
67.63,22.83,114.66,5.79,51.23,28.92,Moderate
132.84,16.59,21.57,5.7,40.19,23.06,Moderate
116.85,28.3,17.29,6.16,64.14,37.97,Healthy
112.67,58.0,110.01,7.23,26.41,29.87,Healthy
117.89,35.13,99.83,6.43,45.22,17.43,Healthy
103.27,87.24,25.51,5.96,13.41,15.8,Poor
148.55,51.88,56.55,5.6,78.6,21.81,Moderate
111.6,31.96,15.22,7.23,10.11,33.25,Moderate
45.05,75.88,116.61,7.4,11.71,34.0,Moderate
148.62,28.05,44.76,7.75,21.23,32.84,Moderate
115.7,8.53,85.3,6.8,31.24,38.66,Moderate
32.78,39.6,128.06,5.26,67.5,17.13,Moderate
78.49,12.16,103.3,7.66,69.49,41.49,Moderate
104.08,78.06,78.33,8.15,55.06,38.86,Moderate
42.96,52.19,110.82,5.31,24.79,41.41,Moderate
70.85,22.27,53.06,6.09,53.62,39.92,Healthy
148.12,66.91,106.49,5.79,70.0,20.88,Moderate
24.89,97.46,130.3,5.71,57.26,27.61,Poor
55.24,32.24,24.72,6.7,41.26,28.83,Healthy
40.15,94.17,97.6,8.1,17.65,31.82,Poor
128.92,36.44,33.3,5.56,29.11,27.07,Moderate
55.63,30.77,99.03,4.71,33.83,33.62,Moderate
34.62,25.99,34.1,4.5,43.16,16.05,Poor
48.21,99.51,138.17,5.36,31.7,27.52,Moderate
128.22,81.25,23.31,5.0,39.17,38.49,Moderate
133.49,15.2,88.27,5.12,58.03,39.74,Moderate
73.67,12.89,88.99,6.13,66.76,24.19,Healthy
132.49,31.0,27.84,5.73,12.44,22.59,Moderate
102.42,18.52,21.15,5.03,15.43,38.62,Poor
142.18,9.42,115.21,7.45,79.78,24.39,Poor
49.97,48.04,129.2,7.41,43.01,21.6,Healthy
111.78,86.18,62.99,7.17,38.01,27.92,Healthy
83.49,78.69,146.74,6.28,33.96,25.09,Moderate
28.74,33.21,17.53,6.21,21.72,24.35,Moderate
121.1,28.36,93.72,8.1,49.69,20.23,Healthy
58.27,61.09,78.46,5.09,41.28,29.66,Healthy
47.43,63.18,15.17,5.85,66.3,22.0,Moderate
94.72,43.95,50.89,8.16,34.03,21.39,Healthy
137.3,75.86,103.86,4.7,19.18,32.24,Poor
39.32,26.44,117.98,5.64,15.01,15.98,Moderate
72.04,63.63,130.99,4.94,23.77,29.3,Moderate
60.98,50.84,139.0,6.68,39.06,41.71,Moderate
19.13,93.55,77.74,6.52,74.54,28.7,Moderate
71.38,30.89,100.53,6.78,25.0,34.15,Moderate
100.17,42.75,5.64,6.29,10.42,17.02,Moderate
70.29,12.78,44.97,7.12,31.6,41.94,Moderate
138.28,60.6,145.21,7.97,32.32,35.24,Moderate
29.16,70.03,76.21,4.57,29.2,40.8,Poor
54.22,22.24,32.19,6.42,68.99,35.47,Moderate
71.16,24.83,11.68,6.35,67.03,34.7,Moderate
67.2,61.5,68.26,6.82,46.23,33.39,Healthy
81.08,94.36,67.06,4.56,26.55,28.52,Moderate
85.68,57.48,108.61,5.6,56.54,34.01,Moderate
67.58,43.21,30.94,6.16,65.08,39.54,Healthy
93.11,33.44,103.93,7.46,33.25,37.32,Moderate
20.32,6.02,22.83,5.12,71.53,26.47,Poor
48.49,45.76,62.25,5.71,19.65,32.71,Moderate
29.12,78.67,34.24,7.43,66.39,18.38,Moderate
22.14,95.21,72.14,7.02,11.63,22.53,Poor
80.76,89.19,44.36,7.6,56.35,18.11,Moderate
51.07,27.6,69.17,7.04,40.34,21.6,Healthy
107.42,60.52,80.3,6.72,25.53,33.37,Healthy
64.25,39.53,26.71,6.89,52.19,24.19,Healthy
130.38,85.32,20.81,7.28,37.57,41.99,Moderate
41.5,31.65,69.11,5.57,58.44,27.98,Healthy
40.92,53.11,133.87,7.67,44.92,22.79,Moderate
35.18,88.45,107.97,6.79,71.56,18.29,Moderate
105.55,25.59,22.48,6.36,37.12,40.41,Healthy
55.36,82.42,113.58,7.17,74.43,26.01,Moderate
64.55,20.29,44.99,8.02,43.21,24.22,Healthy
40.26,51.07,108.92,5.65,63.04,32.0,Moderate
120.26,28.84,96.5,5.11,35.47,34.56,Moderate
98.43,22.85,129.46,4.71,51.67,41.56,Poor
84.41,81.06,91.3,7.63,55.89,33.66,Moderate
41.89,75.47,39.5,8.42,25.95,21.39,Moderate
130.21,28.08,57.33,7.36,21.11,19.29,Moderate
78.09,28.15,39.17,4.54,35.93,23.59,Healthy
14.36,64.02,95.87,4.78,32.19,38.57,Poor
91.5,44.14,72.44,5.33,66.83,39.68,Moderate
137.49,26.27,50.06,5.14,31.5,23.99,Moderate
98.63,23.02,138.31,4.91,10.48,38.08,Poor
108.53,38.76,91.35,5.39,21.79,27.72,Healthy
59.45,63.45,36.63,7.15,63.68,19.5,Healthy
16.14,46.76,117.23,7.1,59.13,25.88,Healthy
42.89,55.52,34.63,7.4,23.79,22.86,Healthy
80.92,51.24,92.12,6.25,74.36,37.68,Healthy
133.08,64.8,97.08,6.94,40.44,23.7,Healthy
92.88,7.43,6.08,7.91,13.25,29.17,Poor
96.1,23.83,134.88,5.26,71.92,35.6,Moderate
43.7,19.32,50.85,6.09,27.2,41.97,Moderate
42.15,83.91,28.07,8.42,25.79,26.39,Moderate
88.2,16.43,123.44,5.6,48.45,29.84,Moderate
94.37,10.27,29.45,5.14,31.14,18.91,Moderate
139.07,53.73,95.42,5.93,29.34,28.59,Moderate
51.21,37.65,70.65,6.52,78.9,21.03,Healthy
78.32,19.2,55.75,7.37,22.21,30.7,Healthy
68.34,9.9,140.3,6.15,64.87,26.24,Moderate
141.23,32.59,64.77,7.54,34.06,24.84,Moderate
149.28,57.78,104.96,7.07,67.95,38.27,Moderate
88.86,32.98,8.31,6.96,67.78,27.16,Healthy
33.06,32.37,78.95,7.85,22.02,31.53,Moderate
115.47,93.92,21.92,8.21,52.1,35.7,Moderate
17.53,53.08,95.28,5.73,40.22,29.97,Healthy
87.36,8.98,68.72,5.36,74.17,41.37,Moderate
51.95,21.64,36.83,6.41,71.22,28.5,Moderate
17.75,8.79,37.97,7.87,53.5,30.2,Moderate
54.66,93.3,53.02,7.84,72.71,28.05,Moderate
135.2,31.3,100.47,4.85,43.18,20.87,Moderate
18.79,5.35,52.09,6.86,41.87,23.15,Moderate
148.77,94.25,23.22,6.16,55.42,34.8,Moderate
61.29,75.9,23.0,5.83,60.15,31.89,Moderate
127.21,9.45,30.29,4.69,23.45,15.12,Poor
80.59,55.19,100.39,6.04,10.22,33.2,Moderate
17.6,87.29,8.28,6.62,72.64,30.46,Poor
95.18,69.75,22.75,7.2,71.62,41.3,Moderate
72.03,37.73,114.23,6.67,28.01,19.65,Moderate
33.83,48.62,29.67,4.58,13.65,40.11,Poor
20.21,11.95,70.42,5.48,77.39,39.6,Poor
66.66,47.63,59.39,4.65,30.5,18.31,Moderate
24.33,58.28,19.32,4.91,43.64,26.94,Poor
29.27,5.42,32.98,5.44,66.02,39.72,Poor
66.83,43.48,108.31,7.01,22.89,17.91,Moderate
71.27,58.66,25.11,5.67,31.42,22.06,Moderate
74.51,67.04,78.86,5.31,17.21,37.19,Moderate
77.1,10.9,42.43,7.72,62.62,38.65,Moderate
94.29,45.18,66.86,5.28,55.56,30.8,Healthy
31.68,89.14,58.43,4.7,32.95,38.49,Poor
138.37,51.59,143.67,8.0,67.77,38.21,Poor
63.46,76.86,88.71,7.38,22.45,34.75,Moderate
144.06,33.75,147.99,6.01,23.98,18.03,Moderate
119.89,57.71,49.53,6.93,33.25,27.11,Healthy
130.77,68.48,115.55,6.83,79.4,21.52,Moderate
46.72,13.79,85.33,6.95,60.82,24.06,Healthy
11.72,65.06,149.81,5.68,22.88,22.61,Moderate
69.56,28.84,55.31,7.05,34.15,25.69,Healthy
15.6,92.2,64.0,5.81,16.05,32.12,Poor
130.94,8.91,26.06,5.09,52.16,39.87,Poor
71.29,37.66,116.05,7.47,27.27,19.34,Moderate
60.09,78.68,105.78,7.16,68.06,22.48,Moderate
57.56,9.02,130.97,6.83,30.87,16.87,Poor
111.28,76.13,101.6,5.32,73.93,35.34,Moderate
102.09,66.84,136.13,8.21,51.69,26.25,Moderate
60.92,82.81,98.47,4.81,19.95,39.31,Poor
133.83,95.42,67.04,7.64,67.98,23.52,Moderate
30.35,99.72,9.38,6.89,55.51,33.41,Poor
45.79,73.55,36.38,7.82,25.34,33.81,Moderate
119.68,22.95,39.51,7.62,16.02,20.15,Moderate
73.77,93.37,86.47,6.05,78.49,27.52,Moderate
70.72,44.11,50.27,5.8,58.15,16.1,Healthy
105.45,24.11,60.71,5.09,48.69,34.69,Moderate
59.65,20.52,37.84,7.77,28.74,35.92,Moderate
56.37,22.93,110.46,6.37,12.19,40.92,Moderate
30.69,38.57,60.8,6.46,64.98,15.16,Moderate
140.55,66.37,142.84,7.77,74.95,31.23,Moderate
60.02,47.08,100.41,6.21,61.22,17.48,Healthy
126.2,24.4,141.87,5.12,19.04,36.92,Poor
124.62,75.18,144.28,5.58,67.87,24.51,Moderate
85.24,47.33,5.85,6.8,62.33,19.71,Healthy
140.43,55.39,30.85,7.08,23.43,16.72,Moderate
105.94,15.52,20.4,7.46,13.86,36.86,Moderate
121.46,18.43,80.17,4.89,54.28,16.7,Moderate
142.23,24.73,104.02,5.01,24.67,27.18,Moderate
90.23,99.89,8.76,4.5,34.53,24.89,Poor
133.74,91.7,132.68,5.07,38.85,35.14,Poor
53.77,68.01,39.39,5.79,70.23,21.76,Moderate
145.01,34.09,8.41,5.52,21.98,28.68,Moderate
25.78,64.47,131.86,5.95,21.79,25.8,Moderate
120.04,61.19,19.67,6.65,42.77,23.83,Healthy
25.42,98.21,30.53,5.27,20.19,30.4,Moderate
72.11,28.71,67.27,7.19,29.72,39.71,Healthy
52.89,23.83,143.41,7.74,34.02,37.72,Moderate
82.63,37.94,126.74,7.51,30.85,31.38,Moderate
61.71,5.1,144.46,6.7,51.89,31.2,Moderate
87.09,32.55,145.88,6.99,56.96,27.28,Healthy
50.3,11.11,55.78,5.2,56.35,38.73,Moderate
52.39,36.62,102.2,5.1,75.06,24.82,Moderate
24.17,21.59,140.25,5.49,56.36,19.22,Moderate
37.17,88.53,26.46,4.58,45.09,38.29,Poor
55.64,17.18,147.42,7.21,69.55,35.31,Moderate
107.75,41.53,52.03,7.37,60.17,40.67,Healthy
89.61,32.99,75.98,6.95,39.87,36.36,Healthy
91.85,5.9,87.63,7.03,74.07,26.17,Healthy
90.43,50.12,82.09,4.77,72.81,39.58,Moderate
86.73,57.87,13.35,6.89,40.04,34.14,Healthy
16.6,72.53,46.6,7.11,53.9,21.12,Healthy
71.66,84.39,92.81,4.77,41.0,23.42,Healthy
99.83,63.38,6.51,6.93,61.44,35.76,Healthy
18.26,33.85,66.08,5.22,39.45,16.92,Moderate
25.85,68.53,43.07,7.35,13.37,30.19,Moderate
64.8,80.71,118.67,6.0,53.59,21.14,Healthy
91.26,12.72,68.02,5.23,71.84,27.01,Moderate
92.71,39.24,46.87,5.31,73.83,36.59,Moderate
28.66,75.94,65.69,4.56,46.99,18.51,Moderate
39.39,71.12,42.29,8.07,56.0,37.47,Moderate
96.13,87.54,57.44,6.7,46.11,39.4,Moderate
33.09,59.92,114.39,5.98,70.73,25.07,Moderate
34.26,60.48,65.98,4.56,14.89,20.27,Poor
117.71,89.74,84.12,4.92,47.41,38.1,Poor
114.93,32.65,22.96,8.1,69.79,16.45,Moderate
125.31,14.24,14.18,7.53,47.54,26.19,Moderate
136.54,84.73,13.36,6.96,64.06,29.86,Moderate
147.62,70.17,20.1,5.29,67.84,41.91,Moderate
23.77,14.53,115.69,4.76,14.8,39.0,Poor
122.06,88.75,99.32,5.79,73.44,23.07,Moderate
48.57,89.21,103.72,8.08,20.91,40.71,Poor
95.78,68.46,137.54,6.02,60.37,32.29,Healthy
120.29,90.21,103.61,4.77,22.82,40.76,Poor
145.61,96.9,10.34,6.03,63.18,35.33,Poor
22.03,62.9,25.72,6.47,26.78,16.44,Moderate
21.2,91.53,112.97,8.23,42.9,26.16,Poor
60.18,63.55,55.98,7.49,66.09,38.65,Healthy
43.99,55.07,37.4,4.65,59.55,29.82,Healthy
111.35,13.32,149.35,8.48,42.55,38.38,Poor
44.1,75.07,132.49,7.76,66.82,27.5,Moderate
124.8,70.62,24.21,4.96,64.03,31.89,Moderate
82.71,91.19,100.64,6.08,38.98,31.34,Healthy
116.44,58.61,78.77,7.41,59.37,37.42,Healthy
18.76,76.72,79.5,4.8,57.53,34.35,Moderate
83.31,80.41,48.54,5.31,34.55,26.07,Moderate
107.43,85.32,109.53,5.2,35.64,19.28,Moderate
106.14,28.58,81.18,7.67,56.97,23.06,Healthy
56.6,67.07,84.67,4.89,71.18,28.84,Moderate
76.27,23.85,59.66,5.83,28.95,30.32,Moderate
74.72,89.47,141.49,5.38,17.01,36.2,Poor
149.28,87.04,8.44,5.51,13.03,37.16,Poor
91.4,53.8,85.4,5.51,52.11,15.83,Healthy
100.44,74.77,102.59,5.83,67.84,34.32,Moderate
27.96,23.54,97.38,5.66,18.36,19.18,Moderate
33.19,50.39,93.07,5.21,59.87,22.59,Healthy
53.62,26.23,118.85,8.34,44.47,16.13,Moderate
46.48,20.01,127.2,4.84,77.65,30.89,Poor
82.48,85.5,8.99,7.61,18.16,37.7,Poor
84.08,10.81,125.82,4.61,19.69,36.54,Poor
75.08,88.73,97.14,6.99,30.46,18.61,Moderate
144.56,14.96,81.71,5.59,28.49,31.05,Moderate
121.71,78.83,130.98,5.67,42.6,15.25,Moderate
114.56,33.72,86.42,5.18,67.36,37.07,Moderate
132.84,9.36,148.91,5.49,31.66,21.73,Moderate
47.45,57.5,39.77,6.08,55.89,37.57,Healthy
106.98,61.46,26.42,7.76,12.61,22.13,Moderate
17.99,68.41,58.41,7.11,34.29,27.3,Healthy
74.11,9.33,67.38,7.06,48.22,17.03,Healthy
103.53,34.34,7.09,5.12,44.83,23.38,Moderate
107.21,27.86,117.06,5.65,53.46,36.58,Moderate
63.98,9.45,82.64,8.48,77.83,20.97,Poor
115.8,37.77,28.24,7.16,45.06,29.56,Healthy
125.83,36.97,101.73,5.96,12.99,25.21,Moderate
143.0,50.91,20.69,7.25,77.44,39.51,Poor
90.07,40.75,89.2,7.76,70.29,37.11,Moderate
73.77,16.29,87.53,5.13,14.27,28.46,Moderate
101.75,86.14,118.51,7.93,63.2,33.99,Moderate
11.42,64.48,22.47,4.73,20.95,37.23,Moderate
114.14,95.13,146.95,8.07,19.3,38.72,Poor
127.41,87.75,26.99,4.97,74.67,19.69,Moderate
61.61,48.32,23.04,4.58,79.59,38.67,Poor
137.73,32.03,36.91,6.2,41.73,15.15,Moderate
119.1,99.68,81.66,6.05,37.49,17.59,Healthy
47.26,52.7,67.62,6.68,69.43,21.08,Healthy
13.87,8.63,24.45,6.78,66.57,38.94,Poor
98.92,43.3,27.4,6.11,33.27,38.49,Moderate
78.14,26.49,46.88,5.05,74.3,16.36,Moderate
11.8,22.38,122.58,6.59,53.81,24.66,Moderate
19.61,86.34,32.82,4.63,50.09,17.25,Poor
23.41,81.04,76.28,5.47,34.4,34.69,Moderate
19.29,16.07,94.36,6.93,78.07,25.11,Moderate
19.11,56.07,97.56,5.06,48.7,20.34,Moderate
128.26,84.34,67.3,8.37,78.58,18.49,Moderate
61.48,62.03,17.3,6.03,28.28,40.71,Moderate
67.62,77.45,61.07,5.03,70.42,15.01,Moderate
17.83,39.62,104.6,5.87,14.64,23.58,Moderate
44.3,5.51,82.55,4.97,30.12,32.31,Moderate
111.52,30.03,52.73,5.49,76.98,20.14,Healthy
35.65,47.28,32.45,5.13,16.71,32.28,Moderate
95.69,66.77,117.13,5.81,74.29,34.8,Moderate
122.66,73.49,56.98,5.63,39.58,17.62,Moderate
73.18,9.1,5.57,8.23,58.25,30.17,Poor
57.75,59.2,134.28,7.11,52.17,27.43,Healthy
58.4,71.36,147.24,6.2,37.45,26.56,Moderate
69.58,99.11,107.48,5.94,36.01,26.63,Moderate
15.14,55.14,122.65,7.14,23.89,34.66,Moderate
110.72,29.94,95.32,6.94,68.79,18.67,Healthy
37.28,51.17,11.4,6.16,65.18,19.02,Moderate
74.39,99.03,78.36,6.49,49.12,20.02,Healthy
30.6,69.35,62.39,5.66,12.2,37.84,Moderate
14.53,76.25,60.39,6.89,27.34,19.2,Moderate
84.67,71.08,33.35,6.25,41.13,20.83,Healthy
89.11,18.86,78.91,4.95,43.99,23.41,Healthy
73.31,46.21,136.65,6.46,67.29,21.09,Healthy
59.29,12.13,66.01,7.17,68.67,30.28,Moderate
99.61,21.84,10.39,7.67,21.69,17.46,Moderate
141.26,96.53,94.36,6.01,68.33,20.53,Moderate
70.11,38.92,137.34,8.18,55.56,17.99,Moderate
77.51,28.31,133.31,5.05,13.8,34.02,Poor
73.46,84.64,15.82,7.7,12.61,15.76,Poor
74.58,26.02,91.09,4.6,12.48,34.63,Moderate
39.42,67.36,113.74,4.74,63.88,22.25,Moderate
64.54,13.23,126.6,6.74,45.33,41.15,Poor
56.83,89.62,109.35,8.21,73.55,41.76,Poor
28.43,80.62,121.65,7.08,29.52,41.06,Moderate
38.62,52.46,80.62,5.15,60.58,17.4,Moderate
107.03,85.62,55.66,7.34,20.97,37.84,Moderate
143.28,19.51,105.32,6.52,47.2,34.08,Moderate
78.42,62.03,38.48,6.01,70.57,17.97,Healthy
93.66,22.51,127.75,6.82,38.21,21.75,Healthy
71.16,95.97,78.84,6.38,62.24,25.23,Healthy
69.84,37.01,26.88,7.36,71.11,39.45,Moderate
133.31,47.92,46.19,7.05,76.83,34.63,Moderate
79.28,70.44,117.02,8.18,63.43,26.7,Moderate
48.3,52.49,52.59,8.27,45.56,27.75,Healthy
58.75,65.74,80.41,5.02,70.84,24.69,Moderate
70.56,24.54,85.24,7.31,71.68,16.39,Moderate
146.27,71.86,46.22,5.32,30.73,38.64,Moderate
50.79,48.97,107.33,7.99,56.1,35.33,Moderate
34.27,88.35,44.98,5.01,78.34,20.44,Poor
29.13,64.47,51.24,5.03,52.08,35.49,Moderate
121.05,19.77,85.75,7.75,21.28,20.61,Moderate
10.34,54.84,33.23,7.4,77.35,20.64,Moderate
100.87,25.12,7.61,7.53,40.38,40.56,Moderate
84.8,19.96,70.22,5.31,71.46,33.65,Moderate
57.77,55.14,102.07,7.63,15.61,15.61,Moderate
26.02,42.52,72.67,5.05,38.78,26.92,Moderate
25.27,92.08,91.88,6.05,45.48,23.48,Moderate
129.61,59.63,76.76,8.14,68.66,36.95,Moderate
41.59,19.55,105.06,6.37,57.86,35.54,Moderate
51.34,32.04,76.17,5.59,56.71,35.16,Moderate
76.09,73.76,79.01,7.35,25.75,34.95,Moderate
110.12,30.33,85.62,7.92,27.47,34.87,Moderate
143.56,87.29,63.22,6.93,79.42,30.35,Poor
26.1,9.32,119.6,6.19,27.28,24.39,Moderate
116.03,49.2,130.93,7.44,78.18,38.99,Poor
45.64,67.61,7.98,8.46,28.27,32.95,Moderate
128.88,20.24,127.94,4.55,40.94,27.75,Moderate
62.37,60.71,137.65,5.81,50.55,38.69,Moderate
118.22,8.87,141.7,4.69,51.21,30.53,Poor
120.09,19.1,31.01,7.51,20.47,27.68,Moderate
112.43,66.87,35.54,5.72,77.83,27.11,Healthy
16.22,25.86,54.65,8.5,31.19,15.71,Poor
81.81,12.94,44.74,8.47,59.32,16.37,Poor
72.82,21.31,22.83,6.85,45.4,35.06,Moderate
134.92,28.43,138.83,6.57,28.12,37.84,Moderate
14.97,58.15,109.64,5.62,70.44,21.49,Moderate
127.58,12.46,28.19,6.02,69.78,18.9,Moderate
132.56,26.82,70.61,5.91,18.27,40.5,Moderate
71.34,70.58,88.41,6.51,53.16,39.26,Healthy
107.9,55.59,98.55,6.93,40.32,31.87,Healthy
72.1,76.97,145.49,8.34,67.45,31.25,Moderate
114.91,21.91,74.46,5.53,10.24,41.1,Moderate
130.94,53.8,41.85,7.27,40.44,36.69,Healthy
149.93,38.16,40.44,5.57,16.53,25.64,Moderate
12.44,15.87,44.4,5.14,61.25,17.85,Moderate
131.24,26.01,20.75,4.54,60.06,21.93,Moderate
81.33,15.6,147.87,5.0,38.83,37.99,Moderate
44.28,30.36,122.23,5.59,10.2,26.55,Moderate
11.75,91.43,98.06,6.83,24.11,33.9,Moderate
104.82,10.74,132.72,6.82,65.47,22.1,Moderate
27.09,71.73,120.11,6.04,11.66,37.09,Moderate
38.85,37.21,96.09,4.9,15.04,15.69,Poor
138.33,34.58,100.8,8.46,56.86,29.18,Moderate
82.93,40.81,91.97,8.34,65.16,26.45,Healthy
56.54,88.94,24.69,7.9,27.86,34.32,Moderate
122.87,50.31,32.88,7.88,35.73,23.66,Healthy
81.4,46.33,104.04,5.05,40.5,39.08,Moderate
15.05,48.45,100.78,8.05,51.57,37.26,Moderate
41.18,38.52,141.61,8.04,49.06,27.84,Moderate
73.15,10.59,134.39,7.77,41.94,22.54,Moderate
58.01,16.7,109.66,6.73,26.39,31.82,Moderate
147.09,16.63,71.48,6.48,21.68,29.35,Moderate
94.84,19.95,27.43,7.93,31.8,32.02,Moderate
97.75,84.72,112.28,7.86,53.77,27.14,Moderate
65.1,41.01,65.67,5.02,39.68,25.52,Healthy
14.84,31.14,114.03,6.81,66.43,29.65,Moderate
129.57,80.63,19.25,8.41,11.03,31.11,Poor
120.95,36.53,91.79,5.95,14.24,15.23,Moderate
23.28,14.35,93.58,6.6,41.88,33.68,Moderate
12.36,30.74,117.72,8.14,40.68,17.2,Moderate
121.82,89.09,64.98,5.47,13.08,30.96,Moderate
137.38,69.4,51.0,7.07,68.24,27.85,Healthy
124.76,42.23,55.53,6.83,42.53,41.38,Healthy
82.29,41.59,62.27,6.69,34.84,34.52,Healthy
63.29,41.49,94.46,4.74,55.87,28.63,Healthy
73.42,73.33,114.95,7.89,36.24,23.83,Moderate
110.01,60.27,96.61,6.72,64.09,20.13,Healthy
87.8,20.02,64.05,7.16,44.52,25.25,Healthy
133.9,78.42,81.31,8.3,39.71,36.28,Moderate
33.51,32.15,54.02,4.92,45.13,20.19,Moderate
98.79,23.06,22.91,8.38,56.08,40.28,Moderate
78.58,8.17,88.28,6.73,11.05,38.25,Poor
96.8,75.75,76.62,6.97,28.02,41.29,Moderate
66.1,20.42,13.11,7.04,78.84,39.19,Poor
108.29,99.11,109.81,5.86,52.09,17.15,Moderate
41.04,44.67,34.26,8.31,79.69,25.02,Moderate
109.29,43.74,25.23,5.85,26.34,23.86,Moderate
40.1,15.67,36.53,8.12,15.97,23.77,Moderate
83.98,38.68,80.05,4.67,55.4,30.21,Healthy
105.34,58.89,68.5,5.9,25.85,28.5,Healthy
13.65,36.18,103.29,4.93,14.4,32.61,Poor
65.69,81.17,140.91,8.33,39.79,22.14,Moderate
95.21,64.68,95.24,5.79,14.46,20.67,Healthy
31.62,16.77,139.31,4.56,52.13,40.58,Poor
60.41,55.07,105.89,5.77,43.44,37.06,Moderate
114.35,81.8,148.16,5.98,62.3,31.28,Moderate
103.32,75.29,113.71,8.04,34.45,32.64,Moderate
49.24,61.48,113.92,7.66,39.41,28.74,Moderate
56.74,21.06,42.78,8.15,31.63,41.32,Moderate
43.81,73.69,88.22,7.29,55.08,34.08,Moderate
136.78,58.53,14.84,5.58,59.58,28.34,Moderate
86.8,61.68,60.48,7.6,60.65,34.29,Healthy
110.14,89.58,91.33,8.37,18.34,32.06,Poor
110.37,50.34,46.79,6.7,35.53,39.55,Healthy
59.95,21.69,88.58,6.08,16.71,30.25,Moderate
85.3,21.45,91.66,6.77,64.15,24.76,Healthy
44.83,95.37,86.38,4.61,67.45,20.31,Moderate
120.05,71.99,145.48,8.36,29.21,35.69,Moderate
54.36,64.77,91.67,4.72,10.36,16.56,Poor
27.91,29.48,136.51,6.57,65.78,37.63,Moderate
112.89,42.18,130.26,7.47,62.02,39.34,Moderate
93.81,55.21,134.07,6.32,66.81,16.45,Moderate
10.18,55.19,15.67,8.41,10.39,34.39,Poor
44.07,96.92,60.32,4.61,11.89,29.94,Poor
148.14,98.08,53.9,6.43,17.03,29.1,Poor
93.96,28.85,93.76,8.1,10.07,21.18,Moderate
39.39,16.77,29.08,7.0,17.19,34.94,Moderate
134.18,93.03,100.73,5.29,15.97,21.26,Moderate
144.67,96.42,60.38,5.8,45.7,22.88,Moderate
147.15,26.02,58.53,6.22,18.75,25.34,Moderate
129.94,18.33,89.68,6.13,21.94,15.33,Moderate
48.27,10.87,59.63,7.74,60.38,40.58,Moderate
69.78,72.24,101.47,5.37,31.25,29.31,Moderate
121.53,48.87,38.02,8.47,18.09,40.81,Poor
123.27,84.69,120.26,5.33,54.28,35.43,Moderate
114.4,30.8,31.26,5.81,43.59,30.49,Healthy
127.17,78.06,103.04,5.55,43.52,24.06,Moderate
42.89,5.97,54.22,5.52,50.03,16.68,Moderate
47.87,9.25,98.01,6.77,33.62,18.98,Moderate
144.11,60.52,103.47,6.63,66.46,39.2,Moderate
63.58,70.55,38.33,7.11,37.94,15.18,Healthy
143.77,87.5,47.17,8.49,32.2,27.39,Poor
129.18,33.94,70.33,7.16,19.13,26.4,Healthy
53.32,69.29,24.72,5.43,59.8,19.22,Moderate
69.08,72.72,115.99,4.88,69.64,34.55,Moderate
57.5,77.56,110.6,6.9,49.09,34.84,Moderate
149.9,59.96,122.26,7.48,69.91,40.77,Moderate
37.03,20.72,90.02,6.3,49.95,36.55,Moderate
140.44,44.65,109.1,5.29,47.42,15.59,Moderate
80.53,56.81,111.64,7.1,35.09,15.15,Healthy
26.17,97.44,138.74,5.8,28.12,26.78,Poor
106.59,38.9,14.76,6.11,28.24,23.77,Healthy
32.81,67.59,81.36,5.58,48.77,28.3,Healthy
121.44,95.82,23.95,8.04,59.34,33.7,Moderate
62.4,37.67,5.82,8.43,52.46,25.86,Moderate
86.13,8.85,30.18,6.99,46.0,36.25,Healthy
102.22,62.14,123.21,4.77,58.36,34.32,Moderate
48.52,23.59,36.01,5.29,46.66,18.66,Moderate
102.3,14.98,8.9,5.78,23.43,41.69,Poor
52.42,26.1,33.53,6.0,52.41,36.11,Moderate
61.04,64.47,74.9,7.89,49.83,22.83,Healthy
108.5,82.91,72.49,8.45,71.54,20.32,Moderate
120.15,62.09,82.55,6.56,69.74,31.49,Healthy
85.28,9.64,70.0,8.13,59.82,16.38,Poor
133.76,83.53,84.27,4.59,49.37,16.47,Moderate
54.85,64.75,137.37,5.93,70.2,39.8,Moderate
12.95,27.75,107.93,7.53,37.47,32.73,Moderate
95.7,75.28,109.21,4.84,21.08,18.58,Moderate
140.55,91.79,120.62,4.97,50.2,20.06,Poor
61.57,30.37,125.19,5.08,55.23,41.57,Poor
106.19,12.53,136.64,7.07,41.94,32.81,Moderate
133.07,50.33,82.04,6.31,15.08,36.25,Moderate
27.7,42.48,61.09,5.62,38.18,31.69,Healthy
53.59,21.39,131.06,8.38,42.1,23.83,Moderate
16.65,8.5,61.97,8.22,61.15,24.43,Poor
145.53,45.73,45.13,6.21,24.81,38.91,Moderate
60.56,67.51,61.41,8.11,54.97,28.18,Healthy
28.5,90.68,84.29,5.64,71.45,16.47,Poor
53.97,56.0,54.27,6.41,28.5,18.51,Moderate
15.16,19.98,143.18,6.8,44.23,25.38,Moderate
109.18,18.42,45.04,7.12,43.53,35.79,Healthy
135.6,83.22,31.71,4.87,21.86,36.16,Moderate
137.94,92.92,48.24,7.86,47.54,37.22,Moderate
86.77,18.86,16.49,8.33,39.81,24.46,Moderate
59.88,41.0,142.02,4.75,18.33,36.32,Poor
86.92,17.21,10.0,5.4,28.26,15.38,Moderate
40.25,75.14,129.04,8.09,37.29,23.62,Moderate
149.98,78.09,82.92,5.52,32.49,28.91,Moderate
85.89,6.3,144.11,6.8,51.24,20.71,Moderate
117.1,75.04,18.8,6.88,56.07,37.56,Moderate
38.85,88.38,71.91,4.89,17.39,20.34,Poor
49.59,52.16,113.57,5.25,79.49,19.36,Moderate
93.91,93.25,125.71,7.09,60.08,18.62,Moderate
11.35,46.24,17.98,5.93,25.66,39.74,Poor
133.21,82.8,108.52,5.12,13.39,32.65,Moderate
99.92,40.1,73.54,6.46,26.79,23.48,Healthy
68.57,62.3,143.59,6.65,61.18,36.79,Healthy
25.89,67.05,74.91,6.79,12.69,39.47,Poor
143.39,5.33,35.85,5.22,64.69,31.15,Moderate
34.83,82.33,56.25,6.34,37.11,29.08,Healthy
77.22,31.09,66.56,8.13,45.2,39.74,Moderate
87.02,78.04,47.57,7.66,28.5,15.53,Moderate
32.5,7.06,142.32,8.5,63.36,17.92,Poor
135.85,75.66,53.18,6.51,56.32,15.65,Moderate
80.22,74.58,32.29,6.28,47.28,34.86,Healthy
145.02,85.59,95.12,6.83,52.22,29.72,Moderate
18.31,71.34,108.87,6.55,70.93,33.16,Moderate
60.77,6.87,13.58,5.91,42.35,19.51,Moderate
36.51,26.87,118.17,7.59,36.81,19.65,Moderate
25.53,13.28,61.74,4.68,33.35,40.96,Poor
81.05,83.15,23.74,5.57,76.26,25.36,Moderate
100.78,97.73,84.86,5.72,47.24,16.48,Moderate
25.73,5.68,133.21,7.19,30.88,20.97,Poor
105.63,92.36,48.38,5.79,69.8,39.12,Moderate
137.97,32.85,22.45,6.26,30.7,38.86,Moderate
15.13,65.22,136.4,8.41,55.51,40.65,Poor
20.59,39.13,6.26,8.42,73.19,15.76,Poor
12.54,39.86,42.49,7.89,21.23,36.35,Moderate
87.62,40.85,26.13,8.49,53.26,26.86,Healthy
61.96,91.04,124.07,7.74,53.13,38.97,Moderate
51.9,71.85,63.64,6.9,79.87,41.58,Moderate
81.77,59.52,135.11,8.44,64.5,16.76,Poor
55.17,90.17,116.41,7.47,56.75,26.21,Moderate
66.45,81.85,47.6,7.24,60.83,37.8,Healthy
54.78,75.48,20.44,5.05,39.21,16.49,Moderate
142.68,90.68,12.1,7.85,45.62,33.95,Poor
134.17,59.81,21.87,4.51,44.78,40.63,Moderate
90.17,40.43,9.48,8.16,32.9,34.03,Moderate
107.19,29.12,14.25,6.04,32.2,33.91,Moderate
124.77,26.13,81.59,4.66,25.0,35.57,Moderate
121.08,78.76,25.65,6.7,39.59,41.77,Moderate
101.57,93.84,26.08,6.3,64.01,24.93,Healthy
98.55,53.61,148.83,5.2,75.47,25.84,Poor
75.52,55.22,43.48,8.35,73.8,41.27,Moderate
149.57,68.63,70.49,7.9,11.67,37.53,Moderate
79.62,68.96,59.24,5.97,12.22,26.44,Healthy
67.17,26.36,40.86,6.84,32.24,37.42,Healthy
25.59,59.88,28.21,6.61,48.68,32.34,Moderate
69.84,53.4,31.24,6.35,36.11,32.99,Healthy
70.88,79.04,66.77,5.44,29.16,16.22,Moderate
85.59,83.93,116.52,6.25,23.73,38.31,Moderate
17.95,42.93,129.21,6.07,18.25,22.18,Poor
94.0,19.44,99.97,6.25,33.41,21.5,Healthy
125.27,42.68,112.08,6.26,16.43,26.89,Moderate
81.08,48.5,123.36,8.14,65.07,30.74,Moderate
85.8,66.24,46.74,7.75,69.98,22.21,Healthy
136.39,85.63,66.55,8.14,18.43,15.76,Poor
58.7,58.72,55.96,8.27,27.83,22.59,Moderate
98.88,5.37,110.5,6.01,78.44,33.67,Moderate
17.31,13.8,17.78,8.31,57.88,26.55,Poor
38.07,88.0,34.23,7.33,63.43,22.96,Healthy
80.69,26.18,59.94,8.36,58.52,37.86,Healthy
85.68,27.71,108.37,6.5,22.38,26.14,Healthy
98.88,74.86,40.27,8.0,36.57,22.32,Healthy
37.32,81.4,56.35,6.43,25.6,33.52,Moderate
119.34,37.25,142.04,4.62,19.31,30.9,Poor
108.2,28.81,85.34,5.77,48.79,32.8,Healthy
146.19,48.29,98.99,6.81,32.23,21.83,Healthy
148.3,24.65,119.59,5.09,66.3,20.01,Moderate
145.4,70.17,18.07,7.27,52.25,24.11,Moderate
46.5,73.28,112.5,5.81,71.34,22.26,Moderate
19.78,61.99,20.53,5.61,45.5,22.73,Moderate
40.1,71.8,84.31,7.86,50.69,28.05,Moderate
46.58,80.25,33.55,5.47,68.91,35.01,Moderate
95.8,8.7,23.45,6.5,62.24,27.53,Healthy
12.42,22.51,90.37,7.28,12.34,16.17,Poor
46.58,12.93,83.58,4.99,55.38,35.99,Moderate
145.87,95.1,44.64,4.62,33.06,34.13,Poor
18.37,39.17,48.22,5.38,59.43,32.8,Moderate
84.97,91.52,19.96,5.1,36.84,32.71,Poor
91.77,12.03,143.97,5.72,35.13,31.84,Moderate
142.32,67.96,143.44,5.25,53.32,37.38,Moderate
81.26,39.41,147.79,5.06,38.77,38.58,Poor
136.07,98.14,133.3,4.7,75.08,26.56,Poor
101.23,42.46,122.98,6.8,69.19,20.23,Healthy
35.9,46.84,5.69,7.27,30.72,30.05,Moderate
19.8,21.21,95.31,5.72,25.03,21.18,Moderate
40.07,64.17,29.32,5.95,58.15,28.87,Moderate
93.62,28.84,140.24,6.16,30.09,39.42,Moderate
101.74,63.32,133.58,4.73,68.64,33.3,Moderate
60.4,29.35,20.2,8.26,19.93,22.0,Moderate
106.76,72.46,28.31,7.76,45.72,37.91,Moderate
22.22,9.07,97.36,5.1,46.75,15.38,Poor
119.19,90.46,126.64,8.33,73.22,26.99,Poor
65.77,90.14,139.41,8.39,63.78,20.45,Poor
142.29,94.98,101.59,7.93,49.28,40.49,Poor
23.15,87.08,13.05,5.86,19.47,27.94,Poor
42.51,95.45,86.1,8.09,29.46,15.7,Poor
118.59,71.73,84.1,7.76,68.81,30.87,Moderate
145.23,73.37,103.15,5.95,10.16,21.51,Moderate
116.95,72.44,53.0,7.0,23.67,22.12,Healthy
142.64,44.25,40.52,6.45,37.09,34.7,Healthy
144.7,61.22,90.72,5.96,49.52,23.62,Healthy
10.15,87.28,67.27,6.47,15.85,37.6,Poor
33.85,44.01,126.84,6.33,75.18,20.65,Poor
110.13,97.91,84.69,7.27,37.53,35.29,Healthy
137.24,71.79,140.71,6.85,50.4,23.22,Moderate
109.35,88.79,98.72,5.43,48.09,35.41,Moderate
141.51,19.88,23.49,6.15,18.79,41.47,Poor
69.4,55.69,37.93,6.3,78.93,28.19,Healthy
11.24,28.04,146.88,8.46,24.73,31.61,Poor
20.77,59.86,23.26,7.77,75.77,19.67,Moderate
74.78,14.69,54.18,4.76,28.52,41.74,Poor
16.24,86.6,16.23,6.62,41.65,40.15,Poor
37.87,22.07,113.56,7.4,58.94,15.71,Moderate
46.39,84.79,92.12,6.91,30.71,22.02,Moderate
142.52,74.14,23.4,8.25,50.77,24.0,Moderate
65.6,73.91,59.56,6.81,59.73,20.28,Healthy
142.19,38.84,65.81,7.29,52.61,26.88,Healthy
100.96,90.77,121.04,7.8,28.09,26.32,Moderate
87.53,9.2,116.62,5.79,29.78,22.0,Moderate
49.67,37.11,92.7,6.83,27.9,20.57,Healthy
125.69,13.81,79.36,6.58,50.19,38.91,Moderate
97.35,97.5,131.35,5.36,26.88,24.31,Moderate
64.81,57.53,38.71,5.39,36.7,33.14,Healthy
106.34,97.73,34.35,6.07,77.53,33.63,Moderate
92.92,56.27,15.95,8.07,53.79,30.44,Moderate
85.53,42.23,41.93,7.52,45.67,15.92,Healthy
65.87,93.22,59.21,6.15,53.68,36.65,Healthy
103.58,85.76,21.53,8.2,73.27,29.02,Moderate
97.46,25.22,69.95,5.31,11.54,41.48,Moderate
46.28,61.35,48.54,5.98,37.84,24.05,Healthy
99.24,96.29,67.15,8.39,56.75,31.39,Moderate
43.19,10.98,128.53,6.8,39.01,36.92,Moderate
53.48,79.44,52.55,8.18,28.76,18.71,Moderate
107.73,20.47,142.66,7.12,26.16,20.64,Moderate
139.34,62.75,134.59,4.94,74.78,29.04,Poor
103.58,40.42,13.58,8.33,79.62,24.84,Poor
142.14,20.93,27.43,4.79,37.39,16.41,Poor
65.25,18.15,110.93,7.83,58.15,20.41,Moderate
117.36,28.7,115.13,6.77,35.67,17.25,Healthy
125.85,94.27,101.56,8.36,75.39,20.25,Poor
112.37,38.18,75.69,5.13,78.23,34.61,Moderate
47.37,40.29,66.26,7.49,74.8,23.68,Healthy
76.15,61.35,62.03,6.52,17.4,19.53,Healthy
66.15,91.92,55.66,5.5,62.0,40.63,Moderate
74.28,5.82,104.78,6.16,57.16,22.5,Healthy
10.34,37.73,107.19,6.07,25.34,27.53,Moderate
115.33,16.35,105.3,7.17,35.95,41.2,Moderate
135.26,35.04,9.51,5.73,24.33,29.78,Moderate
138.62,87.68,49.35,6.21,12.56,29.69,Poor
18.87,94.17,130.71,5.36,58.96,30.34,Poor
122.19,50.19,32.81,7.06,15.62,30.78,Healthy
39.78,70.07,125.07,4.94,38.02,34.81,Moderate
32.92,58.82,102.42,5.92,68.24,28.79,Moderate
97.78,18.38,8.36,4.7,73.27,38.83,Poor
123.06,23.96,81.19,7.68,57.23,18.12,Moderate
135.38,20.26,29.91,8.1,43.92,25.07,Moderate
87.51,98.23,22.35,7.53,33.4,18.16,Moderate
69.07,57.13,34.86,6.12,54.5,30.56,Healthy
111.24,84.46,64.33,6.19,44.77,30.29,Healthy
25.17,34.7,29.92,6.04,78.13,30.73,Moderate
70.11,58.76,102.02,6.24,41.34,33.94,Healthy
18.52,56.31,84.36,7.53,78.79,36.49,Moderate
80.53,21.1,90.3,7.84,75.27,37.28,Moderate
36.46,72.69,132.62,7.22,58.0,28.5,Moderate
99.18,32.97,17.88,7.81,76.02,38.13,Poor
56.75,13.89,45.62,7.87,55.91,41.1,Moderate
57.98,57.39,119.56,5.44,77.49,30.99,Moderate
11.11,7.39,132.92,7.08,63.42,36.17,Poor
68.86,80.87,140.94,5.19,63.49,23.31,Moderate
55.01,44.21,130.24,4.59,40.37,33.36,Moderate
25.46,80.26,141.58,4.86,20.71,41.3,Poor
37.7,12.5,143.07,8.07,55.9,29.89,Poor
138.69,67.27,100.47,7.87,55.73,28.6,Moderate
64.56,52.8,80.76,5.94,41.37,36.65,Healthy
68.31,7.43,46.04,5.43,65.55,27.13,Moderate
49.24,82.02,7.79,5.2,67.89,29.87,Moderate
118.31,84.63,141.58,4.75,65.95,34.14,Moderate
38.98,93.51,63.61,8.05,52.36,29.22,Moderate
32.33,91.86,85.72,4.52,11.28,36.0,Poor
32.67,61.88,103.76,5.62,49.85,21.49,Moderate
142.48,86.72,46.77,6.62,45.04,40.92,Poor
65.16,58.41,139.66,5.15,48.53,17.85,Moderate
96.45,39.74,145.31,6.16,19.53,37.52,Moderate
124.92,71.01,113.58,5.56,54.94,16.03,Moderate
37.56,93.57,112.19,5.42,17.8,40.62,Poor
25.71,29.42,31.48,4.53,31.99,41.3,Poor
57.87,52.91,113.16,6.7,62.05,32.86,Moderate
95.2,66.72,120.88,7.34,65.42,18.93,Moderate
104.87,75.02,48.5,8.0,31.33,21.58,Moderate
131.39,28.47,65.25,5.97,72.86,27.29,Moderate
107.2,80.43,96.05,8.27,66.18,25.81,Moderate
143.11,54.83,8.27,5.54,53.52,19.23,Moderate
91.77,39.35,82.49,4.51,69.39,24.77,Healthy
29.62,46.6,75.5,7.05,46.72,16.18,Moderate
132.01,48.37,16.16,7.59,56.21,32.53,Moderate
69.77,44.0,82.77,4.7,30.93,41.67,Moderate
102.71,44.8,37.24,7.48,28.22,19.38,Healthy
31.63,74.28,98.21,4.78,18.05,32.11,Poor
89.96,70.17,30.82,7.41,75.53,31.23,Healthy
37.46,69.56,54.75,4.7,31.16,39.45,Moderate
67.56,87.14,78.76,6.57,10.37,32.2,Moderate
25.09,50.48,42.75,6.07,47.6,15.39,Moderate
49.84,99.01,13.32,5.78,32.5,25.24,Moderate
105.87,28.54,71.74,7.08,32.56,40.62,Healthy
147.15,16.37,54.85,5.33,23.08,28.26,Moderate
88.94,45.44,44.52,5.61,79.45,39.94,Moderate
20.63,67.37,71.25,7.26,51.79,39.01,Moderate
19.38,38.21,147.9,5.23,18.91,34.68,Poor
118.84,68.87,117.55,7.27,19.5,31.42,Healthy
118.76,87.22,40.7,5.01,64.68,21.93,Moderate
14.47,83.4,78.37,5.81,10.8,15.95,Poor
120.97,51.52,26.71,5.93,21.57,18.05,Moderate
48.68,57.2,35.45,5.87,43.46,26.34,Healthy
28.01,8.69,10.14,5.9,60.32,18.54,Poor
120.18,72.99,5.57,4.61,23.65,16.52,Poor
84.39,8.76,121.38,6.47,60.96,35.27,Moderate
80.95,92.91,148.58,5.94,18.81,24.81,Poor
41.27,55.45,59.87,6.42,63.42,22.4,Healthy
85.25,36.84,118.82,7.06,10.6,32.82,Moderate
33.82,73.83,87.26,6.11,58.58,38.13,Moderate
119.02,56.81,109.79,6.16,65.23,37.38,Moderate
29.22,27.61,44.15,5.16,37.48,20.21,Moderate
93.38,14.65,44.14,7.16,37.9,26.38,Healthy
121.71,98.53,86.93,4.82,17.2,41.15,Poor
105.09,76.48,102.99,5.22,41.39,36.55,Moderate
131.29,27.55,91.41,5.13,77.08,21.81,Moderate
111.73,26.96,94.33,7.14,32.99,37.11,Healthy
133.95,86.23,52.97,7.48,49.16,31.0,Healthy
76.84,62.02,24.67,6.14,22.44,22.56,Healthy
27.89,25.19,118.38,6.7,11.66,36.29,Moderate
137.33,88.64,124.34,8.47,51.05,40.99,Poor
142.84,34.76,130.2,7.67,64.31,39.2,Poor
63.79,43.01,97.81,7.45,71.58,38.65,Healthy
110.99,95.9,30.9,8.3,14.49,30.0,Poor
22.63,58.96,61.57,4.83,55.37,34.74,Moderate
34.39,70.97,30.96,5.05,20.32,31.18,Moderate
119.03,61.7,122.36,6.87,65.81,41.37,Moderate
64.73,19.24,24.63,6.89,48.3,19.97,Moderate
133.49,95.89,41.72,5.33,24.97,25.46,Moderate
129.45,61.62,14.8,6.39,16.32,25.97,Moderate
66.49,66.59,84.67,8.0,11.14,35.9,Moderate
13.17,33.91,132.55,7.26,22.04,28.25,Moderate
111.07,94.05,96.98,4.6,44.98,19.13,Moderate
16.69,61.86,117.65,4.64,64.85,34.07,Moderate
115.28,28.25,62.07,4.98,26.72,23.18,Healthy
54.72,21.63,32.36,8.11,64.87,24.3,Moderate
142.67,27.7,63.99,7.75,41.0,21.33,Healthy
61.59,52.57,94.99,6.12,40.19,22.13,Healthy
84.95,25.85,130.79,7.49,38.72,35.18,Healthy
10.98,37.73,68.84,6.38,62.41,41.0,Moderate
63.2,38.31,93.52,5.63,19.89,40.96,Moderate
123.33,96.06,36.59,4.57,40.61,40.21,Poor
29.37,16.13,15.0,7.56,65.01,33.78,Moderate
17.46,73.71,70.05,5.13,30.66,28.53,Moderate
56.15,97.13,73.84,5.99,57.12,32.56,Moderate
10.34,63.76,40.35,6.0,59.44,30.05,Healthy
61.61,20.9,78.29,5.78,73.9,29.43,Moderate
131.23,42.07,124.98,4.73,30.87,17.11,Moderate
14.43,92.29,108.95,7.0,47.27,30.38,Moderate
99.42,83.53,91.55,7.49,29.67,41.37,Moderate
14.47,41.72,132.9,5.22,19.89,24.87,Poor
69.95,93.67,126.24,6.36,78.11,32.34,Poor
132.31,28.38,75.9,4.62,10.62,34.05,Moderate
26.56,57.04,105.92,4.63,41.41,33.47,Moderate
134.56,33.43,146.26,7.88,55.54,25.58,Moderate
109.56,82.54,48.98,8.47,73.6,28.11,Moderate
111.2,54.78,115.33,7.81,11.63,17.14,Moderate
57.11,92.17,62.75,8.05,42.37,22.8,Moderate
136.09,58.26,57.27,4.68,17.77,18.76,Poor
61.08,62.7,49.6,4.76,28.54,26.03,Healthy
148.92,42.33,17.93,6.82,74.37,36.24,Moderate
127.07,93.18,97.3,8.48,12.33,37.54,Poor
129.98,92.09,74.33,7.65,23.66,31.28,Moderate
60.21,61.64,102.96,5.89,25.14,23.69,Moderate
102.95,69.3,112.49,5.01,67.3,33.58,Moderate
14.27,36.88,72.67,5.94,18.22,20.6,Moderate
13.44,13.84,43.61,7.78,46.86,26.46,Moderate
102.7,56.44,24.07,5.39,25.58,31.2,Moderate
74.63,41.82,85.71,8.38,31.99,29.05,Healthy
77.25,73.08,110.89,7.42,24.11,27.13,Moderate
123.56,41.25,147.72,5.96,44.84,27.81,Moderate
70.71,85.33,27.51,6.77,53.3,37.98,Moderate
95.29,96.2,131.46,5.89,70.19,40.88,Poor
46.01,62.97,45.86,7.1,16.55,34.82,Moderate
68.77,60.79,8.75,7.28,44.72,31.88,Healthy
54.19,18.85,68.14,8.28,25.95,33.25,Moderate
16.98,73.22,39.57,6.31,35.74,18.05,Moderate
58.38,38.26,80.71,8.39,42.9,39.69,Moderate
74.62,15.22,38.37,6.13,32.78,38.38,Moderate
105.01,59.94,76.23,6.09,52.85,18.36,Healthy
32.75,33.8,29.82,7.21,11.73,19.32,Moderate
136.37,99.77,75.7,6.48,64.14,15.98,Poor
69.78,14.48,63.13,8.44,62.75,41.6,Poor
114.45,62.77,114.36,7.14,42.48,22.9,Healthy
82.82,29.56,75.57,5.08,49.58,21.62,Healthy
51.11,52.41,28.57,8.35,41.29,24.51,Moderate
14.09,85.11,95.75,6.17,27.19,35.12,Moderate
142.37,41.18,24.56,4.94,10.45,35.09,Poor
147.4,99.32,118.71,5.15,78.44,23.85,Poor
56.71,70.3,12.11,7.8,79.81,35.93,Moderate
119.43,42.08,14.56,7.67,51.8,39.55,Moderate
26.23,33.99,57.3,7.23,65.14,40.95,Moderate
51.36,51.9,9.2,5.51,36.18,31.03,Moderate
75.92,39.63,95.49,7.81,26.92,24.26,Healthy
108.69,78.9,124.68,5.34,47.75,39.3,Moderate
64.87,45.84,147.8,4.95,59.39,37.95,Moderate
31.11,72.87,73.11,7.91,73.52,38.56,Moderate
19.01,76.9,138.62,6.99,52.06,16.22,Poor
129.84,9.41,50.46,8.2,76.48,41.78,Poor
76.7,21.86,75.75,4.91,71.08,30.13,Moderate
66.63,12.56,63.76,7.96,59.24,17.23,Moderate
32.39,42.27,19.7,8.24,55.66,17.56,Poor
120.33,40.0,40.51,6.78,10.94,27.57,Healthy
128.13,93.17,54.67,7.07,25.88,30.13,Moderate
45.56,59.28,29.9,8.26,72.08,24.1,Moderate
118.73,14.07,112.35,5.63,19.49,33.31,Moderate
75.77,55.36,80.48,4.74,13.6,31.23,Moderate
97.34,9.48,59.87,6.95,55.97,37.36,Healthy
68.9,57.08,88.89,5.75,13.77,15.11,Moderate
127.06,24.02,96.39,6.81,37.97,37.5,Moderate
107.78,7.16,117.62,6.53,34.29,34.63,Moderate
106.05,34.51,147.54,7.09,52.4,16.89,Moderate
49.1,47.46,96.44,6.55,63.41,22.09,Healthy
108.3,82.58,115.93,7.58,72.2,17.27,Moderate
107.61,97.02,88.18,5.37,79.91,19.72,Moderate
56.98,21.35,72.35,6.18,44.39,40.06,Moderate
76.97,53.89,133.57,7.77,26.78,15.35,Moderate
98.13,85.26,85.16,5.34,61.89,33.08,Moderate
89.1,87.02,118.72,7.17,56.53,32.88,Moderate
83.52,49.07,107.89,6.94,44.3,18.42,Healthy
108.27,66.37,54.63,5.93,27.27,40.97,Moderate
130.43,58.3,63.24,7.45,46.94,41.35,Healthy
17.72,8.26,87.45,5.31,52.3,36.1,Moderate
29.34,46.86,104.86,7.84,44.74,20.57,Moderate
92.01,48.18,116.93,6.72,29.56,35.37,Moderate
82.48,21.87,86.65,8.29,59.39,23.07,Healthy
109.52,31.85,83.69,6.61,27.32,24.39,Healthy
141.91,28.81,121.15,7.17,47.28,18.71,Moderate
38.64,22.0,90.09,8.39,71.41,15.68,Moderate
48.32,19.94,146.47,5.44,24.09,31.76,Moderate
87.87,26.46,102.2,4.89,11.36,17.23,Moderate
61.08,97.63,84.35,7.52,32.5,34.42,Moderate
145.27,38.99,149.86,7.05,62.4,21.81,Moderate
100.03,53.55,143.68,8.12,37.77,40.57,Poor
133.87,61.09,16.91,5.14,15.38,17.92,Poor
146.77,25.16,105.17,7.05,54.18,20.58,Healthy
91.11,64.43,87.71,5.24,60.61,16.98,Healthy
92.77,46.44,41.29,7.73,22.31,40.19,Moderate
133.84,39.26,49.25,5.05,74.14,31.94,Moderate
14.45,53.54,17.44,6.8,45.63,17.24,Moderate
124.22,29.92,83.52,7.06,77.36,28.33,Healthy
138.42,38.71,129.33,5.44,59.52,17.39,Moderate
148.05,95.62,69.12,6.6,51.84,22.43,Moderate
104.43,71.36,81.14,5.09,74.34,18.11,Moderate
98.08,14.79,26.18,4.58,35.44,32.27,Moderate
83.02,69.08,102.88,5.06,14.01,31.88,Moderate
101.45,57.89,40.64,7.74,15.3,32.07,Moderate
26.86,67.17,65.57,7.37,13.65,29.99,Moderate
30.28,69.83,22.39,4.79,59.92,16.72,Poor
41.43,83.35,122.4,7.92,32.83,29.26,Moderate
118.27,18.01,110.04,4.89,73.93,32.21,Moderate
79.06,51.05,31.3,5.88,60.9,29.61,Healthy
84.1,23.55,105.1,6.07,22.79,40.48,Moderate
80.95,55.16,147.3,5.97,76.01,33.76,Moderate
98.63,27.27,12.5,6.25,10.71,16.92,Poor
93.35,73.82,29.35,7.43,76.48,35.07,Moderate
119.86,71.57,37.59,5.94,76.45,32.85,Moderate
120.46,97.03,38.56,5.79,55.14,15.66,Moderate
89.97,81.83,93.51,5.68,60.69,18.94,Moderate
135.27,14.59,130.21,6.49,40.01,28.52,Poor
38.03,48.48,128.21,7.7,21.41,33.18,Moderate
129.96,82.88,66.72,4.69,75.18,25.69,Moderate
60.54,77.15,43.28,7.84,15.32,35.0,Moderate
145.21,99.6,138.95,7.98,29.52,41.1,Poor
139.91,55.77,63.3,4.94,51.34,33.91,Moderate
66.56,43.57,88.13,4.61,77.05,22.83,Moderate
29.72,5.52,129.25,7.95,16.67,19.11,Poor
72.71,22.64,111.69,4.73,48.48,25.34,Moderate
75.09,45.35,27.21,5.38,14.54,18.11,Moderate
146.91,31.58,49.52,5.01,62.86,39.95,Poor
120.57,63.2,122.92,6.12,70.16,36.56,Moderate
10.24,51.34,43.37,4.84,69.23,15.21,Poor
112.22,98.88,74.89,5.98,52.41,36.73,Moderate
43.64,28.82,93.04,8.26,30.89,25.17,Moderate
149.07,21.74,16.16,6.86,11.7,19.87,Poor
97.11,67.65,79.01,6.03,50.33,32.37,Healthy
122.49,80.31,101.4,8.08,68.66,18.6,Moderate
143.94,89.72,51.53,4.58,52.28,26.84,Poor
114.94,54.84,16.09,5.48,71.78,16.02,Moderate
113.13,32.73,70.63,6.62,27.51,32.6,Healthy
107.08,13.08,59.22,7.48,60.51,29.7,Healthy
118.87,15.23,22.14,7.13,58.53,36.99,Moderate
35.35,54.09,100.82,5.39,46.18,32.24,Moderate
40.02,40.68,36.37,8.11,26.58,18.26,Moderate
14.92,9.27,32.78,6.93,11.24,22.74,Poor
18.14,43.35,12.04,6.93,58.19,34.75,Moderate
41.41,87.51,105.09,4.73,40.85,35.73,Moderate
53.53,41.25,96.29,4.72,77.69,19.71,Moderate
13.73,5.51,62.94,8.04,67.38,39.63,Poor
84.73,47.63,60.95,4.69,73.67,28.4,Healthy
73.71,53.94,120.15,5.4,59.69,34.19,Moderate
128.94,5.82,29.71,6.38,69.54,41.06,Moderate
93.28,25.15,31.76,7.06,24.7,29.93,Healthy
126.87,42.03,59.88,4.64,27.79,33.85,Moderate
60.45,20.04,20.34,4.88,56.14,31.54,Moderate
82.59,52.53,27.2,6.5,14.2,40.0,Moderate
18.12,45.24,5.08,7.64,21.63,39.97,Poor
16.16,82.97,100.21,5.5,24.17,24.66,Moderate
125.98,86.89,30.42,5.91,26.62,18.31,Moderate
100.5,37.86,37.68,7.96,62.38,35.89,Healthy
15.49,91.94,88.34,6.52,10.74,39.24,Poor
86.14,83.39,100.05,7.69,58.51,39.87,Moderate
41.57,24.2,108.32,6.51,51.94,34.13,Moderate
86.64,79.83,51.24,7.94,17.54,32.12,Moderate
134.62,29.01,52.39,5.72,49.5,26.15,Healthy
25.11,89.67,34.68,6.64,51.64,16.1,Poor
23.4,97.31,101.35,4.63,65.59,28.73,Poor
20.53,69.67,77.41,5.32,71.44,22.87,Moderate
49.84,30.91,116.28,7.32,73.22,21.19,Moderate
120.09,59.44,49.76,4.64,67.33,21.51,Moderate
98.44,57.14,5.65,8.48,67.0,28.13,Moderate
105.25,50.28,112.97,5.04,41.24,24.06,Healthy
74.35,47.79,25.75,8.41,11.08,15.27,Poor
62.28,63.94,31.05,6.63,60.59,17.54,Healthy
147.82,36.99,98.15,4.94,59.66,37.69,Moderate
24.74,16.96,45.75,4.55,79.02,31.16,Poor
95.06,96.1,125.64,7.76,33.77,24.04,Moderate
50.84,37.94,58.58,5.06,34.92,27.06,Moderate
53.31,20.71,59.14,6.42,60.45,34.2,Moderate
38.38,8.48,49.05,5.13,37.71,41.44,Poor
35.35,35.29,110.14,6.54,13.07,19.37,Moderate
140.93,14.8,97.09,7.67,28.58,34.58,Moderate
33.79,32.05,50.21,8.49,25.02,18.49,Moderate
139.6,20.38,132.5,7.1,50.38,35.29,Moderate
111.64,15.5,149.92,8.27,72.76,31.8,Moderate
83.19,55.95,7.17,6.5,53.66,32.79,Healthy
56.5,49.77,97.27,6.21,77.35,34.05,Moderate
10.18,7.21,105.09,6.15,68.76,19.67,Moderate
11.94,41.87,111.73,8.39,71.86,28.07,Moderate
123.79,11.68,87.98,8.2,37.75,40.92,Poor
40.9,15.04,81.09,8.13,31.79,36.6,Moderate
33.69,75.83,85.77,5.2,60.27,34.27,Moderate
82.16,26.42,24.18,8.33,55.91,36.85,Moderate
107.58,83.8,28.56,6.49,56.7,17.79,Moderate
30.99,65.23,130.96,7.14,12.53,41.2,Poor
29.53,27.09,146.37,7.58,75.56,36.78,Poor
101.24,32.03,52.4,8.29,70.24,24.71,Healthy
62.26,33.28,52.29,7.94,10.74,26.77,Healthy
142.0,56.55,70.31,5.75,15.17,21.06,Moderate
22.66,17.04,28.71,5.71,10.77,40.65,Poor
27.33,41.4,132.53,4.93,43.85,37.81,Poor
87.97,24.98,111.65,7.23,35.35,16.25,Moderate
11.1,83.41,51.63,5.05,46.3,39.86,Poor
11.19,10.33,65.47,7.2,43.33,39.23,Poor
16.17,37.31,55.95,5.86,44.14,36.35,Moderate
54.5,75.73,26.24,6.74,36.26,29.56,Moderate
25.08,95.58,136.4,7.81,72.49,18.96,Poor
80.52,35.2,133.67,5.26,25.4,33.54,Moderate
22.45,74.57,43.88,7.14,71.11,31.46,Moderate
39.78,9.67,11.47,4.86,50.59,24.4,Poor
44.03,25.83,142.54,4.98,31.34,27.73,Moderate
10.06,92.49,19.37,7.23,54.02,36.84,Poor
101.19,78.09,66.08,6.45,59.12,30.35,Healthy
81.62,24.53,42.43,5.93,10.65,26.27,Moderate
10.39,58.68,107.08,6.75,58.55,15.0,Moderate
18.32,71.35,121.42,7.37,56.41,34.1,Moderate
113.54,73.82,112.01,4.8,14.43,24.75,Moderate
83.86,77.45,53.53,5.6,64.7,21.73,Healthy
124.92,21.83,57.12,6.1,30.97,15.09,Moderate
42.97,37.08,50.48,7.64,13.32,25.5,Moderate
15.25,93.41,119.58,8.43,73.71,23.53,Poor
106.82,34.12,133.79,6.14,36.31,39.68,Moderate
127.14,96.81,14.64,5.47,31.06,26.46,Moderate
76.24,32.69,119.62,5.39,58.76,38.0,Moderate
94.52,38.65,32.24,5.04,62.09,27.67,Healthy
16.48,98.46,102.34,7.88,40.67,40.8,Poor
37.93,22.59,134.1,8.07,44.93,18.4,Moderate
52.73,76.64,127.67,5.89,14.29,32.97,Moderate
113.53,45.28,89.55,8.45,27.15,30.47,Healthy
95.53,57.17,131.02,6.92,45.55,18.32,Healthy
108.45,17.55,8.85,6.45,50.07,41.97,Moderate
109.73,85.62,55.23,6.54,78.2,26.27,Moderate
123.02,54.97,37.47,6.82,25.26,15.08,Moderate
43.03,23.35,58.78,8.05,37.15,37.82,Moderate
87.79,5.72,32.37,8.23,52.29,40.1,Poor
53.42,73.07,116.94,8.4,11.27,40.71,Poor
64.82,84.61,83.98,6.76,35.16,37.37,Healthy
46.96,51.76,86.23,7.47,43.01,33.37,Healthy
77.94,67.64,102.75,7.34,67.63,29.6,Healthy
37.06,69.57,16.18,5.38,65.45,26.75,Moderate
79.73,98.8,39.1,4.58,17.8,21.6,Poor
111.63,78.7,87.0,5.52,46.52,15.4,Moderate
105.45,63.36,8.16,7.77,63.44,23.32,Healthy
98.95,62.14,25.76,5.27,57.82,40.21,Moderate
90.68,58.94,98.77,6.26,13.79,25.71,Healthy
136.04,81.47,139.48,5.11,45.42,30.79,Poor
39.39,24.09,118.39,7.19,55.3,22.21,Moderate
80.95,7.19,23.84,6.57,31.68,41.07,Moderate
76.01,12.94,7.59,7.4,22.01,20.07,Moderate
69.33,30.09,94.4,6.44,17.8,36.19,Healthy
69.62,63.03,5.57,7.01,29.8,28.35,Healthy
51.68,99.64,38.47,8.15,74.26,26.37,Moderate
52.56,41.2,148.45,6.98,48.13,15.97,Moderate
128.7,12.96,11.81,5.6,43.31,39.17,Poor
120.61,23.78,58.95,7.62,46.9,19.71,Moderate
65.45,64.46,146.12,7.15,11.13,34.04,Moderate
45.12,86.91,60.66,5.3,42.76,21.89,Moderate
43.02,59.46,116.27,7.84,37.84,16.8,Moderate
77.76,46.21,33.56,8.08,78.19,16.4,Poor
121.4,66.34,42.91,7.04,19.01,16.87,Moderate
149.09,65.46,41.72,6.3,76.51,26.85,Moderate
136.06,87.54,54.9,7.28,56.23,35.82,Moderate
61.23,9.96,29.8,6.97,64.26,35.41,Moderate
91.72,13.05,7.51,7.63,48.46,36.13,Moderate
32.79,43.71,138.28,5.19,14.31,32.64,Poor
93.24,95.44,136.44,7.5,11.34,27.97,Poor
135.45,46.2,144.51,7.11,17.66,28.75,Poor
107.39,11.21,54.97,7.37,20.99,24.41,Healthy
106.59,78.68,80.18,8.33,74.77,27.78,Moderate
32.44,78.43,40.26,7.87,51.1,25.64,Moderate
87.89,55.62,139.09,5.36,74.97,15.85,Moderate
117.69,92.37,62.14,4.79,66.33,37.76,Moderate
57.08,54.27,122.37,5.27,54.03,26.63,Moderate
34.42,83.99,52.08,8.24,49.83,28.89,Moderate
69.26,43.06,123.61,7.21,64.16,26.37,Healthy
46.6,13.25,117.62,6.16,45.65,27.67,Moderate
70.36,69.97,93.27,8.39,19.72,30.49,Moderate
18.85,81.75,94.37,6.21,66.16,27.29,Moderate
41.89,49.89,15.27,8.09,61.17,35.53,Moderate
132.43,80.2,67.62,4.97,36.14,40.22,Moderate
142.87,77.95,34.64,5.28,71.58,18.83,Moderate
91.78,40.93,48.79,7.21,77.17,36.0,Healthy
78.06,46.87,136.61,6.81,44.76,33.44,Healthy
43.2,11.05,128.99,6.93,21.54,23.05,Moderate
148.59,65.27,97.24,4.79,77.83,39.11,Poor
86.69,34.39,106.22,7.83,65.03,41.38,Moderate
99.16,35.52,77.2,7.77,28.57,21.25,Healthy
111.48,47.22,123.4,5.07,33.5,22.24,Moderate
107.7,77.14,71.12,6.41,19.24,33.95,Moderate
148.92,78.9,37.35,6.99,30.65,15.81,Moderate
35.18,14.75,33.41,7.68,30.5,35.44,Moderate
142.84,59.56,75.38,7.5,16.8,26.56,Moderate
79.84,83.95,123.06,7.89,58.85,29.33,Moderate
125.9,87.96,74.67,8.44,71.24,28.78,Moderate
19.7,26.33,117.58,4.94,42.89,31.33,Moderate
132.97,85.48,115.82,6.13,19.96,33.08,Moderate
35.38,58.32,147.2,6.7,55.19,33.29,Moderate
126.25,46.32,77.14,5.2,53.03,22.99,Healthy
81.07,77.82,7.55,6.76,22.14,22.54,Moderate
14.86,21.1,148.06,8.49,60.39,31.52,Poor
118.78,90.17,80.3,4.64,59.66,41.58,Poor
46.13,49.03,57.38,6.06,60.5,25.22,Healthy
141.75,80.02,9.01,7.77,64.1,28.95,Moderate
79.55,84.38,66.59,5.14,31.9,22.16,Moderate
105.35,21.99,98.49,6.36,68.78,28.09,Healthy
140.17,90.54,31.87,7.24,25.02,37.23,Moderate
99.0,32.94,41.12,6.22,66.05,36.5,Healthy
14.67,33.72,66.31,6.84,20.47,24.05,Healthy
133.98,50.27,112.9,6.44,42.55,31.79,Healthy
46.31,28.73,148.46,7.98,61.64,18.7,Moderate
14.23,21.66,140.97,7.77,46.62,41.16,Poor
30.52,58.12,31.57,5.73,75.81,38.44,Poor
24.25,28.71,91.2,4.75,48.51,30.78,Moderate
50.74,32.85,38.22,8.24,37.22,30.8,Healthy
52.22,71.75,19.71,4.79,62.1,34.62,Moderate
47.1,38.73,143.8,4.92,22.82,26.61,Moderate
49.49,66.66,105.14,6.61,52.78,26.7,Healthy
116.45,9.0,50.37,7.24,33.08,17.12,Moderate
58.3,72.59,22.69,7.4,64.28,32.15,Moderate
44.19,81.5,36.09,8.12,59.47,16.48,Moderate
121.9,53.11,70.63,6.18,52.46,34.56,Healthy
135.44,30.93,96.46,7.25,57.24,28.31,Healthy
64.74,77.43,48.5,5.33,48.21,22.23,Healthy
14.65,9.9,105.78,8.39,41.83,18.97,Poor
124.53,29.84,149.37,6.75,26.28,28.39,Moderate
56.95,79.05,20.34,7.93,63.71,38.26,Moderate
135.3,26.83,80.55,7.9,36.42,16.63,Moderate
50.83,27.98,131.16,6.36,57.85,40.98,Moderate
51.89,77.31,8.3,4.92,21.33,23.44,Moderate
66.42,50.32,40.57,4.76,57.43,15.64,Moderate
123.33,93.27,108.0,6.88,55.99,32.61,Moderate
140.44,96.61,66.87,6.97,66.2,15.03,Poor
83.78,67.02,108.99,5.98,30.7,19.92,Moderate
88.09,92.33,134.92,5.94,28.05,36.3,Moderate
111.5,53.01,61.41,5.0,64.96,31.67,Healthy
62.76,92.28,100.65,8.22,43.21,27.27,Moderate
141.21,96.18,144.31,7.78,42.37,20.68,Poor
63.68,94.14,57.72,7.53,74.61,41.2,Moderate
142.67,57.73,76.32,8.45,25.27,20.06,Moderate
144.85,70.47,82.76,5.03,45.93,40.49,Poor
94.4,43.44,84.91,8.04,73.9,25.8,Healthy
95.13,31.52,70.41,5.38,47.2,30.61,Healthy
57.3,30.85,26.9,5.06,59.8,20.98,Moderate
26.52,99.89,42.69,8.08,52.64,34.31,Poor
88.53,22.18,127.82,7.81,34.48,35.62,Moderate
86.03,91.36,121.41,4.66,71.55,41.15,Poor
113.9,16.39,122.07,7.09,33.72,38.87,Moderate
89.18,86.03,102.17,5.65,78.25,30.42,Moderate
82.35,43.33,24.77,7.24,40.16,40.23,Healthy
145.11,77.93,40.16,7.36,11.43,37.31,Moderate
79.11,93.99,59.78,5.55,79.65,29.33,Moderate
130.85,91.55,80.18,6.32,48.7,37.89,Moderate
145.05,36.19,112.1,5.64,52.77,36.73,Moderate
134.11,47.63,58.61,5.51,19.34,24.85,Moderate
132.08,44.79,51.01,7.46,25.09,21.92,Healthy
141.03,12.75,65.12,6.81,26.12,22.59,Moderate
41.06,37.79,135.28,6.23,39.25,25.44,Healthy
144.98,16.14,131.42,5.81,76.96,23.51,Poor
21.6,54.4,38.04,7.51,56.01,33.53,Moderate
37.09,72.32,50.14,8.49,61.22,30.94,Moderate
131.4,60.98,85.15,5.45,57.47,25.12,Healthy
16.03,82.53,12.52,7.19,20.97,26.68,Moderate
130.27,13.97,101.74,6.95,70.73,19.66,Moderate
121.97,47.76,67.15,5.95,36.99,29.04,Healthy
24.95,45.38,99.54,6.49,21.61,24.8,Healthy
72.01,68.54,135.61,6.7,57.35,17.08,Healthy
143.63,34.94,56.37,5.39,15.93,36.33,Moderate
43.67,31.86,31.36,8.4,64.67,40.11,Moderate
130.64,91.1,74.46,5.18,32.88,22.9,Moderate
110.4,7.44,25.6,7.23,18.64,16.3,Poor
25.29,70.61,25.2,5.09,26.12,35.27,Moderate
38.05,8.36,136.35,8.01,22.94,22.16,Poor
36.4,73.36,41.25,8.23,67.93,30.89,Moderate
11.25,88.95,110.53,7.65,15.03,34.13,Poor
122.64,95.88,89.17,6.53,39.78,33.93,Moderate
138.91,61.98,37.96,4.57,53.34,38.34,Poor
19.24,42.77,141.31,6.51,25.45,24.55,Moderate
67.14,16.14,100.81,6.87,55.34,31.49,Healthy
12.33,21.57,29.01,4.89,61.48,18.24,Moderate
103.55,21.95,22.15,5.15,45.59,32.43,Moderate
123.67,17.21,94.35,7.6,31.87,17.15,Moderate
31.83,13.7,133.65,6.01,46.63,35.75,Poor
62.01,66.66,16.12,6.42,16.76,21.7,Moderate
51.07,73.17,102.75,7.49,14.32,41.84,Moderate
17.62,83.45,112.34,6.87,40.72,35.44,Moderate
113.58,18.03,119.93,4.81,45.04,32.42,Moderate
125.04,49.0,39.34,6.46,27.51,29.28,Healthy
74.75,79.15,39.81,5.3,43.19,16.36,Moderate
42.11,38.6,75.71,5.58,49.24,38.72,Moderate
86.12,32.25,13.99,5.05,49.29,33.46,Moderate
16.95,22.63,51.27,5.78,77.09,20.5,Moderate
18.75,38.54,24.49,5.01,38.52,23.27,Moderate
22.84,62.41,77.75,4.81,70.39,22.69,Moderate
144.59,93.5,67.94,5.41,68.44,24.75,Moderate
32.9,57.4,75.96,7.9,61.05,38.66,Moderate
112.86,66.01,77.53,8.45,77.14,37.92,Moderate
118.54,59.87,42.66,8.0,10.76,21.14,Moderate
66.52,60.68,86.33,5.2,17.34,21.0,Healthy
58.82,6.34,105.41,5.49,34.6,24.04,Moderate
81.66,86.68,26.66,5.86,58.44,16.19,Moderate
126.2,96.37,93.11,8.33,38.91,26.21,Moderate
24.87,8.37,40.45,6.41,45.54,20.87,Moderate
95.79,22.21,52.3,5.28,58.77,28.95,Healthy
113.05,10.44,66.68,8.37,13.75,26.3,Poor
15.66,18.93,72.07,5.13,46.31,39.91,Poor
38.06,15.18,124.67,6.34,71.78,23.27,Moderate
97.85,92.71,29.9,7.7,54.21,36.95,Moderate
33.9,46.24,23.68,8.34,14.39,16.77,Poor
135.74,33.57,91.57,5.65,55.41,20.2,Healthy
74.24,55.68,53.38,5.51,19.81,34.07,Moderate
33.56,32.75,53.85,6.32,59.18,26.55,Healthy
131.95,69.58,126.58,7.37,20.4,41.4,Moderate
120.12,59.41,28.96,5.19,53.0,26.24,Moderate
104.62,40.38,79.36,5.25,20.86,17.04,Moderate
124.75,57.76,142.34,7.5,63.81,28.74,Healthy
124.16,94.5,109.65,4.92,55.57,18.25,Moderate
20.81,70.83,126.04,5.14,15.19,38.94,Poor
28.51,8.33,109.55,7.89,46.01,29.58,Moderate
57.16,27.65,114.51,7.9,32.49,22.39,Moderate
47.49,9.81,45.76,4.6,65.19,21.91,Moderate
106.62,56.6,126.43,8.34,35.71,17.39,Moderate
114.95,7.02,37.33,4.71,72.87,15.14,Poor
78.98,45.28,99.65,5.66,71.16,34.83,Moderate
70.52,39.01,123.3,7.53,37.93,24.22,Healthy
15.44,12.76,12.82,4.6,20.7,38.14,Poor
121.74,85.33,95.45,7.0,18.68,33.87,Moderate
49.2,54.33,143.43,7.98,26.32,34.89,Moderate
24.57,7.54,9.09,5.18,58.65,24.81,Poor
12.23,98.86,82.34,6.08,46.32,29.04,Moderate
75.83,63.23,133.42,5.71,44.09,15.1,Moderate
130.37,34.06,44.34,8.49,50.91,18.32,Moderate
47.17,38.56,147.98,6.22,26.11,30.38,Moderate
66.67,10.22,129.83,4.56,72.89,36.38,Poor
20.62,73.74,116.79,6.91,50.44,16.34,Moderate
18.33,74.09,20.31,5.47,44.92,19.43,Moderate
120.58,81.7,127.11,4.7,39.95,37.87,Moderate
60.85,71.1,90.44,5.89,29.35,32.62,Moderate
28.71,86.71,88.58,4.95,59.25,26.64,Poor
38.57,96.3,109.35,6.87,69.42,29.68,Moderate
71.81,23.0,27.24,6.23,41.92,34.8,Moderate
71.89,61.35,125.72,8.47,32.58,39.35,Poor
122.85,11.46,53.45,5.38,56.51,29.99,Moderate
79.28,77.54,53.33,6.03,70.59,41.25,Moderate
118.69,25.62,21.33,5.34,39.59,21.39,Healthy
136.15,68.72,65.43,5.6,36.65,27.85,Healthy
109.94,13.49,128.08,5.01,28.37,41.83,Poor
36.63,14.61,97.57,6.07,16.43,15.1,Poor
21.08,54.66,38.48,7.61,70.03,18.91,Moderate
57.18,18.92,46.57,5.46,65.08,24.33,Moderate
79.38,69.02,124.23,5.7,24.65,41.42,Moderate
54.82,68.75,103.29,6.56,25.99,18.82,Moderate
78.18,53.54,117.14,7.34,73.84,41.21,Moderate
111.9,12.27,63.74,6.94,51.31,19.9,Healthy
91.61,38.22,54.14,7.84,39.54,29.24,Healthy
88.8,58.48,35.9,6.9,33.42,32.69,Healthy
30.4,99.44,116.95,6.17,31.09,25.47,Moderate
110.97,67.26,106.8,8.06,41.94,33.08,Moderate
71.81,65.62,73.85,7.61,10.37,20.82,Healthy
51.5,94.81,78.52,5.96,38.3,27.2,Moderate
131.5,96.42,127.4,7.87,23.93,22.25,Moderate
93.45,67.33,34.39,7.49,24.0,22.1,Healthy
52.95,85.37,111.15,6.62,67.38,36.95,Moderate
64.58,79.24,34.91,6.51,18.28,26.52,Healthy
82.85,12.59,72.08,7.11,52.99,16.47,Moderate
23.35,38.38,127.19,7.98,31.67,34.41,Moderate
90.83,98.43,18.72,6.69,51.48,23.31,Moderate
16.57,9.95,70.77,7.27,59.01,19.89,Moderate
130.12,40.83,144.83,4.97,68.55,39.53,Poor
125.17,81.84,57.39,7.35,50.55,26.46,Healthy
149.04,32.59,64.91,8.11,30.23,19.12,Moderate
53.4,77.13,129.68,4.96,53.52,30.32,Moderate
103.63,68.75,144.12,5.89,30.98,30.69,Moderate
70.12,50.01,15.05,5.09,75.48,16.84,Poor
92.62,76.68,6.72,5.39,36.4,28.68,Moderate
57.82,66.65,37.83,4.6,10.11,24.33,Moderate
60.63,95.12,11.49,6.62,50.45,33.88,Moderate
99.42,5.77,96.62,5.79,64.1,20.09,Healthy
110.27,64.42,99.58,5.2,56.84,34.9,Healthy
78.52,37.33,29.15,5.66,63.47,26.05,Healthy
108.38,75.31,102.75,7.19,52.76,29.0,Healthy
37.69,85.07,144.82,6.37,75.33,41.95,Poor
78.07,73.81,98.35,5.45,13.3,27.24,Moderate
120.21,35.89,118.74,7.12,58.69,22.72,Healthy
75.81,22.26,40.75,4.86,18.87,20.68,Moderate
91.23,46.92,43.71,7.94,46.76,39.92,Healthy
98.9,6.5,137.45,7.93,54.47,29.44,Moderate
73.41,50.81,116.54,6.55,22.32,16.57,Moderate
27.67,28.89,58.32,8.07,26.74,23.63,Moderate
41.22,56.85,94.48,6.63,76.63,41.88,Moderate
127.24,81.5,58.08,6.82,34.6,36.18,Moderate
34.06,25.58,10.61,6.94,58.2,15.09,Poor
81.51,40.8,119.9,4.66,13.4,31.75,Moderate
92.83,83.95,90.88,8.3,32.01,25.74,Moderate
146.87,15.21,120.41,4.55,44.06,19.14,Moderate
93.84,80.83,9.79,5.16,33.98,21.91,Moderate
63.65,95.43,19.67,6.19,42.0,22.57,Moderate
48.99,72.9,94.59,7.75,38.36,31.38,Moderate
135.1,85.88,138.4,5.58,78.98,37.04,Poor
121.27,68.42,147.57,6.27,61.91,33.87,Moderate
112.49,76.39,32.66,5.9,37.46,35.2,Moderate
110.27,84.17,119.34,6.88,19.8,32.16,Moderate
134.19,66.1,134.87,8.5,35.14,34.53,Moderate
85.59,48.22,39.78,5.48,22.95,32.05,Moderate
29.89,45.98,80.88,6.25,69.85,26.97,Healthy
21.6,99.26,127.52,7.14,62.94,18.46,Poor
117.23,24.74,75.9,5.21,62.76,21.64,Healthy
45.45,15.38,109.49,5.68,46.28,23.97,Moderate
118.46,26.52,141.42,5.79,17.27,21.49,Moderate
20.35,49.53,41.29,8.04,46.2,21.3,Moderate
73.18,23.62,30.92,5.7,17.58,20.09,Moderate
141.33,68.35,138.56,5.53,69.99,24.78,Moderate
30.19,81.45,13.65,6.12,67.35,31.66,Moderate
82.53,38.6,15.88,8.46,22.23,21.89,Moderate
43.03,91.25,115.73,6.33,76.88,16.43,Poor
135.11,10.74,61.71,4.72,79.93,39.69,Poor
91.87,25.7,45.13,6.3,32.59,15.58,Healthy
101.88,63.28,136.13,6.41,34.13,28.81,Healthy
37.26,64.43,116.65,5.11,32.29,38.43,Moderate
80.77,55.52,109.75,6.81,14.87,36.71,Moderate
139.2,10.06,22.58,7.31,52.31,25.33,Moderate
85.49,71.82,78.15,5.06,16.26,26.85,Moderate
139.2,57.99,56.94,8.13,37.2,28.75,Moderate
26.31,75.05,106.54,7.68,32.76,26.77,Moderate
33.57,96.63,17.48,7.1,59.37,19.26,Poor
61.15,9.1,85.71,8.48,40.09,41.73,Poor
27.67,42.28,135.78,8.01,32.65,33.32,Poor
134.06,77.85,96.13,5.11,15.11,31.59,Moderate
80.04,27.61,47.45,6.07,44.69,25.54,Healthy
64.22,15.99,130.51,6.94,20.23,26.44,Moderate
68.34,62.06,93.29,7.08,58.85,17.79,Healthy
52.69,6.65,70.92,6.22,61.4,19.51,Moderate
98.41,34.14,60.38,7.38,15.01,24.26,Healthy
64.79,73.0,33.89,8.29,79.84,37.11,Moderate
51.96,68.07,17.06,7.99,46.12,19.76,Moderate
55.84,81.07,131.18,6.58,43.62,35.27,Moderate
125.67,77.66,60.74,7.07,70.02,19.1,Moderate
64.34,10.38,64.29,7.59,23.79,29.63,Moderate
15.12,90.28,123.9,6.6,59.41,17.81,Moderate
128.33,72.95,22.4,8.42,11.58,31.97,Moderate
34.05,73.33,15.21,4.82,42.64,41.84,Poor
48.71,63.19,80.2,7.87,30.2,29.98,Moderate
143.09,36.6,68.71,8.06,33.27,25.28,Moderate
52.58,81.91,139.91,7.02,53.65,25.53,Moderate
11.75,21.52,26.38,4.96,55.78,18.68,Moderate
21.99,41.35,41.11,5.08,20.23,21.92,Moderate
85.16,77.02,128.65,7.51,53.97,39.51,Moderate
82.76,65.17,64.68,5.81,33.22,19.0,Moderate
121.52,10.26,102.83,7.96,44.82,16.9,Moderate
69.98,37.61,147.9,7.27,60.5,28.93,Healthy
109.32,73.64,14.62,5.39,10.91,28.76,Moderate
132.61,62.91,77.53,8.2,22.06,17.01,Moderate
138.42,90.76,104.03,5.48,77.88,35.66,Poor
104.35,26.18,79.4,7.79,70.22,30.16,Healthy
83.19,71.28,81.6,6.17,15.98,18.4,Moderate
116.44,7.34,12.58,8.12,59.28,15.11,Poor
53.69,77.52,65.55,6.38,42.12,20.46,Healthy
110.99,14.79,78.55,5.18,13.26,18.87,Poor
131.71,21.73,45.36,5.05,61.49,27.03,Moderate
142.11,68.11,82.05,7.13,12.83,40.67,Poor
143.9,31.23,96.1,5.31,48.32,35.81,Moderate
141.58,37.23,105.56,7.37,25.48,31.98,Moderate
101.76,77.59,149.99,4.66,24.16,18.92,Moderate
31.62,48.15,132.39,6.29,56.79,25.17,Moderate
54.75,84.25,100.05,5.9,73.99,28.46,Moderate
36.36,50.91,102.83,5.97,69.06,29.39,Moderate
75.49,86.58,72.12,6.16,17.26,24.79,Moderate
65.59,22.16,90.23,5.08,25.66,30.15,Moderate
47.66,65.77,105.12,5.71,16.12,28.22,Moderate
23.01,53.95,110.3,6.98,41.38,40.54,Moderate
24.24,88.6,121.02,6.18,20.7,19.21,Moderate
139.05,27.2,131.75,6.51,42.32,31.73,Moderate
40.11,45.7,141.08,5.45,74.51,41.84,Moderate
17.27,55.48,29.91,6.99,79.27,39.22,Poor
139.48,25.27,83.64,5.44,72.96,20.16,Moderate
31.55,6.16,31.38,5.26,15.42,38.43,Poor
119.2,29.18,118.57,6.19,64.29,23.72,Healthy
89.05,41.25,32.21,6.84,62.56,35.33,Healthy
59.88,54.28,115.75,4.72,15.03,25.16,Moderate
41.29,40.59,18.59,6.87,57.02,36.38,Moderate
101.07,42.66,140.56,7.41,46.94,20.58,Healthy
100.86,61.21,104.08,7.62,74.05,40.62,Moderate
98.23,96.77,137.16,4.51,54.63,19.82,Poor
51.33,33.26,75.05,4.54,26.51,15.79,Moderate
101.08,89.48,149.68,6.29,28.21,38.03,Poor
25.84,97.55,108.65,6.52,16.77,15.49,Poor
86.23,44.32,127.19,7.07,40.23,21.1,Healthy
77.26,20.48,101.72,6.92,66.7,27.14,Moderate
49.01,84.46,105.19,7.33,46.97,38.65,Moderate
41.89,43.16,120.45,5.03,66.57,24.52,Moderate
27.57,12.52,127.24,7.61,30.16,18.14,Poor
44.61,25.23,111.29,5.36,25.13,15.87,Moderate
93.56,70.45,99.76,6.77,77.63,27.76,Healthy
130.42,66.37,17.2,7.74,50.91,32.65,Moderate
35.23,46.56,132.68,5.36,10.01,21.95,Moderate
78.26,83.02,98.28,8.18,41.89,25.55,Healthy
42.4,25.72,111.74,4.82,26.99,38.92,Moderate
90.77,9.43,107.12,6.53,69.82,33.43,Moderate
10.62,24.55,42.4,7.31,45.65,35.18,Moderate
81.8,36.1,20.03,5.31,38.05,29.89,Healthy
141.41,27.77,101.58,5.11,59.96,15.31,Poor
101.83,20.51,31.15,6.74,36.28,27.73,Healthy
53.24,95.58,47.15,6.67,69.8,32.93,Moderate
55.19,57.48,17.03,6.68,40.2,35.46,Moderate
128.71,23.96,16.82,6.06,47.39,25.17,Moderate
98.0,53.04,140.81,6.14,15.77,23.15,Moderate
94.83,29.32,44.0,5.86,62.23,40.38,Healthy
59.05,23.57,65.99,5.91,79.3,27.52,Moderate
105.1,91.81,96.21,5.5,52.52,25.85,Healthy
69.13,98.04,45.4,6.38,21.19,19.82,Moderate
94.49,76.35,97.29,5.82,14.17,27.7,Moderate
80.6,78.21,97.84,7.99,64.81,24.88,Healthy
98.51,75.99,143.75,6.19,55.38,25.6,Healthy
113.3,91.64,138.29,5.13,24.29,35.38,Poor
98.34,90.99,50.5,7.89,57.86,20.28,Healthy
27.71,71.76,27.98,7.68,49.0,27.88,Moderate
48.57,98.47,109.71,7.61,63.81,30.77,Moderate
141.56,60.46,80.41,5.59,29.72,34.9,Moderate
56.87,74.23,143.14,6.26,16.81,33.0,Moderate
11.33,79.77,81.22,6.46,49.86,28.94,Healthy
55.33,31.74,65.22,8.08,19.48,23.77,Moderate
36.92,45.58,24.36,7.54,17.24,32.96,Moderate
47.48,49.86,34.0,7.42,76.38,20.99,Healthy
143.44,35.9,85.89,7.31,23.95,27.01,Healthy
19.5,71.22,65.41,8.07,29.18,39.94,Poor
29.75,62.66,49.63,5.23,16.58,32.7,Moderate
42.64,59.42,147.02,5.76,12.45,18.86,Moderate
26.71,49.01,112.97,5.69,20.21,32.3,Moderate
52.17,59.64,140.4,5.67,45.87,36.78,Moderate
106.84,76.39,117.02,6.66,47.52,34.41,Moderate
107.67,68.66,60.41,7.81,26.53,19.2,Moderate
58.32,29.11,101.16,5.42,55.95,28.86,Moderate
31.34,29.55,80.65,7.43,37.88,21.29,Healthy
51.31,14.04,8.65,8.39,16.75,18.37,Poor
131.93,68.03,68.23,7.1,75.45,17.68,Moderate
44.12,86.73,118.19,8.48,31.97,40.51,Poor
58.12,72.93,133.0,5.18,24.39,30.69,Moderate
128.14,12.5,128.38,5.87,38.44,24.18,Moderate
137.61,17.43,88.27,5.09,75.0,36.54,Poor
42.73,33.29,60.32,6.12,67.21,30.24,Healthy
69.91,73.35,71.39,5.01,17.52,23.8,Moderate
94.4,17.81,84.77,5.58,58.68,15.76,Moderate
75.66,9.97,52.92,4.56,42.84,35.71,Moderate
24.03,74.85,89.71,6.52,51.96,24.07,Healthy
109.45,79.07,117.84,5.58,55.77,19.0,Moderate
79.36,5.25,33.07,7.03,71.21,16.32,Moderate
88.2,65.49,140.2,7.12,17.21,18.96,Moderate
99.01,25.48,139.6,8.18,76.41,22.91,Poor
110.37,67.99,10.16,5.56,24.47,25.01,Moderate
143.43,85.33,47.55,6.62,23.46,22.49,Moderate
19.1,66.05,100.25,7.85,71.01,19.32,Moderate
114.03,17.8,59.19,6.56,13.46,19.23,Moderate
47.96,17.12,140.44,5.65,45.08,41.91,Moderate
89.33,44.09,139.82,5.39,22.57,29.45,Moderate
69.82,80.71,11.09,6.97,59.75,41.24,Moderate
30.41,28.39,140.2,7.02,12.66,17.09,Poor
119.96,58.91,86.99,8.02,26.88,19.33,Moderate
95.93,88.83,43.46,7.23,20.67,19.64,Moderate
136.21,16.21,8.53,7.6,35.38,25.71,Moderate
121.98,22.09,99.3,5.75,17.3,33.56,Moderate
54.61,87.33,138.26,7.9,32.56,21.39,Moderate
134.99,48.03,107.62,7.81,29.44,18.22,Moderate
97.48,61.07,44.18,6.84,65.33,24.45,Healthy
43.92,73.88,118.95,8.32,20.33,39.01,Moderate
117.11,71.68,50.39,4.59,45.53,22.72,Healthy
50.57,93.08,27.18,8.24,45.27,37.63,Moderate
49.7,65.22,85.71,8.2,22.55,20.52,Moderate
142.86,14.31,97.03,4.74,15.39,31.12,Poor
87.19,59.44,73.68,7.47,79.45,22.45,Healthy
55.28,35.69,115.67,5.89,57.37,27.04,Moderate
95.09,83.76,79.54,6.4,28.69,28.93,Healthy
46.74,85.14,61.39,5.02,26.8,29.43,Moderate
138.28,33.55,43.34,6.13,77.74,37.82,Moderate
30.95,63.31,119.82,7.57,44.22,34.76,Moderate
91.7,24.14,13.13,5.98,14.34,25.67,Moderate
126.04,85.21,9.94,4.78,56.89,28.5,Poor
30.91,81.53,36.39,4.81,62.47,31.42,Moderate
65.22,70.81,137.15,4.64,53.94,20.89,Moderate
76.38,45.28,61.55,5.26,66.19,25.25,Healthy
134.21,38.69,126.76,6.68,36.99,34.01,Moderate
120.13,50.86,66.69,6.81,50.96,26.49,Healthy
116.07,42.97,70.68,6.92,79.08,22.04,Healthy
42.47,21.8,104.97,6.3,37.2,20.51,Moderate
134.76,47.1,93.12,4.95,17.56,16.82,Poor
61.43,49.92,40.46,5.9,10.44,24.48,Healthy
26.68,17.2,5.65,7.29,75.19,31.78,Poor
23.47,99.02,146.46,6.37,17.55,34.46,Poor
144.61,78.98,95.51,6.94,78.45,16.97,Poor
30.94,83.93,26.04,6.03,29.7,21.57,Moderate
13.6,58.79,63.18,6.71,31.32,40.42,Moderate
92.79,96.31,55.75,4.51,64.69,37.34,Moderate
18.22,64.41,100.85,5.08,48.68,21.57,Moderate
12.3,87.36,76.3,7.63,60.6,41.83,Poor
71.31,45.62,45.85,7.0,44.03,34.68,Healthy
59.91,17.43,130.05,7.81,34.57,33.64,Moderate
78.94,77.29,61.57,6.64,14.05,19.72,Moderate
119.45,41.25,10.09,5.17,38.81,34.38,Moderate
60.89,75.79,129.42,5.86,66.03,18.43,Moderate
68.14,14.27,12.62,4.76,17.33,37.56,Poor
86.11,95.0,83.01,7.01,22.91,29.6,Healthy
63.94,93.49,140.42,5.29,53.41,32.23,Moderate
88.75,16.81,99.83,7.7,34.17,28.89,Moderate
26.29,93.42,20.88,5.33,30.89,37.3,Moderate
108.09,5.67,31.62,7.5,38.27,15.71,Moderate
144.95,19.37,79.02,5.49,61.62,35.97,Moderate
65.61,67.55,136.82,7.76,39.04,26.92,Healthy
134.16,8.27,8.31,5.32,67.93,19.14,Moderate
49.94,64.76,31.72,5.71,42.68,21.16,Healthy
148.94,20.53,128.24,6.38,19.04,18.2,Poor
80.04,38.58,39.02,8.34,42.44,40.08,Moderate
32.96,22.43,91.42,5.58,22.95,17.56,Moderate
20.68,76.55,45.91,8.41,22.82,24.57,Moderate
62.49,52.51,131.24,7.84,10.7,26.05,Moderate
125.91,5.02,82.38,5.54,38.89,26.35,Moderate
64.85,89.74,82.79,8.11,60.87,24.48,Moderate
79.1,42.04,125.14,5.25,75.55,30.67,Moderate
95.65,54.1,85.4,7.17,55.85,20.78,Healthy
91.54,38.69,97.37,6.69,22.58,34.84,Healthy
73.98,57.39,102.53,7.11,62.43,20.58,Healthy
25.45,68.57,39.22,4.96,19.19,23.45,Poor
148.85,19.94,48.29,8.18,77.43,21.18,Poor
133.26,18.2,115.42,4.55,38.46,21.68,Moderate
108.56,6.53,72.41,7.29,13.27,39.23,Poor
60.57,20.7,37.69,5.86,23.89,28.79,Moderate
98.61,46.18,66.92,7.63,31.07,31.81,Healthy
135.01,26.04,94.89,8.29,47.09,41.38,Poor
53.41,58.61,50.1,4.51,79.81,21.48,Moderate
146.23,67.04,136.07,8.37,49.75,41.99,Poor
117.43,54.76,99.97,5.28,10.77,21.93,Healthy
70.9,26.66,79.54,7.13,55.91,39.13,Healthy
145.28,89.62,94.93,5.32,76.04,19.72,Poor
31.2,35.17,88.17,7.23,10.93,36.01,Moderate
34.5,33.17,51.7,5.83,63.23,16.11,Moderate
37.51,7.12,117.85,8.43,56.17,30.93,Moderate
137.13,29.22,14.64,6.54,28.22,27.18,Moderate
73.88,35.29,75.52,6.02,17.91,38.4,Moderate
108.18,8.92,21.79,4.89,14.32,16.59,Poor
32.0,85.55,125.09,7.63,53.03,34.53,Poor
113.39,89.48,111.19,7.45,66.29,30.02,Moderate
39.82,13.03,65.76,4.87,21.85,15.64,Poor
52.03,97.15,59.95,5.46,38.24,23.14,Moderate
104.34,65.27,8.96,6.55,12.53,33.29,Moderate
141.01,91.21,34.83,7.47,65.51,38.34,Poor
46.34,47.83,37.12,4.6,56.13,26.65,Healthy
44.74,85.47,76.87,8.48,65.54,38.47,Poor
118.27,15.06,14.43,8.16,19.67,25.56,Poor
95.39,25.13,37.67,6.36,35.26,33.27,Healthy
20.51,51.43,30.27,6.93,18.13,20.34,Moderate
122.54,27.34,111.87,5.59,26.45,23.08,Moderate
133.33,42.73,40.35,6.65,36.99,36.34,Healthy
148.66,55.02,70.5,5.87,78.13,28.05,Moderate
34.92,97.08,144.33,6.24,34.37,33.37,Poor
126.05,52.36,52.97,5.71,32.86,18.19,Moderate
119.01,14.97,62.76,7.84,38.29,22.96,Healthy
142.76,17.02,133.3,4.75,38.95,32.06,Poor
61.81,55.79,34.58,6.78,19.42,36.49,Healthy
91.73,50.78,12.93,6.5,49.45,22.17,Healthy
104.86,12.29,35.26,7.45,20.31,21.63,Healthy
101.12,74.24,12.47,5.01,41.23,31.01,Moderate
73.53,66.47,114.62,8.3,34.49,19.4,Moderate
46.97,19.08,62.17,7.99,34.29,19.02,Moderate
83.17,99.23,32.29,7.61,67.64,25.84,Moderate
96.74,46.08,43.04,6.2,16.67,34.09,Healthy
126.09,34.2,87.14,5.43,18.92,32.92,Moderate
28.78,79.29,44.4,7.77,35.8,24.96,Moderate
115.08,53.48,34.14,7.9,33.81,17.77,Moderate
68.24,59.53,93.43,7.84,47.9,21.04,Healthy
46.63,14.58,111.71,4.92,52.41,31.12,Moderate
119.97,12.09,34.42,8.14,50.06,27.36,Moderate
114.67,90.74,43.14,8.11,17.61,41.4,Poor
33.08,30.29,19.01,7.71,78.9,23.02,Poor
55.59,31.5,27.45,7.65,14.25,41.13,Moderate
139.82,16.25,81.78,8.47,69.68,34.31,Moderate
13.14,11.5,120.13,6.01,56.79,34.96,Moderate
69.11,18.62,61.07,7.98,33.18,16.69,Moderate
144.28,69.66,83.42,7.82,38.78,41.6,Moderate
130.06,31.65,58.8,5.6,56.15,32.26,Moderate
83.15,96.75,73.48,7.63,56.07,28.99,Healthy
15.89,67.46,98.18,5.0,65.71,27.61,Moderate
55.38,83.28,54.79,6.99,53.25,16.43,Moderate
69.2,26.16,33.94,7.12,10.8,41.17,Moderate
65.35,33.39,138.4,6.45,53.0,33.79,Healthy
132.0,17.33,16.84,8.47,10.62,34.12,Poor
95.55,57.49,118.95,8.47,13.28,31.59,Moderate
110.35,34.06,134.46,6.33,21.51,38.07,Moderate
142.01,14.45,113.99,5.36,10.47,22.04,Poor
129.69,18.41,23.95,7.46,38.45,19.01,Moderate
42.2,80.49,95.37,7.54,16.84,27.37,Moderate
121.59,30.25,29.53,6.03,33.34,20.01,Moderate
143.55,50.89,93.17,4.98,52.7,29.99,Moderate
140.47,44.17,118.4,5.72,50.53,40.03,Moderate
97.51,72.56,132.02,8.2,24.58,20.29,Moderate
87.07,99.57,76.07,5.82,47.61,16.74,Moderate
34.81,19.15,9.05,7.39,32.78,19.55,Moderate
81.71,35.73,61.99,5.76,10.28,33.58,Moderate
25.5,25.82,32.6,5.83,21.21,24.37,Moderate
44.06,10.82,131.23,5.72,16.67,29.08,Poor
27.26,78.44,13.93,6.36,76.07,19.29,Poor
38.19,62.04,147.08,6.04,55.41,19.11,Moderate
99.8,29.0,93.93,4.85,46.75,21.41,Healthy
105.44,76.03,127.98,8.47,42.15,33.11,Moderate
12.58,90.98,94.28,6.19,40.4,35.47,Moderate
126.69,81.75,79.03,5.98,76.19,32.12,Moderate
86.11,61.84,96.33,7.35,48.72,38.63,Healthy
130.36,47.01,29.44,6.81,53.45,29.13,Healthy
134.68,13.84,46.68,7.96,75.76,26.5,Moderate
36.97,44.93,71.14,6.58,29.2,23.44,Healthy
101.78,64.07,101.0,6.01,33.55,24.49,Healthy
143.16,42.55,92.89,6.59,71.34,24.97,Healthy
70.78,85.07,28.34,6.88,37.99,41.62,Moderate
110.99,6.0,126.72,7.31,49.27,21.38,Moderate
30.9,64.7,68.79,7.95,28.37,32.21,Moderate
44.84,65.45,12.01,6.07,22.09,31.36,Moderate
54.34,78.3,21.62,6.72,51.56,15.6,Moderate
15.04,34.28,93.32,8.35,16.35,33.99,Poor
106.98,68.6,79.84,8.37,45.12,37.63,Healthy
46.75,81.6,149.5,8.14,31.29,37.85,Moderate
23.34,69.38,54.61,7.13,38.86,15.24,Moderate
42.38,9.03,66.95,7.86,61.66,36.3,Moderate
123.01,40.33,78.37,6.53,17.92,31.15,Healthy
110.83,63.04,113.17,4.98,63.3,20.62,Healthy
132.76,28.27,76.34,6.45,28.82,24.77,Healthy
35.98,59.16,137.39,5.77,45.56,38.27,Moderate
73.35,83.97,69.73,6.26,21.01,18.37,Moderate
95.61,83.6,24.63,8.14,35.12,26.48,Moderate
135.22,90.15,81.1,5.61,22.04,22.33,Moderate
119.29,35.84,105.71,5.28,43.5,24.51,Healthy
80.51,59.14,148.69,8.1,58.71,19.15,Moderate
138.66,89.8,133.57,6.42,21.95,35.37,Poor
64.39,37.73,61.66,6.74,33.35,33.63,Healthy
100.68,53.34,12.83,8.25,38.82,27.14,Moderate
73.84,39.68,102.82,4.56,71.15,17.77,Moderate
149.96,64.67,14.61,6.75,33.19,40.73,Poor
115.77,53.17,67.32,8.48,56.72,28.88,Healthy
65.71,35.84,107.29,6.85,69.37,29.95,Healthy
91.53,50.35,115.58,6.16,69.64,23.83,Healthy
106.97,89.83,116.52,5.87,59.44,20.59,Moderate
18.14,80.18,122.16,4.59,76.35,27.04,Poor
136.74,79.88,135.59,7.83,78.18,31.99,Poor
41.82,42.01,114.02,5.13,75.09,20.54,Moderate
132.64,50.95,126.89,8.33,39.55,33.81,Moderate
41.74,81.07,123.89,5.68,11.69,26.64,Moderate
33.8,82.76,42.86,8.27,78.03,39.54,Poor
93.95,30.41,122.05,7.31,78.4,25.19,Healthy
18.23,99.85,126.55,5.39,60.79,15.02,Poor
88.09,39.47,60.29,5.48,29.24,27.28,Healthy
44.74,49.31,88.72,7.34,57.4,21.53,Healthy
15.49,84.1,131.49,8.42,77.18,32.11,Poor
135.2,47.56,119.16,8.32,65.74,26.23,Moderate
62.89,32.7,58.22,7.78,59.11,21.75,Healthy
109.61,41.04,85.88,5.98,46.51,34.7,Healthy
112.36,76.55,61.7,7.26,26.71,27.89,Healthy
91.63,70.22,137.24,5.72,69.17,23.4,Moderate
87.27,83.67,109.86,7.95,67.04,22.46,Moderate
149.01,94.01,67.38,4.69,31.24,37.58,Poor
143.12,84.01,62.53,4.73,46.23,25.16,Moderate
27.22,15.06,27.19,5.32,62.77,25.31,Moderate
71.17,61.85,144.22,7.53,55.2,35.08,Moderate
110.7,70.57,76.98,6.77,42.3,25.66,Healthy
47.91,38.75,67.14,6.82,44.99,17.91,Healthy
57.6,40.74,107.5,5.83,10.56,17.28,Moderate
79.58,22.91,76.72,6.8,75.34,32.7,Moderate
14.35,41.17,120.05,5.54,74.75,29.28,Moderate
22.94,27.96,136.41,8.47,70.41,23.66,Poor
117.63,26.11,60.76,7.29,77.82,26.86,Healthy
79.42,25.92,63.47,4.75,70.1,15.63,Moderate
105.69,30.96,74.04,5.63,38.0,29.76,Healthy
99.73,94.33,53.17,6.84,73.12,22.84,Healthy
131.11,95.97,127.89,6.78,60.55,27.99,Moderate
93.62,97.58,41.41,7.67,45.44,19.78,Moderate
100.09,80.28,87.47,7.85,35.61,39.67,Moderate
100.76,81.3,44.58,6.28,73.67,16.37,Moderate
66.56,79.13,112.85,7.91,61.76,40.57,Moderate
79.76,64.31,127.92,7.31,17.14,24.91,Moderate
87.36,76.7,83.82,7.61,68.63,22.16,Moderate
96.25,57.93,37.96,6.46,48.4,37.07,Healthy
74.54,12.69,75.66,7.85,49.99,23.61,Healthy
138.94,19.79,52.4,6.25,61.66,37.57,Moderate
18.2,80.24,109.48,8.08,73.03,35.99,Moderate
36.63,34.82,140.77,6.89,47.71,39.72,Moderate
132.39,74.11,132.93,4.96,63.03,41.07,Poor
16.86,26.19,120.13,6.58,16.06,22.23,Moderate
55.37,35.5,132.26,7.15,61.44,15.37,Moderate
69.85,35.19,128.53,8.32,39.63,41.27,Poor
12.01,35.94,117.37,5.94,74.47,20.9,Moderate
121.39,24.16,33.58,6.28,76.15,30.81,Moderate
98.9,5.92,13.21,4.77,67.37,21.4,Poor
56.04,62.95,89.67,6.14,10.3,27.14,Healthy
113.44,27.35,107.71,4.56,73.56,40.65,Moderate
10.34,48.49,65.0,7.87,47.85,31.51,Healthy
38.35,12.32,105.39,6.98,68.26,37.81,Moderate
98.34,56.14,137.53,7.71,71.77,41.89,Moderate
66.49,73.11,104.77,5.2,54.56,26.56,Moderate
73.09,22.11,112.99,7.29,47.26,19.23,Moderate
87.96,14.51,54.21,5.99,71.84,26.22,Moderate
93.79,88.1,66.74,8.03,19.55,24.85,Poor
23.26,58.29,143.81,7.13,53.83,22.51,Moderate
140.35,49.8,43.72,8.45,39.62,25.03,Moderate
14.89,21.94,122.33,6.43,76.84,17.26,Moderate
96.23,73.4,95.07,6.62,50.48,33.62,Healthy
130.86,36.95,71.65,7.04,32.0,19.83,Moderate
145.26,23.5,38.75,6.97,15.42,15.92,Poor
18.96,16.71,67.23,7.82,33.94,26.54,Moderate
94.04,33.7,67.72,6.05,33.93,25.49,Healthy
11.56,89.19,146.72,7.95,10.4,35.27,Poor
90.23,13.95,140.26,7.6,20.17,41.03,Poor
27.67,48.19,28.05,5.1,77.75,30.45,Poor
46.28,78.76,131.91,8.17,75.31,39.45,Poor
99.45,37.53,139.21,4.99,21.82,26.71,Moderate
49.71,63.49,136.27,6.46,48.77,26.42,Healthy
109.06,14.57,12.05,7.07,47.44,26.0,Moderate
56.76,9.92,103.68,6.19,41.17,39.12,Moderate
113.26,25.85,100.29,5.03,23.58,34.28,Moderate
27.62,31.62,135.22,7.45,75.06,38.81,Poor
53.76,65.08,59.91,7.29,34.39,15.04,Moderate
23.15,78.25,17.18,6.9,70.04,35.01,Moderate
67.88,24.82,138.77,6.77,38.38,40.44,Moderate
40.1,47.02,20.75,5.0,37.9,33.89,Moderate
57.45,70.51,121.75,8.01,13.13,35.89,Moderate
30.6,71.33,58.89,7.33,24.97,32.41,Moderate
27.57,21.13,94.1,5.85,59.26,33.5,Moderate
97.03,74.4,120.12,8.15,15.64,30.43,Moderate
114.83,25.61,43.23,5.57,50.06,24.89,Healthy
103.25,62.97,100.28,5.51,63.72,32.93,Moderate
28.29,24.02,48.64,8.24,32.84,15.54,Poor
29.83,8.06,63.41,7.69,41.53,37.65,Moderate
16.65,49.62,119.13,7.2,69.7,22.39,Moderate
80.12,69.3,29.43,7.76,31.8,17.52,Moderate
117.2,71.98,133.13,8.07,29.5,32.32,Moderate
149.88,28.16,73.57,8.14,17.22,40.06,Poor
78.34,89.84,95.1,7.19,64.11,16.81,Moderate
97.89,92.77,143.64,8.37,55.21,32.1,Poor
87.35,62.72,93.76,4.67,16.22,31.72,Moderate
53.99,33.64,33.05,7.7,77.5,31.95,Moderate
142.36,88.97,36.6,5.11,24.81,17.6,Poor
91.6,31.85,137.37,6.95,35.17,41.59,Moderate
143.45,78.97,119.79,8.41,52.03,38.76,Poor
19.08,57.64,77.86,4.65,16.09,15.59,Poor
51.16,10.08,66.36,7.75,52.97,33.19,Moderate
14.41,84.76,26.2,5.71,46.18,40.11,Moderate
149.74,79.35,110.75,6.61,56.59,18.9,Moderate
47.69,98.54,147.04,5.79,26.87,21.2,Moderate
77.88,26.26,99.03,4.8,17.26,22.48,Moderate
118.84,35.71,73.27,7.13,65.2,23.29,Healthy
112.34,32.18,98.45,6.3,74.86,41.52,Healthy
118.38,91.97,24.79,7.12,23.89,22.48,Moderate
83.2,75.49,109.62,7.98,49.15,40.01,Moderate
134.3,85.66,38.28,6.63,61.54,41.35,Moderate
11.63,36.08,54.64,5.65,67.22,16.22,Moderate
60.32,72.61,63.98,5.08,52.76,29.11,Healthy
147.46,76.11,148.0,5.25,63.31,29.89,Moderate
109.75,49.42,35.8,4.68,68.68,37.0,Moderate
32.76,66.29,111.97,6.73,32.21,38.79,Moderate
99.94,73.42,99.56,7.39,20.15,39.91,Moderate
50.01,84.47,134.54,7.1,51.88,17.94,Moderate
71.07,63.11,16.87,4.95,79.54,23.97,Poor
58.96,28.9,98.67,6.39,65.33,28.84,Healthy
12.16,50.86,13.0,7.81,17.96,20.86,Poor
74.4,23.54,83.19,6.34,76.68,17.39,Moderate
90.74,73.44,23.51,7.05,70.5,36.26,Moderate
140.92,73.46,62.13,8.18,25.77,30.76,Moderate
117.19,87.87,137.9,4.84,60.82,20.51,Poor
119.08,71.57,31.3,7.83,42.33,29.68,Healthy
146.0,67.38,90.34,4.57,23.95,15.72,Poor
56.66,37.73,81.9,7.26,22.55,31.24,Healthy
138.38,22.58,100.57,4.68,47.18,35.02,Moderate
14.77,36.7,132.3,5.4,60.6,31.53,Moderate
32.92,75.46,82.15,4.95,76.46,28.28,Poor
114.31,25.68,24.89,7.47,57.17,22.4,Healthy
114.48,52.97,55.55,7.65,53.17,28.7,Healthy
118.23,56.76,141.09,7.77,35.07,27.55,Healthy
144.03,90.04,32.72,5.6,35.51,38.76,Poor
139.84,81.22,44.98,8.05,12.3,26.42,Poor
62.87,55.85,86.29,5.4,24.32,36.7,Moderate
20.67,51.86,32.79,5.78,29.41,34.13,Moderate
73.84,33.45,125.55,4.84,63.65,21.7,Moderate
138.52,5.53,85.72,6.99,50.41,37.01,Moderate
25.7,44.48,130.24,8.05,44.88,30.07,Poor
116.95,79.06,133.77,7.88,39.01,32.54,Moderate
77.65,16.21,124.14,6.91,14.06,33.28,Moderate
49.63,11.58,92.96,7.43,46.21,15.15,Moderate
90.76,5.63,139.33,5.57,70.97,15.33,Poor
23.61,47.88,115.0,8.27,46.48,24.6,Moderate
16.24,60.45,60.11,8.14,43.6,35.67,Moderate
128.75,14.34,68.92,8.07,39.71,30.26,Moderate
132.23,27.1,134.71,6.09,51.51,23.86,Healthy
83.8,9.68,14.46,6.16,33.45,31.63,Moderate
15.31,20.93,35.39,6.26,27.28,18.72,Moderate
93.66,75.67,104.36,5.6,69.81,31.52,Moderate
96.05,25.22,40.12,6.4,26.65,33.58,Healthy
53.2,19.43,26.98,5.01,40.78,15.08,Moderate
85.93,33.34,85.11,8.24,70.83,30.56,Healthy
68.53,71.34,138.86,6.46,16.95,35.68,Moderate
11.47,77.64,17.31,4.93,64.72,33.62,Poor
88.67,82.96,128.45,6.33,79.74,24.65,Moderate
34.01,85.37,65.26,8.0,14.28,18.0,Poor
15.64,62.19,125.62,6.11,16.35,25.08,Poor
58.73,66.13,99.56,4.91,39.41,32.35,Moderate
46.24,43.67,93.99,6.11,12.16,21.01,Healthy
118.65,28.61,123.57,6.37,43.1,35.8,Healthy
63.66,27.66,20.23,7.19,42.9,36.85,Healthy
74.07,44.41,48.33,5.3,68.13,17.57,Moderate
136.3,7.56,80.73,4.73,64.57,20.71,Poor
89.23,92.06,99.14,5.21,65.77,26.92,Moderate
11.84,51.24,122.81,6.22,63.09,34.05,Moderate
73.97,35.71,110.35,5.98,21.91,23.66,Moderate
132.76,31.92,39.07,5.03,13.86,41.37,Poor
85.15,74.32,117.08,5.91,65.92,40.96,Moderate
113.85,72.61,67.67,7.87,16.22,35.24,Moderate
60.68,58.77,134.48,6.92,11.79,34.51,Moderate
140.06,65.99,129.91,7.8,70.29,24.29,Moderate
76.38,85.56,137.01,5.09,22.71,24.36,Poor
117.84,88.12,89.13,4.95,31.26,38.14,Poor
58.66,14.77,48.8,7.73,44.54,19.63,Moderate
53.77,95.59,67.63,6.27,20.71,23.22,Moderate
124.06,79.69,68.15,8.07,36.62,38.34,Moderate
14.42,37.99,128.98,8.11,62.95,33.09,Poor
124.17,72.22,41.86,6.36,56.25,30.87,Healthy
133.91,50.02,30.81,5.36,69.22,15.24,Moderate
131.68,10.28,61.79,7.7,38.53,37.2,Moderate
24.04,53.6,89.46,8.06,16.55,24.14,Poor
102.31,98.09,128.0,7.89,46.2,30.24,Moderate
130.2,87.61,121.33,7.77,71.57,18.07,Moderate
50.97,97.73,83.99,5.21,45.21,32.44,Moderate
125.95,82.16,12.14,6.31,11.44,38.98,Poor
34.35,64.36,87.74,7.0,49.44,34.32,Healthy
97.66,13.58,58.18,6.69,32.76,35.53,Moderate
54.51,83.72,26.28,7.58,22.84,29.26,Moderate
54.87,65.55,35.85,7.68,50.15,40.85,Moderate
109.65,62.7,125.23,5.38,54.29,25.54,Healthy
114.13,7.32,67.02,7.11,42.24,21.43,Healthy
75.01,85.73,34.99,5.97,79.32,39.65,Poor
14.76,55.38,14.48,8.2,40.91,26.3,Poor
48.21,59.04,26.02,7.7,44.38,30.29,Moderate
127.71,22.59,30.4,6.18,65.03,16.58,Moderate
121.32,52.57,86.46,6.76,13.93,21.74,Healthy
115.74,44.17,86.27,8.28,13.24,27.14,Moderate
60.58,15.11,142.87,8.35,31.8,40.56,Poor
14.92,98.19,126.21,5.36,51.97,36.55,Poor
54.7,38.61,96.2,5.09,18.27,21.74,Moderate
113.78,39.83,78.57,5.28,23.59,32.56,Moderate
25.17,68.44,63.1,7.19,36.72,37.84,Healthy
17.78,89.86,43.96,4.67,49.37,21.06,Poor
74.29,81.22,119.77,6.9,78.45,27.52,Moderate
15.51,82.85,37.09,5.2,14.9,23.85,Moderate
55.66,33.76,91.01,7.51,75.64,17.54,Moderate
31.05,61.04,19.23,5.98,53.72,36.07,Moderate
40.46,68.46,98.65,7.94,31.96,35.25,Moderate
115.28,27.72,95.07,7.2,29.21,27.2,Healthy
71.01,78.48,5.1,6.5,22.9,32.46,Moderate
105.25,52.61,83.59,5.76,31.93,35.12,Moderate
28.44,78.29,99.98,8.04,28.21,28.67,Moderate
15.46,91.69,102.93,6.99,61.29,22.68,Moderate
94.54,81.09,18.09,8.34,72.43,41.0,Poor
123.17,32.96,89.33,4.98,62.79,19.15,Moderate
131.36,27.85,28.26,4.78,59.8,20.03,Moderate
37.67,21.12,49.34,8.26,44.06,22.04,Moderate
33.85,6.8,57.92,4.94,11.89,17.78,Poor
54.59,76.33,14.71,7.21,53.44,38.81,Moderate
35.76,80.46,130.41,8.41,66.6,18.34,Moderate
142.6,82.42,35.79,5.16,75.55,19.2,Poor
118.79,43.5,109.95,4.87,60.75,28.82,Healthy
136.05,22.9,20.86,5.28,15.5,41.46,Poor
27.2,24.08,122.4,5.49,25.56,33.15,Moderate
65.83,84.37,97.55,5.65,51.85,38.39,Moderate
61.03,74.96,65.3,6.67,61.36,16.63,Healthy
73.69,14.05,110.13,6.93,32.89,17.06,Moderate
139.61,34.93,44.93,4.9,50.41,22.17,Moderate
128.0,69.86,5.57,6.76,26.23,15.41,Moderate
96.71,24.47,135.45,6.79,24.64,41.44,Moderate
86.5,20.72,80.0,8.34,39.69,26.48,Healthy
74.56,31.61,28.46,6.82,72.59,34.86,Moderate
23.47,43.08,5.77,5.73,56.86,22.84,Moderate
127.68,50.35,102.03,8.04,57.8,39.23,Moderate
123.13,58.87,48.1,5.69,71.27,16.45,Moderate
141.8,36.07,112.14,5.82,76.73,15.98,Poor
59.46,87.41,44.74,5.6,72.91,37.43,Moderate
24.81,60.12,37.39,5.36,53.08,18.34,Moderate
75.77,29.3,128.82,6.72,25.06,40.01,Moderate
125.21,30.2,144.35,5.57,30.49,25.42,Moderate
33.07,70.27,85.81,8.08,26.86,19.6,Moderate
60.21,18.88,142.19,7.37,65.73,35.2,Moderate
43.99,18.36,67.27,7.82,33.14,15.26,Moderate
102.41,24.01,83.71,4.56,45.62,25.63,Healthy
133.26,73.57,10.22,7.66,65.39,32.91,Moderate
140.1,81.31,36.74,6.03,34.49,28.63,Moderate
143.52,63.48,50.38,8.27,59.02,22.18,Moderate
136.91,37.7,79.85,6.42,74.65,22.17,Healthy
56.66,67.72,133.56,4.96,24.69,40.6,Poor
118.82,37.88,56.86,6.38,57.17,30.15,Healthy
118.66,10.15,123.76,4.73,71.67,16.17,Poor
27.9,22.12,37.34,6.11,55.88,39.1,Moderate
83.43,55.59,51.3,7.7,17.73,23.13,Healthy
23.58,25.35,90.06,5.0,17.04,37.3,Poor
26.56,62.77,56.04,8.09,59.53,16.6,Poor
135.37,44.32,48.24,7.19,60.26,23.19,Healthy
59.23,19.85,91.05,8.33,39.16,41.9,Moderate
34.7,80.63,139.58,7.25,17.65,23.82,Poor
21.99,62.17,149.73,6.0,21.41,22.25,Moderate
89.91,59.05,38.32,7.5,16.16,31.82,Healthy
69.6,17.08,96.99,7.19,40.8,36.55,Healthy
81.3,32.15,143.27,8.28,16.69,40.54,Poor
118.57,15.13,80.3,4.64,51.22,40.2,Moderate
61.55,53.32,38.0,6.66,66.18,20.81,Healthy
87.49,38.69,113.44,7.31,58.92,25.2,Healthy
93.9,66.85,103.72,6.8,70.68,21.72,Healthy
17.81,96.44,13.81,8.11,52.86,39.81,Poor
89.09,83.0,109.59,6.6,35.43,15.08,Moderate
45.13,95.42,44.94,7.51,45.59,23.33,Moderate
148.75,9.46,89.4,6.35,15.36,20.78,Poor
107.19,15.29,121.15,7.0,17.06,22.74,Moderate
29.2,80.77,82.28,4.51,48.0,28.04,Moderate
100.03,8.31,10.14,5.9,58.2,33.0,Moderate
48.96,25.53,104.05,4.61,48.97,26.45,Moderate
43.47,54.43,36.49,6.76,20.43,25.95,Healthy
81.46,8.01,93.55,7.5,76.93,20.48,Moderate
39.22,33.96,134.16,6.13,31.13,35.01,Moderate
15.32,57.14,70.28,7.0,61.18,23.77,Healthy
99.1,54.81,24.43,8.03,62.82,39.88,Moderate
110.86,28.26,67.43,6.05,12.51,26.08,Healthy
58.38,5.37,127.83,5.08,45.07,36.19,Poor
94.63,21.09,94.64,7.53,69.83,23.6,Moderate
14.75,62.76,37.74,7.62,57.59,35.88,Moderate
145.45,60.53,136.13,7.07,22.72,36.58,Moderate
107.12,97.9,40.3,5.83,67.5,16.7,Moderate
98.65,55.87,29.48,5.16,66.71,15.42,Moderate
114.56,74.6,99.2,6.14,11.98,36.65,Moderate
27.6,31.67,142.28,5.71,27.86,41.28,Poor
22.03,20.27,68.56,7.65,71.91,35.4,Moderate
146.66,6.6,94.83,4.97,73.73,40.25,Poor
52.42,83.63,96.39,4.9,52.19,41.35,Moderate
53.13,5.11,146.63,6.16,40.17,34.24,Moderate
94.61,33.69,19.5,7.81,43.84,33.16,Moderate
130.47,6.68,129.61,7.51,76.28,21.31,Poor
55.14,67.84,139.24,8.47,39.17,29.56,Moderate
33.88,70.93,126.42,7.69,34.21,41.01,Poor
26.85,51.93,85.42,6.65,63.05,31.46,Healthy
20.8,22.09,82.17,7.28,45.99,24.6,Healthy
17.16,79.66,77.09,6.66,42.83,22.16,Healthy
48.69,11.03,107.6,5.59,30.9,41.82,Moderate
64.01,53.52,61.04,5.66,10.41,38.08,Moderate
76.24,73.39,144.01,4.51,57.25,18.2,Moderate
74.12,85.44,15.37,8.46,50.66,25.66,Poor
12.73,60.75,76.76,5.36,44.33,15.35,Moderate
149.93,36.55,74.63,7.64,59.89,38.99,Moderate
141.79,22.97,61.61,7.25,13.15,34.36,Moderate
10.68,91.84,109.13,6.76,40.02,41.68,Poor
113.11,81.69,124.68,4.59,13.83,20.36,Moderate
101.73,64.28,52.15,8.39,16.52,35.97,Moderate
77.32,44.79,8.71,7.41,64.01,23.61,Healthy
82.37,62.61,58.31,6.96,40.39,38.71,Healthy
110.59,15.5,120.94,5.85,75.49,31.29,Moderate
13.86,74.76,23.96,8.01,76.38,33.77,Poor
84.6,62.2,67.18,4.83,75.02,23.89,Moderate
53.8,23.18,148.9,8.27,34.46,22.02,Moderate
122.75,45.15,145.33,8.1,63.16,17.43,Moderate
108.3,98.79,59.13,8.03,38.57,41.23,Poor
101.5,14.17,74.46,4.7,37.66,39.72,Poor
42.51,95.3,19.49,7.16,77.6,32.66,Poor
135.86,99.15,98.07,7.63,12.24,26.54,Poor
50.36,83.3,103.25,6.96,75.21,17.4,Moderate
143.54,14.57,55.32,7.02,33.9,33.43,Moderate
118.56,83.71,31.0,5.23,13.66,28.25,Moderate
29.25,35.27,126.86,8.29,67.55,15.02,Poor
89.52,20.83,59.48,6.21,76.01,32.11,Moderate
47.47,66.07,143.02,4.74,67.12,20.86,Moderate
31.44,90.39,5.27,7.46,16.11,31.69,Poor
96.93,86.96,124.28,7.24,36.64,19.49,Moderate
99.0,52.21,16.3,8.32,32.01,15.06,Poor
136.24,59.82,111.29,5.11,38.32,32.42,Moderate
45.14,71.64,38.87,5.34,10.81,22.61,Moderate
44.54,77.61,87.61,5.21,49.77,21.09,Moderate
69.57,89.38,109.29,7.1,29.7,18.36,Moderate
115.41,58.95,95.3,8.4,34.38,36.62,Moderate
88.25,27.35,12.67,6.96,30.83,33.78,Moderate
108.1,48.27,82.78,7.01,42.8,38.69,Healthy
20.63,98.08,9.85,5.33,59.58,17.29,Poor
46.7,19.63,109.92,6.82,14.51,27.42,Moderate
39.19,96.93,20.65,6.89,43.73,30.61,Moderate
143.91,37.42,113.57,6.29,56.25,24.87,Healthy
41.8,12.94,19.75,8.34,65.19,21.61,Poor
84.08,72.85,56.12,6.26,60.29,21.14,Healthy
83.69,24.96,5.45,7.26,59.51,41.88,Moderate
35.34,75.26,142.46,7.08,77.42,41.85,Poor
122.23,99.93,95.74,6.49,74.23,37.44,Moderate
25.42,33.76,42.79,7.92,26.33,23.21,Moderate
82.63,12.23,144.38,6.46,23.33,22.31,Moderate
121.73,65.23,72.37,5.83,73.05,35.86,Moderate
110.54,47.37,147.27,7.34,39.65,40.93,Moderate
135.4,75.3,116.21,6.19,45.51,20.17,Moderate
93.36,40.14,55.38,8.29,21.53,37.41,Moderate
49.41,7.72,10.87,6.22,41.81,23.65,Moderate
103.63,51.11,15.75,5.89,17.14,16.7,Poor
39.16,71.55,105.92,7.95,62.95,29.46,Moderate
53.77,5.55,98.83,5.66,27.51,41.32,Moderate
34.39,8.08,142.66,5.72,37.54,17.19,Poor
66.57,97.36,105.63,6.4,31.52,24.88,Moderate
95.57,29.17,27.03,7.28,70.86,39.34,Moderate
127.8,55.41,119.38,8.21,11.64,26.13,Moderate
38.58,99.69,139.79,7.71,30.71,40.71,Poor
14.1,22.86,94.45,7.67,71.85,23.11,Moderate
64.71,48.21,8.91,7.96,33.66,20.38,Moderate
67.29,72.5,131.28,5.36,22.08,40.48,Moderate
87.13,39.75,33.9,8.48,60.34,20.88,Healthy
22.78,23.93,40.92,4.94,26.08,18.15,Moderate
62.88,51.19,71.02,7.82,27.78,38.95,Moderate
137.14,96.18,31.24,5.48,53.67,18.8,Moderate
21.99,12.0,92.89,7.72,28.12,40.21,Poor
120.87,12.36,64.06,4.77,74.06,35.06,Moderate
106.12,69.86,46.35,8.23,74.59,34.97,Moderate
75.65,9.48,9.11,5.05,51.7,36.55,Poor
142.79,21.66,44.95,4.72,79.23,36.08,Poor
77.3,59.68,86.52,5.52,22.98,23.02,Healthy
44.6,57.97,49.69,7.42,49.76,29.37,Healthy
143.18,35.63,97.11,4.5,61.58,28.57,Moderate
39.17,5.14,107.51,7.15,56.58,26.81,Moderate
99.5,59.28,39.64,6.58,46.02,37.24,Healthy
70.69,46.43,147.74,8.08,26.96,39.58,Poor
29.32,86.07,31.58,6.2,78.87,17.62,Poor
127.57,52.0,21.09,8.31,48.45,38.78,Moderate
131.67,6.39,43.4,5.85,47.44,16.94,Moderate
64.46,82.39,30.11,7.31,42.22,16.91,Healthy
34.83,18.4,94.86,4.85,67.61,36.78,Moderate
21.21,89.38,144.08,4.67,76.52,22.55,Poor
103.07,21.61,123.53,7.87,78.48,41.8,Moderate
20.62,67.51,44.59,5.0,20.42,40.28,Poor
105.71,9.79,147.71,7.73,31.64,27.71,Moderate
111.72,69.22,72.15,6.55,13.02,28.52,Healthy
57.63,32.08,44.1,7.1,40.05,26.5,Healthy
32.29,96.38,37.47,6.12,23.31,33.98,Moderate
71.06,44.3,131.89,7.54,46.39,27.65,Healthy
144.39,95.86,107.19,7.54,72.94,41.04,Poor
21.52,99.75,106.94,6.87,38.92,24.08,Moderate
122.59,67.17,34.1,6.94,19.88,28.42,Healthy
91.68,65.39,26.06,4.88,28.11,31.39,Moderate
140.44,79.02,113.13,5.82,17.82,39.08,Poor
80.12,14.55,82.57,7.2,32.39,15.25,Moderate
97.02,8.81,67.76,7.8,79.92,25.0,Moderate
12.82,51.83,45.06,8.07,59.81,25.92,Moderate
116.68,37.41,80.66,8.19,24.01,23.45,Healthy
133.98,48.88,51.09,4.65,39.33,28.52,Healthy
66.89,31.36,58.52,7.07,72.39,32.54,Healthy
100.46,82.6,28.95,5.7,13.54,24.44,Moderate
149.84,36.28,129.67,4.84,42.18,24.49,Poor
38.22,40.39,99.44,6.46,69.1,39.43,Moderate
77.46,98.26,15.44,5.61,39.17,30.73,Moderate
86.43,58.96,134.96,5.61,67.18,30.07,Moderate
78.67,33.44,49.09,6.05,63.45,27.87,Healthy
31.54,77.19,101.19,8.3,47.06,32.67,Moderate
77.11,69.67,68.24,5.05,79.07,34.45,Moderate
95.21,50.73,108.16,5.01,32.83,18.37,Moderate
27.64,7.03,114.6,5.41,68.24,39.42,Poor
33.6,72.34,71.74,8.18,43.91,25.23,Moderate
51.24,90.84,37.8,7.81,23.59,32.37,Moderate
73.15,14.94,23.26,5.63,63.67,34.68,Moderate
38.72,50.24,19.06,7.36,65.53,39.12,Moderate
134.0,37.1,41.91,8.09,20.22,16.6,Moderate
53.99,77.23,105.66,8.45,35.17,22.45,Moderate
62.95,79.31,36.07,8.29,45.88,36.14,Moderate
125.82,50.49,112.5,5.96,66.76,37.25,Moderate
89.27,25.72,145.68,8.29,53.39,41.56,Poor
80.39,40.67,71.77,4.68,48.44,32.99,Healthy
25.33,29.28,109.57,7.67,79.01,21.84,Moderate
127.8,21.35,23.98,7.42,41.21,36.44,Moderate
49.56,25.25,84.58,4.96,29.51,19.49,Moderate
54.81,77.72,22.51,6.95,50.93,29.53,Moderate
77.79,68.07,128.51,5.15,66.99,16.66,Poor
77.5,53.59,33.65,4.86,15.24,16.01,Poor
90.3,19.77,122.26,8.1,30.47,19.44,Moderate
67.35,88.75,62.97,4.93,78.93,28.49,Poor
57.93,89.89,139.47,6.49,31.47,28.03,Moderate
40.7,50.43,38.27,6.99,63.19,41.17,Healthy
127.96,13.18,35.67,6.63,28.03,15.39,Moderate
115.67,38.99,14.58,6.54,78.4,33.32,Moderate
32.23,53.86,135.75,4.72,54.65,34.47,Poor
108.56,19.27,136.56,5.79,13.62,17.25,Moderate
74.06,8.8,118.04,7.96,10.94,36.87,Moderate
147.37,7.88,110.12,8.5,65.8,28.64,Poor
133.88,72.25,47.41,5.4,45.88,25.07,Moderate
56.13,21.9,127.57,7.32,33.19,21.42,Moderate
27.94,15.69,95.69,4.94,77.21,22.54,Poor
13.61,86.26,58.3,5.87,18.3,32.83,Poor
60.23,83.18,96.44,8.02,53.58,36.04,Moderate
107.52,48.95,104.86,7.15,10.47,33.86,Moderate
46.7,56.47,21.14,4.59,11.06,19.27,Moderate
12.78,17.58,86.08,6.1,78.65,36.83,Moderate
30.55,44.59,67.49,5.95,44.69,33.09,Moderate
99.72,38.92,107.23,5.66,68.48,41.04,Moderate
51.26,79.55,122.95,6.46,16.14,36.23,Moderate
67.05,24.77,95.86,6.25,16.13,41.56,Moderate
44.25,53.54,101.76,4.96,61.76,32.5,Moderate
79.13,55.19,143.45,8.14,17.84,24.96,Poor
82.35,92.4,123.4,6.05,72.03,25.21,Moderate
47.97,62.94,56.61,6.99,38.68,36.49,Healthy
143.6,30.68,78.95,7.4,21.1,36.49,Moderate
91.62,19.23,130.89,6.21,22.36,20.28,Moderate
119.97,93.89,59.85,4.82,17.06,32.67,Poor
61.91,45.48,53.87,6.36,55.05,29.61,Healthy
32.99,51.67,71.79,6.68,17.75,19.15,Moderate
84.23,31.17,96.21,5.99,25.45,32.72,Moderate
65.15,19.97,122.28,6.23,74.05,20.22,Moderate
132.69,82.51,20.07,6.63,55.76,28.38,Moderate
64.64,94.67,106.62,8.36,69.24,37.06,Moderate
111.59,66.38,133.6,6.95,15.27,30.73,Moderate
24.4,95.18,98.77,6.72,23.85,28.93,Moderate
57.95,69.16,92.64,6.5,27.69,29.2,Healthy
74.64,85.87,134.68,7.54,32.37,16.03,Poor
139.55,99.24,23.42,7.24,39.76,19.01,Moderate
149.73,93.66,147.48,5.08,44.43,39.19,Poor
104.52,46.29,79.92,4.65,52.81,38.21,Moderate
10.39,20.2,80.11,6.74,34.03,15.75,Moderate
114.1,28.08,98.46,6.74,40.16,30.94,Healthy
107.31,59.36,85.84,6.24,40.1,28.26,Healthy
73.29,46.71,35.5,7.4,19.31,39.54,Moderate
97.48,9.65,100.55,5.95,75.08,40.27,Poor
128.43,58.95,138.28,7.1,71.26,19.32,Moderate
136.59,67.85,48.97,8.49,58.08,39.53,Poor
10.78,57.47,108.32,4.55,63.38,32.59,Moderate
48.47,70.45,23.98,7.8,70.64,28.11,Moderate
81.04,43.2,55.07,7.99,31.34,25.88,Healthy
51.99,67.39,123.06,5.16,27.83,17.81,Moderate
32.43,43.65,117.5,6.67,13.73,31.88,Moderate
121.34,42.38,40.53,7.56,11.67,37.02,Moderate
122.6,89.36,17.97,4.93,71.09,27.83,Poor
64.93,59.46,13.49,7.07,76.16,33.24,Moderate
75.03,96.28,104.83,4.73,56.9,16.61,Poor
53.01,63.49,36.26,4.65,53.26,22.72,Healthy
84.61,29.81,104.53,8.08,16.06,36.23,Moderate
31.85,36.29,56.82,5.33,15.27,35.75,Moderate
121.11,99.7,140.52,6.24,19.34,15.29,Poor
84.41,86.75,43.85,5.3,40.73,39.13,Moderate
73.23,73.66,72.07,5.99,40.86,35.75,Moderate
115.62,46.02,43.8,5.06,10.1,18.06,Moderate
33.05,70.54,123.6,7.45,60.63,41.85,Moderate
144.76,30.54,26.04,5.11,72.69,17.76,Moderate
57.62,55.38,93.95,6.88,65.05,30.44,Healthy
129.15,13.04,129.55,6.86,25.61,41.4,Poor
141.56,85.34,137.18,6.03,25.95,19.94,Poor
132.33,83.53,147.24,7.89,54.27,18.84,Moderate
33.08,50.0,116.33,5.19,74.09,33.46,Moderate
53.72,89.15,91.8,7.43,36.98,25.63,Healthy
11.77,56.1,115.32,8.38,72.46,17.35,Moderate
147.27,19.2,10.96,7.5,73.41,40.64,Poor
125.5,24.47,27.33,4.74,50.74,28.15,Moderate
25.3,49.16,87.26,7.39,38.99,23.6,Healthy
103.2,70.0,44.21,4.58,76.2,35.39,Moderate
38.15,58.74,91.27,5.0,23.42,40.83,Moderate
81.12,23.19,120.65,6.38,54.69,23.03,Healthy
18.11,20.67,146.09,6.99,68.18,15.58,Poor
117.16,51.07,101.47,5.93,53.46,15.96,Moderate
16.38,80.89,23.05,4.56,73.87,22.17,Moderate
91.53,84.7,113.16,4.69,49.27,29.63,Moderate
59.01,76.59,144.78,5.09,20.17,34.84,Moderate
73.62,80.55,25.46,4.66,58.86,41.86,Moderate
23.27,87.11,60.87,4.57,45.7,22.53,Poor
107.08,32.34,74.85,5.3,67.97,39.99,Moderate
66.47,47.64,147.49,5.07,66.6,30.32,Moderate
133.3,32.78,47.94,5.8,11.16,19.59,Moderate
149.24,28.65,7.89,5.61,38.59,29.79,Moderate
19.6,80.09,124.7,5.35,65.89,24.76,Moderate
69.24,93.96,134.33,6.0,44.17,22.74,Moderate
82.16,69.78,18.44,8.18,60.32,17.61,Moderate
131.66,75.65,50.4,6.59,70.21,41.14,Moderate
49.35,66.8,129.74,8.45,14.95,28.6,Poor
132.31,5.3,68.4,6.84,46.85,34.78,Moderate
19.17,79.61,46.06,7.8,39.36,16.16,Moderate
144.95,79.15,55.43,5.58,51.23,41.66,Moderate
50.62,95.09,52.91,7.32,36.72,17.3,Moderate
141.07,20.57,141.98,4.91,28.69,39.86,Poor
102.2,23.0,90.85,5.22,71.21,16.35,Moderate
84.17,11.03,105.78,8.24,68.17,25.04,Moderate
43.17,16.5,131.68,4.82,54.02,24.92,Moderate
149.41,53.34,84.57,8.17,77.87,30.76,Poor
121.47,65.3,66.97,4.73,60.24,33.91,Moderate
26.34,26.86,111.16,5.1,58.37,34.39,Moderate
59.47,29.53,59.09,5.94,52.49,35.08,Moderate
130.65,7.85,110.35,5.76,68.7,17.04,Moderate
87.16,57.12,52.34,8.38,17.48,18.68,Moderate
100.2,53.86,43.35,5.72,20.99,38.43,Moderate
89.73,28.26,62.05,8.13,72.08,16.87,Moderate
101.57,19.53,35.58,7.96,72.66,17.23,Moderate
132.35,74.21,117.48,7.67,45.51,40.57,Moderate
38.05,52.97,51.19,7.79,15.79,26.71,Moderate
118.29,34.67,39.87,5.55,59.95,22.74,Healthy
66.38,56.84,141.41,7.68,22.97,38.84,Moderate
128.27,75.8,79.95,4.78,59.81,29.0,Moderate
53.37,5.94,38.5,6.92,17.86,32.7,Moderate
124.75,35.23,16.89,5.06,35.05,36.96,Moderate
98.8,87.45,149.19,5.31,58.64,27.6,Moderate
79.09,35.93,54.66,7.21,53.46,23.6,Healthy
26.6,59.93,112.21,6.73,10.26,22.62,Moderate
119.0,75.54,6.51,6.38,40.61,32.61,Moderate
27.5,64.03,142.3,5.99,33.61,15.76,Poor
18.04,93.5,146.45,4.52,73.05,19.7,Poor
88.59,69.42,57.06,6.62,53.93,20.24,Healthy
149.2,24.37,6.5,8.28,40.04,25.76,Poor
48.59,7.45,43.36,6.07,46.42,27.36,Healthy
133.07,91.58,50.99,8.34,70.55,40.05,Poor
108.89,23.84,33.31,8.13,45.49,39.04,Moderate
110.88,25.19,60.79,8.37,11.37,34.29,Moderate
147.03,14.89,44.44,6.69,69.06,28.68,Moderate
18.34,17.08,59.51,5.79,25.38,37.68,Moderate
13.76,83.79,138.64,7.02,53.77,19.02,Moderate
89.56,40.64,38.21,6.83,10.08,22.46,Healthy
101.85,48.23,26.12,4.51,28.93,29.82,Moderate
84.84,17.45,93.99,8.5,50.94,29.25,Healthy
97.17,88.57,142.17,4.66,24.35,18.13,Poor
118.13,9.33,135.88,4.58,52.18,22.44,Poor
75.88,46.98,113.59,6.49,39.49,34.72,Healthy
139.61,80.42,111.82,6.45,73.02,28.13,Moderate
140.24,81.28,26.79,4.69,61.86,33.52,Moderate
94.29,97.74,84.08,5.89,49.55,15.77,Moderate
91.1,90.73,5.63,7.88,66.14,17.86,Moderate
128.56,77.54,76.2,5.48,30.17,31.53,Moderate
44.48,35.91,139.97,7.42,61.53,40.81,Moderate
10.81,28.23,100.41,6.25,17.9,36.09,Moderate
16.59,56.67,86.56,7.04,32.09,15.64,Moderate
134.46,93.27,74.89,4.58,50.66,23.53,Moderate
35.55,21.05,30.99,5.82,29.64,37.58,Moderate
79.34,45.63,26.15,8.0,13.84,21.47,Moderate
97.01,71.72,121.17,6.14,34.27,22.79,Moderate
89.53,38.12,52.57,4.57,76.38,16.64,Poor
47.92,92.53,111.63,6.81,56.26,17.62,Moderate
123.21,28.76,143.65,5.43,53.78,29.72,Moderate
30.03,39.48,118.29,5.35,77.4,22.98,Moderate
97.74,63.79,73.26,7.12,62.05,31.71,Healthy
88.4,62.63,63.28,4.78,21.18,31.38,Healthy
139.8,7.45,83.89,5.51,49.32,35.24,Moderate
112.96,73.86,117.94,4.79,45.67,22.07,Moderate
138.98,79.37,20.59,5.47,41.87,41.0,Moderate
25.35,58.96,54.49,7.09,55.41,21.5,Healthy
120.01,13.67,123.63,5.35,51.27,24.38,Moderate
95.37,30.4,87.5,4.53,36.21,37.31,Healthy
74.82,52.43,95.13,6.24,70.7,25.89,Healthy
141.96,88.31,66.06,5.96,57.36,35.39,Moderate
36.02,27.9,26.21,7.54,60.01,20.1,Moderate
85.16,77.6,142.32,5.21,31.3,24.41,Moderate
97.5,17.96,33.05,7.62,47.94,19.33,Moderate
64.38,17.78,57.59,6.1,17.85,16.62,Moderate
133.42,89.33,5.37,7.06,16.56,36.87,Poor
133.14,63.58,93.91,5.99,27.46,28.48,Moderate
28.72,68.86,73.16,5.21,51.18,36.47,Moderate
92.43,55.32,127.92,4.54,53.17,26.06,Moderate
37.1,98.06,63.55,5.84,21.83,41.94,Moderate
129.85,11.65,87.03,5.09,60.1,28.07,Moderate
25.45,57.92,137.05,5.86,13.56,40.52,Poor
29.85,50.13,83.98,5.45,22.42,18.05,Moderate
19.79,53.27,127.09,5.01,59.04,26.14,Poor
14.93,55.92,41.54,6.92,34.45,32.99,Moderate
138.59,28.23,141.28,5.32,14.95,20.2,Poor
124.09,69.37,145.77,7.34,38.88,39.1,Moderate
144.14,80.21,85.71,7.8,22.53,39.31,Moderate
149.94,68.19,33.4,5.08,77.16,38.53,Poor
114.82,95.17,77.99,8.05,21.4,19.94,Moderate
81.73,36.59,67.72,7.69,13.74,34.46,Moderate
22.35,85.51,34.28,7.44,51.43,25.41,Moderate
47.46,10.46,56.24,5.3,19.51,34.94,Moderate
39.75,26.2,54.37,6.35,45.96,32.94,Healthy
92.39,50.76,62.12,5.56,59.7,23.57,Healthy
128.94,60.69,96.92,6.54,75.0,26.38,Healthy
69.78,89.84,92.71,6.3,28.35,21.62,Healthy
122.2,31.55,5.83,4.58,78.49,30.12,Poor
78.46,92.2,55.99,7.68,60.53,27.88,Healthy
118.45,96.75,34.09,4.57,67.5,25.9,Moderate
86.22,26.13,127.06,7.38,76.74,27.83,Moderate
146.72,53.53,95.11,7.2,44.28,30.2,Healthy
41.26,39.42,106.79,4.66,59.03,23.2,Moderate
48.06,70.88,36.17,8.35,79.35,27.37,Moderate
66.2,12.51,117.84,5.15,75.31,41.75,Poor
27.14,69.89,72.57,6.66,22.57,34.54,Moderate
33.33,89.1,70.83,7.04,74.53,34.92,Moderate
85.72,43.25,72.01,5.87,76.23,21.83,Healthy
67.31,78.93,57.83,8.05,27.02,15.85,Moderate
98.03,53.28,140.29,6.19,19.49,23.9,Moderate
65.05,60.4,44.8,6.7,73.56,26.44,Healthy
101.22,26.75,121.19,5.58,50.59,23.11,Healthy
19.44,35.37,35.74,8.07,28.63,41.31,Poor
78.93,26.0,61.74,5.23,68.36,18.24,Moderate
132.29,9.36,48.44,5.06,57.97,28.83,Moderate
141.51,39.79,10.91,7.55,50.57,37.34,Moderate
69.66,75.13,29.8,8.5,22.16,37.4,Moderate
39.74,79.34,129.88,8.01,43.3,26.58,Moderate
126.73,60.05,95.09,5.44,41.23,24.98,Healthy
103.15,23.67,63.83,7.89,48.25,39.19,Moderate
42.55,46.79,77.56,6.1,57.91,19.02,Healthy
82.72,18.18,96.23,7.82,11.4,27.34,Moderate
78.98,73.42,15.83,6.12,64.98,29.37,Healthy
114.98,39.58,138.41,4.81,16.38,29.27,Poor
75.92,65.65,38.21,5.4,62.44,22.88,Healthy
111.82,65.87,17.08,7.34,71.57,37.05,Moderate
11.24,56.27,137.43,6.89,30.32,20.25,Moderate
105.89,78.27,137.32,8.12,33.75,31.3,Moderate
24.21,13.97,15.36,8.21,20.67,28.02,Poor
70.63,35.85,82.97,4.51,36.61,27.94,Healthy
122.46,71.59,128.22,6.01,19.86,25.83,Moderate
144.83,25.36,30.34,8.28,76.49,19.03,Poor
117.72,45.83,76.37,6.49,77.79,19.99,Healthy
118.23,5.54,96.15,7.11,62.76,40.0,Moderate
115.54,74.55,41.8,8.47,42.79,26.27,Healthy
80.26,42.44,91.08,5.9,26.8,40.06,Moderate
139.9,52.14,144.51,6.16,37.12,39.76,Poor
98.61,77.44,64.85,6.13,15.83,41.1,Moderate
41.91,51.96,21.62,7.09,37.36,35.73,Moderate
83.97,17.3,6.56,5.35,60.7,37.37,Moderate
57.79,55.91,39.8,8.02,77.56,35.33,Moderate
22.44,46.53,148.62,5.42,56.93,40.34,Poor
118.25,62.84,78.47,8.22,37.63,39.33,Moderate
70.35,76.87,137.78,6.7,31.69,16.38,Moderate
123.3,64.09,43.14,8.01,74.42,38.95,Moderate
94.21,97.78,131.85,4.92,78.68,29.82,Poor
138.81,77.23,98.9,5.81,11.89,22.47,Moderate
106.01,87.0,5.34,5.33,57.11,22.66,Moderate
29.84,12.78,97.49,6.88,70.1,23.5,Moderate
29.14,80.92,148.29,5.94,70.57,35.59,Moderate
137.62,45.32,19.69,4.97,63.42,38.31,Poor
73.98,10.66,14.67,6.89,74.3,25.79,Moderate
101.09,56.49,134.01,7.83,23.95,33.29,Moderate
128.65,93.37,90.54,5.2,49.08,32.98,Moderate
48.15,97.44,38.25,8.15,39.76,15.01,Poor
86.06,64.69,131.06,6.66,16.59,40.02,Poor
89.15,30.8,135.33,4.98,16.82,29.45,Poor
97.48,53.54,139.7,5.55,79.32,15.52,Poor
26.59,22.64,16.54,6.25,70.58,37.16,Moderate
114.27,5.7,130.53,6.09,61.21,34.63,Moderate
34.85,53.96,139.3,5.55,60.05,40.87,Poor
60.49,41.83,70.62,7.74,40.75,28.13,Healthy
41.12,98.89,134.39,6.9,77.24,33.55,Poor
144.27,20.35,37.69,8.04,39.39,25.02,Moderate
115.61,64.88,54.89,6.09,38.59,18.41,Healthy
42.14,56.07,118.36,6.18,36.83,32.56,Moderate
32.02,41.17,35.18,7.11,17.87,27.09,Moderate
93.47,84.2,110.06,8.27,57.59,24.43,Moderate
42.44,10.38,45.25,5.05,35.85,33.97,Moderate
106.88,35.23,78.74,5.37,45.21,28.77,Healthy
52.18,29.65,147.04,6.65,49.35,15.21,Moderate
35.46,38.88,145.07,5.2,31.23,41.73,Moderate
77.36,35.25,96.98,6.49,77.02,17.25,Healthy
120.68,31.51,121.97,7.89,69.45,38.4,Moderate
110.54,18.53,12.53,5.86,44.65,23.17,Moderate
113.91,73.63,145.93,6.1,65.0,35.01,Moderate
148.42,78.49,46.12,4.56,77.77,34.33,Poor
123.76,80.36,111.69,7.51,75.06,39.68,Moderate
63.09,7.94,10.61,6.29,68.45,37.89,Moderate
66.61,33.65,78.46,7.83,54.55,18.77,Healthy
60.71,57.77,83.05,7.82,75.25,17.71,Moderate
41.42,42.25,47.98,6.13,12.85,16.78,Moderate
127.37,14.75,124.49,5.73,31.65,17.72,Moderate
11.86,38.75,126.13,8.18,14.31,15.83,Poor
32.23,77.8,34.71,5.42,72.23,38.62,Moderate
103.84,20.58,60.27,5.44,57.03,36.06,Moderate
29.9,90.31,72.11,7.68,13.61,24.74,Poor
12.07,73.26,16.52,5.85,64.72,35.22,Moderate
99.64,70.93,99.43,7.07,34.48,15.76,Moderate
71.86,9.32,72.99,6.36,22.51,36.18,Moderate
108.59,58.16,139.26,5.65,28.34,19.95,Moderate
86.22,24.51,130.99,5.72,44.37,29.3,Moderate
53.07,75.15,105.35,7.54,52.41,27.42,Moderate
72.85,73.07,59.67,6.25,21.46,33.35,Moderate
20.77,99.1,25.84,6.03,26.64,22.85,Moderate
55.14,73.24,30.63,5.56,17.08,23.95,Moderate
141.77,41.11,117.71,6.35,41.47,37.25,Moderate
13.75,87.16,75.36,5.9,73.48,24.18,Moderate
146.88,93.95,43.85,5.86,66.85,20.28,Moderate
112.47,17.27,34.81,6.5,62.21,34.96,Healthy
95.25,30.85,65.23,5.48,29.39,23.73,Healthy
93.84,24.72,11.17,7.27,11.53,41.21,Poor
59.04,5.63,133.26,6.9,67.22,26.75,Moderate
59.59,67.24,63.87,6.72,29.45,23.98,Healthy
21.51,79.23,55.58,8.4,28.18,27.83,Moderate
52.77,70.92,122.21,6.45,35.68,35.11,Moderate
36.8,61.95,111.38,5.58,55.9,34.85,Moderate
26.44,35.77,63.91,7.6,49.73,27.14,Healthy
54.63,5.39,7.93,5.46,18.17,18.23,Poor
94.38,62.52,11.49,6.88,20.21,25.19,Healthy
148.56,54.59,9.96,5.89,56.96,21.06,Moderate
145.02,45.4,8.06,6.66,57.33,27.31,Moderate
139.94,90.68,25.15,4.82,31.86,31.42,Poor
94.22,30.81,142.91,5.73,66.29,37.46,Moderate
23.78,27.09,36.2,8.18,34.58,37.58,Moderate
76.92,48.44,136.0,6.26,62.14,26.46,Healthy
24.26,10.04,35.19,7.39,36.16,27.26,Moderate
24.26,64.19,121.5,7.0,78.92,15.44,Poor
12.19,52.5,43.63,7.25,65.52,17.77,Moderate
138.43,7.84,104.82,6.04,56.72,17.64,Moderate
141.19,94.05,80.31,6.54,54.44,30.66,Moderate
86.1,60.97,129.5,6.94,23.71,39.68,Moderate
40.23,20.69,149.57,5.35,17.01,30.17,Moderate
125.81,10.77,76.07,4.77,40.01,24.29,Moderate
29.2,93.45,97.06,7.87,73.42,40.12,Poor
114.74,34.16,125.2,6.58,29.02,25.42,Healthy
52.17,49.29,118.29,6.44,28.75,17.36,Moderate
129.81,44.65,69.08,7.55,69.48,28.8,Moderate
98.53,27.72,140.58,6.77,60.37,18.08,Healthy
99.17,40.05,70.26,7.23,65.74,24.43,Healthy
132.25,25.8,86.62,5.11,30.25,39.18,Moderate
11.62,91.98,52.62,7.28,16.42,32.31,Poor
137.32,57.74,57.51,7.67,59.89,18.18,Moderate
103.2,68.14,114.03,5.77,38.09,40.92,Moderate
90.28,53.31,148.09,5.42,37.86,35.52,Moderate
109.83,96.84,99.87,5.75,37.84,17.42,Moderate
139.32,17.22,84.13,6.11,19.4,22.91,Moderate
98.7,7.97,145.07,8.14,15.92,38.45,Poor
56.0,11.41,49.39,7.74,56.61,21.44,Moderate
110.68,72.24,112.71,6.66,67.33,32.32,Moderate
27.56,81.97,51.95,7.32,57.26,24.07,Healthy
32.64,71.02,128.11,7.85,53.86,21.14,Moderate
54.27,76.69,64.57,7.43,31.66,15.17,Moderate
94.49,62.09,96.0,5.57,66.77,28.16,Healthy
116.73,63.05,65.33,7.22,50.25,28.79,Healthy
100.8,13.16,136.99,5.84,25.73,35.84,Moderate
42.37,99.6,65.97,5.69,14.34,16.13,Poor
23.32,5.48,52.43,5.74,40.11,21.29,Moderate
18.78,11.76,31.41,5.77,20.36,24.86,Moderate
139.11,29.85,29.42,7.16,44.36,16.28,Moderate
120.29,72.96,146.71,8.25,50.9,33.52,Moderate
67.33,89.4,85.16,5.8,10.66,30.83,Moderate
83.56,82.13,32.12,7.76,11.07,30.86,Moderate
65.56,36.49,67.83,5.39,22.84,36.74,Moderate
41.89,75.01,108.15,4.63,71.68,36.31,Moderate
121.45,81.87,89.47,8.47,22.54,16.95,Moderate
108.58,32.92,93.19,6.07,33.35,39.12,Healthy
29.89,22.95,101.84,7.63,68.26,21.24,Moderate
133.5,62.91,124.37,4.77,34.98,29.17,Moderate
90.77,14.41,83.11,7.16,35.31,28.52,Healthy
50.96,87.7,91.88,6.71,76.11,32.95,Moderate
49.18,65.97,144.44,4.59,53.86,19.23,Moderate
124.3,65.87,140.86,7.18,11.21,28.78,Moderate
136.51,27.07,17.02,7.38,45.18,16.29,Poor
49.19,36.04,101.84,6.39,44.1,36.78,Moderate
48.98,68.89,58.3,6.17,48.91,33.78,Healthy
142.33,30.56,20.04,6.22,48.27,21.16,Healthy
134.67,80.89,76.58,6.3,12.85,29.5,Moderate
93.4,89.71,77.66,5.13,22.6,19.32,Moderate
141.39,80.37,124.59,7.86,16.69,33.96,Moderate
108.61,26.36,76.15,7.15,72.81,17.98,Healthy
134.91,92.63,138.92,4.52,25.47,33.66,Poor
55.04,10.8,115.63,4.61,41.22,40.58,Poor
71.63,91.63,64.31,5.89,17.52,24.67,Moderate
57.18,85.42,138.39,4.59,16.88,32.37,Poor
77.86,33.2,42.69,5.4,46.78,15.47,Healthy
113.44,33.54,66.89,6.61,24.8,38.86,Healthy
105.49,87.68,73.94,6.23,26.6,29.71,Healthy
93.04,44.89,26.08,5.59,11.0,23.62,Moderate
91.31,95.79,30.8,4.72,30.74,19.23,Moderate
107.37,5.55,147.23,7.92,44.35,39.87,Poor
97.93,99.41,45.35,8.49,22.62,24.54,Moderate
140.95,40.2,35.43,4.74,20.43,24.59,Moderate
68.97,56.53,122.97,4.55,68.88,30.59,Moderate
115.91,76.91,135.96,4.87,50.01,39.54,Poor
110.69,14.18,94.02,7.7,29.24,32.08,Moderate
127.66,54.77,33.16,6.7,51.16,25.88,Healthy
105.15,46.17,132.22,7.67,66.33,29.2,Moderate
37.49,73.82,14.99,6.57,13.71,29.27,Moderate
106.03,44.82,65.45,4.99,31.13,27.0,Healthy
130.9,90.31,143.27,4.9,30.73,27.5,Poor
99.84,71.77,118.97,6.48,48.96,40.94,Moderate
43.6,81.36,108.21,5.06,74.85,38.09,Moderate
119.13,17.04,25.25,7.23,17.51,18.06,Moderate
66.04,5.51,109.62,6.66,15.47,29.68,Moderate
17.57,11.72,75.39,6.5,33.73,31.79,Moderate
64.23,60.76,55.72,7.36,50.55,19.32,Healthy
106.08,79.47,14.55,6.94,65.33,18.1,Moderate
136.23,44.41,111.99,8.1,79.27,30.77,Poor
108.6,28.91,47.06,7.9,37.88,37.21,Healthy
17.08,25.73,29.66,6.61,15.64,24.28,Moderate
148.07,80.45,115.29,5.04,35.52,33.38,Moderate
13.03,46.23,139.65,4.83,73.44,20.25,Poor
36.48,23.57,140.03,6.91,62.56,24.89,Moderate
132.26,60.28,91.98,7.51,64.15,33.41,Moderate
26.65,87.34,42.83,8.48,36.99,18.24,Poor
54.25,59.49,61.76,7.81,57.75,20.76,Healthy
85.44,79.82,134.23,6.08,74.71,15.97,Moderate
104.74,79.29,66.65,4.54,58.09,24.25,Healthy
31.25,19.93,116.53,5.25,43.89,41.2,Moderate
116.23,56.98,81.6,5.17,41.25,18.91,Healthy
21.7,15.37,92.96,5.27,20.45,38.41,Moderate
27.08,72.04,65.47,6.82,11.63,15.0,Poor
124.41,50.17,15.34,5.87,45.44,18.66,Moderate
86.49,55.23,92.41,7.74,38.89,38.99,Healthy
76.45,48.43,100.07,6.97,10.8,41.53,Moderate
141.98,31.72,85.99,7.58,74.43,30.82,Moderate
12.65,69.66,18.5,7.18,51.12,32.3,Moderate
36.5,51.89,94.6,5.7,22.71,21.01,Moderate
130.12,49.13,100.86,6.56,68.39,28.73,Moderate
23.07,23.81,6.92,7.83,56.43,35.5,Moderate
110.1,83.33,148.11,7.11,27.66,17.74,Moderate
92.56,78.22,86.43,5.71,60.38,27.1,Healthy
50.12,84.9,88.6,5.63,33.0,30.43,Moderate
69.21,20.25,93.52,7.26,10.01,29.5,Healthy
90.8,36.55,54.12,5.77,41.17,36.92,Healthy
75.66,99.4,59.54,7.3,48.43,35.58,Healthy
134.37,53.61,76.7,8.27,75.36,41.92,Poor
31.91,5.34,68.41,7.43,15.1,25.09,Poor
91.4,25.19,111.02,5.42,68.85,24.4,Moderate
93.81,56.69,47.98,6.26,69.22,29.81,Healthy
17.78,72.74,31.46,6.44,42.8,28.14,Healthy
14.34,30.88,12.36,6.16,53.49,32.66,Moderate
19.04,16.29,100.92,6.62,68.34,20.54,Moderate
26.85,39.39,97.37,6.44,16.9,16.92,Poor
104.88,33.21,102.07,5.68,32.04,20.66,Moderate
147.72,6.53,23.45,7.85,19.67,22.58,Poor
46.79,71.21,64.62,7.86,62.32,29.34,Moderate
44.87,80.28,130.57,7.85,13.62,33.84,Moderate
108.55,94.59,43.2,7.65,58.24,38.73,Moderate
107.06,85.98,57.14,5.13,35.43,37.01,Moderate
28.43,65.6,148.2,8.08,56.98,36.4,Poor
26.31,52.39,82.13,7.63,29.78,17.88,Moderate
107.74,51.8,127.13,6.43,69.24,28.71,Healthy
119.58,73.47,43.58,5.74,72.94,21.24,Moderate
107.65,18.79,114.5,5.39,51.58,30.23,Moderate
38.49,51.68,132.49,7.22,79.49,36.18,Moderate
100.08,58.5,140.93,6.61,38.19,37.53,Healthy
141.63,50.5,24.9,6.93,61.86,25.09,Healthy
114.7,55.45,48.7,7.02,37.23,36.24,Healthy
10.43,82.73,49.45,8.34,63.14,21.51,Moderate
147.03,52.46,80.82,8.14,74.29,33.82,Moderate
146.98,36.24,38.69,4.62,34.24,31.27,Moderate
52.75,60.06,12.02,5.92,62.36,17.82,Moderate
110.08,77.51,87.47,8.04,76.82,15.94,Poor
105.07,27.53,64.19,6.99,59.86,37.69,Healthy
108.75,78.85,91.87,4.97,11.5,29.3,Moderate
110.18,15.34,67.25,5.52,49.7,25.54,Healthy
38.21,5.42,51.62,6.56,75.04,21.14,Moderate
81.72,58.82,99.14,5.81,16.96,39.88,Moderate
143.39,46.63,89.18,4.62,13.31,17.07,Poor
113.42,26.59,31.74,4.53,11.6,25.95,Moderate
85.83,60.01,71.4,6.34,62.72,22.82,Healthy
43.28,86.16,104.94,6.41,29.28,18.69,Moderate
15.24,85.97,91.04,4.68,21.1,22.55,Poor
46.83,57.1,62.92,8.03,60.36,39.59,Moderate
130.79,92.53,147.1,5.75,24.68,19.46,Moderate
97.93,69.69,17.74,7.78,64.81,31.97,Healthy
70.99,19.6,78.31,5.14,52.35,23.37,Healthy
44.62,46.9,89.2,5.97,77.45,15.16,Moderate
137.8,5.06,36.42,8.49,60.97,32.4,Poor
111.65,43.79,118.71,5.12,65.57,40.37,Moderate
130.08,75.27,99.45,6.58,37.67,38.37,Moderate
100.64,46.32,118.79,4.72,66.92,36.89,Moderate
41.99,8.58,108.49,5.3,79.72,15.25,Poor
42.17,9.0,118.49,6.81,69.39,40.99,Moderate
95.42,27.02,18.43,7.97,27.16,39.12,Moderate
132.96,64.64,92.58,8.3,62.92,33.45,Moderate
71.0,50.98,61.39,8.29,54.67,36.07,Healthy
15.21,85.98,65.56,7.45,12.8,39.13,Poor
102.38,48.46,49.02,5.74,31.24,18.54,Moderate
74.93,48.08,64.73,7.31,39.39,17.4,Healthy
129.29,45.38,100.02,8.22,63.72,29.55,Moderate
86.3,85.71,124.43,5.21,53.86,38.37,Moderate
122.46,16.85,68.18,6.57,28.05,33.35,Moderate
76.67,33.26,53.85,7.93,70.63,36.93,Moderate
137.94,95.47,76.32,4.89,66.0,32.1,Poor
63.27,97.68,54.11,8.13,51.48,15.99,Poor
130.45,77.41,98.16,6.96,25.32,20.79,Moderate
14.08,19.64,53.79,6.66,19.16,30.05,Moderate
46.86,29.13,142.45,8.47,66.8,16.47,Poor
112.01,21.95,87.54,8.07,36.61,40.08,Moderate
109.17,33.6,18.76,7.76,42.06,16.96,Moderate
24.44,96.86,40.24,8.37,57.68,23.11,Poor
63.72,78.82,68.14,4.8,26.09,38.23,Moderate
107.46,52.6,40.6,6.4,65.22,17.2,Healthy
149.27,86.68,51.11,7.98,57.72,32.99,Moderate
29.56,91.06,70.3,7.71,30.97,23.32,Moderate
145.06,52.18,13.68,7.84,25.91,38.73,Poor
138.3,11.91,89.45,8.43,75.16,29.18,Poor
105.27,62.4,34.47,7.11,33.32,24.13,Healthy
68.8,85.96,39.56,5.5,10.51,19.19,Moderate
147.02,46.22,33.3,8.36,11.9,28.07,Poor
122.64,78.42,32.44,7.33,53.56,33.23,Moderate
47.25,82.02,86.09,7.4,75.77,38.1,Moderate
119.53,32.52,12.84,6.8,12.42,34.28,Moderate
113.16,58.48,29.38,8.0,51.71,28.9,Healthy
89.46,12.87,112.36,4.74,50.49,19.57,Moderate
39.08,27.16,7.07,8.07,66.3,15.84,Poor
17.98,79.37,5.99,6.38,17.51,30.97,Poor
149.77,21.34,143.72,7.96,79.01,35.69,Poor
129.98,61.49,130.76,4.95,61.92,31.98,Moderate
18.38,32.7,36.34,6.12,23.88,22.42,Healthy
51.44,61.98,24.56,5.46,32.2,27.12,Moderate
15.33,99.93,48.56,5.65,48.84,38.06,Poor
73.95,28.64,87.05,6.43,39.62,41.56,Healthy
149.43,58.38,14.86,6.77,76.67,39.99,Poor
40.17,23.06,27.08,7.78,44.3,24.13,Moderate
55.47,31.16,132.98,6.14,27.08,34.18,Moderate
98.96,72.96,124.18,4.9,10.14,16.37,Poor
108.95,93.78,53.01,7.62,61.04,41.41,Moderate
75.91,20.78,115.96,7.78,59.51,38.31,Moderate
61.97,70.58,43.26,6.29,26.97,19.17,Moderate
15.03,68.79,131.91,5.76,40.05,15.1,Poor
67.8,31.73,88.26,8.13,45.43,33.24,Healthy
108.77,19.48,55.25,4.95,40.85,38.96,Moderate
77.33,48.33,35.35,5.74,75.56,23.18,Healthy
112.39,9.0,23.61,5.75,73.1,20.92,Moderate
111.74,20.91,93.86,6.85,53.54,22.73,Healthy
32.69,89.22,87.57,5.35,38.93,16.81,Poor
76.55,45.27,24.25,6.28,54.77,40.07,Healthy
108.45,52.73,116.66,5.62,56.81,15.14,Moderate
20.16,64.31,32.92,7.25,54.57,16.72,Moderate
64.95,63.24,108.45,7.76,33.13,37.59,Moderate
59.6,5.66,93.45,5.47,18.71,21.98,Moderate
125.91,91.83,144.45,5.71,41.92,36.67,Moderate
54.51,41.59,39.4,6.79,56.15,23.6,Healthy
13.39,74.91,94.41,5.38,32.03,40.84,Moderate
98.23,61.57,97.76,8.32,33.79,22.58,Healthy
62.74,81.09,22.54,5.33,25.98,32.18,Moderate
99.82,40.33,45.05,7.52,12.22,34.95,Moderate
39.44,90.76,64.99,7.07,18.47,21.85,Moderate
108.09,57.28,116.72,6.75,49.85,38.17,Healthy
69.46,90.03,58.97,5.81,64.56,15.31,Moderate
34.11,11.82,79.26,7.01,10.73,19.36,Poor
52.36,32.95,19.08,5.19,69.29,33.92,Moderate
51.45,30.02,16.63,5.9,37.86,39.41,Moderate
114.04,50.52,24.55,7.12,75.52,17.11,Moderate
128.81,22.11,106.69,5.24,52.0,21.42,Moderate
85.84,62.01,94.69,7.23,14.83,33.99,Healthy
31.64,69.32,22.99,6.42,37.07,41.12,Moderate
98.31,13.38,106.63,5.28,30.03,25.22,Moderate
118.67,94.69,139.03,5.18,14.23,37.37,Poor
50.35,60.37,146.9,5.25,36.24,38.43,Moderate
101.0,94.07,96.6,5.71,66.36,35.5,Moderate
140.71,50.24,77.91,5.8,28.81,41.91,Moderate
146.82,55.32,143.49,5.92,69.5,32.14,Moderate
110.39,73.23,97.2,7.91,37.44,37.93,Moderate
35.68,24.0,109.01,7.5,73.16,22.42,Moderate
17.85,53.21,131.92,8.39,70.05,28.23,Poor
130.87,25.33,138.57,6.77,37.26,30.7,Healthy
119.76,27.81,19.77,7.43,76.67,32.2,Moderate
29.96,66.12,21.91,5.71,12.21,28.16,Moderate
54.99,14.26,49.81,7.09,30.24,18.86,Moderate
86.27,76.56,125.37,6.39,59.78,37.5,Moderate
104.2,55.09,13.69,5.66,32.39,25.67,Moderate
143.12,24.84,83.53,8.46,53.32,20.64,Moderate
144.43,36.95,11.94,6.23,26.85,37.11,Moderate
40.79,82.89,10.24,8.22,12.95,40.34,Poor
20.32,87.9,125.54,6.88,12.52,31.77,Poor
96.5,57.93,96.57,8.37,79.69,29.05,Moderate
22.85,17.73,109.45,8.43,40.52,17.65,Moderate
59.43,41.58,149.51,7.25,18.25,24.1,Moderate
16.8,67.04,102.55,4.73,33.49,39.38,Poor
125.75,59.55,75.27,8.47,60.55,40.72,Moderate
20.02,25.15,9.51,7.97,58.6,19.8,Moderate
146.39,95.8,37.57,7.09,56.77,15.11,Poor
106.43,26.03,135.69,7.85,73.37,35.45,Moderate
33.09,39.25,107.8,5.79,59.7,24.08,Moderate
34.88,54.23,104.5,6.57,54.93,26.83,Healthy
118.97,66.75,88.32,6.24,47.5,16.38,Healthy
103.34,24.42,129.72,7.75,46.96,37.87,Moderate
103.91,18.42,112.41,8.48,12.87,21.61,Moderate
93.68,44.44,97.45,6.85,65.16,16.91,Healthy
71.69,86.71,57.6,6.52,11.51,21.05,Moderate
74.91,42.9,108.62,6.95,71.62,38.08,Moderate
43.77,6.68,128.9,5.82,34.3,19.28,Moderate
107.02,31.61,30.63,6.51,62.53,22.28,Healthy
111.09,48.89,63.55,5.94,20.19,23.98,Healthy
133.1,14.71,143.95,4.93,35.34,31.37,Poor
127.3,18.64,25.46,7.01,30.49,32.4,Moderate
124.88,12.3,127.45,4.65,72.92,41.34,Poor
103.44,98.5,124.19,4.68,10.27,15.56,Poor
73.27,64.22,74.81,7.21,41.47,16.15,Healthy
41.66,99.3,55.15,5.8,20.7,41.65,Moderate
42.26,66.45,11.1,4.77,60.17,32.15,Moderate
105.22,26.94,147.81,6.73,77.87,19.43,Moderate
66.71,36.89,114.49,7.49,44.06,15.44,Healthy
34.53,9.78,127.82,5.66,18.25,24.56,Poor
20.82,97.99,50.68,8.23,57.79,30.28,Poor
76.57,70.3,104.51,4.54,73.54,24.94,Moderate
59.46,43.63,104.37,6.0,36.17,16.71,Moderate
68.33,19.2,129.06,5.84,77.26,33.48,Moderate
115.86,95.04,39.65,6.77,12.85,17.72,Moderate
61.32,69.84,125.6,5.53,62.44,21.06,Healthy
10.85,10.17,89.91,6.49,28.93,15.18,Poor
89.52,82.67,14.94,7.45,54.42,27.94,Healthy
16.77,92.74,74.23,6.1,70.3,37.83,Moderate
111.82,83.79,23.03,7.54,32.96,38.42,Moderate
61.83,10.16,65.09,7.53,45.07,35.62,Moderate
14.94,21.83,86.72,6.04,57.61,40.99,Moderate
102.38,44.65,83.64,8.15,57.11,36.69,Healthy
52.21,75.71,25.22,7.5,71.71,39.31,Moderate
26.32,83.84,20.94,6.41,57.78,28.07,Moderate
57.59,69.96,100.83,6.83,46.99,34.05,Moderate
66.43,11.53,82.93,7.39,30.94,18.8,Moderate
137.66,87.06,94.67,7.65,77.82,30.37,Poor
44.19,65.69,137.62,7.26,11.84,39.76,Poor
115.51,43.17,148.19,7.39,67.78,40.47,Moderate
15.54,78.57,61.02,7.98,71.52,37.37,Moderate
119.09,80.46,48.0,6.13,18.05,37.43,Moderate
100.44,63.21,40.68,6.96,41.82,41.87,Healthy
130.83,54.97,122.23,5.16,17.1,32.03,Moderate
111.75,10.04,34.14,6.65,14.4,26.45,Moderate
77.49,92.57,50.77,5.17,10.53,18.28,Poor
115.12,47.27,33.82,8.23,65.13,18.09,Moderate
47.65,85.7,105.4,8.28,15.34,35.94,Poor
20.7,36.98,113.85,7.34,10.15,20.45,Moderate
119.0,16.98,52.32,5.24,17.8,37.59,Moderate
18.59,55.92,105.44,4.73,54.34,24.02,Moderate
126.7,80.78,120.12,6.09,67.58,32.01,Moderate
63.02,12.66,14.69,5.51,30.97,40.04,Poor
149.99,18.65,141.7,7.33,44.9,40.78,Poor
109.92,61.4,35.38,5.48,73.81,20.81,Healthy
14.52,30.29,74.68,6.03,75.51,26.3,Moderate
134.47,61.49,81.0,5.14,28.97,38.41,Moderate
119.19,47.51,136.81,7.78,17.85,31.36,Moderate
121.84,81.79,18.24,5.4,38.91,21.79,Moderate
25.25,64.74,78.58,5.12,51.05,16.67,Poor
63.63,80.29,134.06,5.48,70.17,39.08,Moderate
94.96,98.31,40.7,4.78,69.04,28.26,Moderate
58.5,10.25,14.37,4.86,22.85,41.2,Poor
49.4,82.62,7.81,5.79,73.43,20.0,Moderate
49.76,83.52,22.6,4.71,77.62,25.93,Moderate
102.1,17.08,36.93,6.34,57.26,22.92,Healthy
133.85,79.21,84.98,6.34,53.37,34.75,Moderate
28.89,86.0,75.96,8.24,76.89,15.83,Poor
63.83,54.99,83.24,7.79,19.88,31.81,Healthy
141.96,99.69,6.46,8.39,18.55,29.5,Poor
44.49,62.61,10.37,5.45,31.04,39.72,Moderate
91.71,72.28,103.02,6.07,10.98,17.89,Moderate
74.23,94.42,41.07,7.29,67.86,39.48,Moderate
51.09,93.47,93.16,6.53,64.49,21.45,Healthy
123.76,66.75,120.91,7.92,53.21,15.99,Moderate
51.68,88.41,95.91,8.06,36.92,28.63,Moderate
130.76,77.39,59.74,4.59,71.62,36.23,Moderate
72.88,56.89,34.63,6.15,21.42,20.69,Healthy
128.49,39.43,123.13,6.4,14.95,24.76,Moderate
32.16,70.89,137.15,7.55,64.49,38.27,Poor
118.73,59.01,108.57,6.16,14.96,34.05,Moderate
111.03,26.25,143.32,4.71,61.52,41.15,Poor
53.28,91.68,124.83,7.48,76.77,32.66,Moderate
79.28,69.19,64.71,5.8,15.76,25.21,Healthy
122.45,94.82,146.4,5.33,50.0,30.55,Moderate
34.65,60.25,57.6,8.27,27.86,37.54,Moderate
135.56,74.91,36.13,5.54,77.98,17.05,Moderate
26.39,97.96,117.65,7.49,21.21,28.2,Moderate
127.71,36.24,32.95,4.54,53.58,22.93,Healthy
130.91,31.93,26.98,8.34,77.53,33.5,Moderate
139.97,20.37,71.75,5.32,43.51,36.36,Moderate
128.29,5.4,61.48,8.48,51.25,23.0,Moderate
64.46,35.64,69.9,6.28,45.48,27.54,Healthy
82.26,7.66,12.89,5.98,71.95,36.35,Moderate
25.42,52.01,92.67,6.42,58.83,41.93,Moderate
23.51,53.98,79.29,6.75,21.69,32.24,Moderate
16.21,75.41,101.16,5.82,79.23,37.38,Moderate
85.53,99.1,125.36,5.05,51.37,30.68,Poor
101.41,94.37,76.34,4.81,43.55,36.27,Moderate
60.21,7.57,48.97,7.23,16.02,25.15,Moderate
28.64,50.21,25.52,4.94,58.85,19.27,Moderate
31.67,61.29,11.32,4.63,40.2,24.86,Poor
86.25,99.38,68.03,6.8,74.35,28.05,Healthy
119.36,57.12,97.4,8.23,10.05,39.33,Poor
79.68,62.64,70.26,5.54,14.62,40.52,Moderate
97.34,87.98,47.17,5.61,33.5,21.24,Moderate
79.72,93.94,132.03,6.48,34.41,31.52,Moderate
95.72,69.96,82.66,4.61,15.32,41.29,Poor
114.47,95.08,54.23,6.64,32.54,39.54,Moderate
50.28,70.91,30.38,4.92,20.89,29.3,Moderate
128.24,99.93,95.29,6.63,65.08,16.72,Moderate
123.32,77.05,81.78,4.59,24.15,24.98,Moderate
141.77,65.66,78.96,6.45,64.6,23.74,Healthy
23.23,69.32,52.71,5.8,41.83,21.55,Healthy
139.04,85.46,148.71,8.36,32.01,25.28,Poor
107.76,6.51,149.11,4.54,47.2,33.05,Poor
137.98,66.19,91.56,5.7,51.36,35.24,Moderate
82.18,79.07,15.09,5.84,77.19,23.73,Moderate
97.06,54.39,140.81,5.15,30.96,38.28,Poor
103.27,56.59,62.26,6.15,75.44,33.12,Healthy
140.07,97.36,84.32,6.94,55.95,37.66,Moderate
102.27,15.89,141.65,7.14,70.89,26.47,Moderate
76.46,70.44,117.58,4.81,38.51,35.79,Moderate
148.91,6.11,43.4,6.36,25.61,15.73,Poor
85.54,66.69,65.33,5.98,78.99,27.89,Healthy
121.73,32.28,125.38,7.79,28.74,32.71,Moderate
105.48,47.05,117.2,5.73,43.9,41.73,Moderate
35.01,19.04,25.62,8.49,21.19,20.14,Moderate
107.27,77.15,81.42,8.43,12.72,31.76,Moderate
94.91,35.52,135.42,6.71,27.24,17.39,Moderate
25.0,90.25,41.29,8.13,18.41,41.57,Poor
126.67,16.04,17.48,7.71,15.46,22.08,Moderate
122.17,91.22,116.31,8.06,49.19,36.05,Moderate
58.19,79.6,103.56,6.8,79.46,27.68,Moderate
96.69,53.44,42.77,5.82,78.52,25.59,Healthy
105.12,58.87,134.02,7.53,15.65,24.6,Moderate
109.67,20.33,78.0,5.77,14.53,41.92,Moderate
140.11,76.01,34.15,8.45,54.16,41.08,Poor
15.96,21.48,103.2,8.13,22.3,23.56,Moderate
92.34,99.97,120.95,8.19,57.25,38.69,Poor
80.99,16.8,107.89,6.91,43.97,22.42,Healthy
119.79,82.94,57.81,8.21,35.88,17.9,Moderate
33.31,51.98,16.58,7.37,65.66,29.84,Moderate
135.07,95.66,69.9,4.86,26.19,32.76,Poor
66.81,70.08,101.68,6.92,21.05,22.72,Moderate
62.9,83.32,103.92,7.08,57.05,28.59,Healthy
15.55,24.11,25.34,4.76,32.36,36.27,Moderate
26.12,15.59,23.02,5.58,24.15,15.38,Moderate
48.71,99.65,53.79,5.35,44.7,21.19,Moderate
88.35,43.06,135.04,8.21,59.91,20.82,Moderate
76.35,34.02,120.75,4.62,56.37,23.73,Healthy
77.34,35.68,57.89,7.2,51.68,21.59,Healthy
16.11,86.32,76.38,6.97,44.19,31.71,Moderate
97.78,6.43,82.32,6.51,16.71,35.14,Moderate
43.02,10.18,121.46,7.96,26.85,33.56,Moderate
10.69,73.51,72.4,7.67,37.51,24.48,Moderate
127.71,8.67,32.14,6.15,51.74,15.14,Moderate
90.52,40.96,96.35,8.13,40.86,29.97,Healthy
74.79,16.26,120.0,8.04,66.8,40.59,Moderate
75.52,66.97,29.41,8.41,50.64,22.06,Healthy
122.75,60.72,142.7,7.58,71.41,29.76,Moderate
82.42,76.95,20.23,4.72,78.86,39.74,Poor
143.79,10.92,44.05,8.11,16.26,27.19,Poor
57.78,88.59,80.12,5.66,46.7,18.04,Moderate
112.37,63.74,92.1,6.25,30.6,16.77,Healthy
142.58,44.57,76.91,6.0,79.15,36.5,Moderate
23.41,62.78,75.27,7.67,79.81,35.1,Moderate
131.09,52.75,59.17,7.07,62.46,21.14,Healthy
80.47,15.81,36.37,8.03,20.13,36.91,Moderate
62.16,68.03,137.0,7.62,67.82,22.05,Moderate
60.63,74.62,117.7,7.66,61.81,21.25,Moderate
50.47,94.49,85.31,7.52,51.94,39.96,Moderate
131.63,29.83,133.28,5.7,40.87,37.98,Moderate
55.36,32.62,101.96,8.5,19.17,33.93,Moderate
83.77,44.01,113.73,6.72,65.85,35.08,Moderate
147.92,82.03,14.69,7.62,55.48,17.42,Moderate
94.77,76.33,33.59,6.24,47.97,26.16,Healthy
132.64,21.05,116.88,7.61,41.36,29.57,Moderate
31.5,23.54,82.09,5.4,66.45,31.64,Moderate
17.92,39.0,129.47,5.61,60.38,17.53,Moderate
140.27,47.69,76.28,6.78,35.44,34.58,Healthy
12.04,20.41,32.38,7.04,72.34,16.72,Moderate
129.34,82.85,16.11,5.07,34.5,18.1,Moderate
116.16,52.89,64.56,7.4,30.5,38.53,Healthy
101.56,37.92,83.28,5.54,78.95,26.76,Healthy
135.55,97.91,82.69,7.42,50.06,17.47,Moderate
143.34,48.38,134.64,7.12,17.36,26.26,Poor
37.42,21.14,108.69,4.62,77.63,27.15,Moderate
78.57,33.45,17.41,6.85,34.13,31.85,Healthy
87.81,25.61,71.94,5.73,26.78,35.78,Moderate
11.67,30.54,82.01,6.4,75.81,37.78,Moderate
115.22,53.84,67.19,4.65,67.52,26.63,Healthy
54.94,62.63,114.35,6.59,20.47,39.88,Moderate
25.8,97.11,69.16,8.29,74.03,25.97,Poor
122.0,13.53,17.0,5.92,52.68,15.25,Poor
82.12,97.69,129.47,5.43,46.96,19.63,Moderate
46.86,92.69,149.68,5.47,24.84,25.36,Moderate
72.42,13.48,26.42,6.2,26.48,37.81,Moderate
115.22,55.95,67.73,7.82,21.62,38.96,Moderate
16.87,92.72,25.13,7.75,11.26,37.01,Poor
91.77,6.81,117.26,4.91,47.79,23.96,Moderate
116.28,86.06,72.32,7.53,74.16,33.61,Moderate
55.08,49.01,38.35,6.33,27.21,36.8,Moderate
95.39,65.16,20.99,4.51,65.24,29.64,Moderate
140.42,56.04,36.13,7.29,59.07,16.77,Moderate
107.11,25.19,41.91,4.63,53.92,34.76,Healthy
42.27,80.29,115.49,6.14,14.78,22.57,Moderate
33.16,96.09,123.57,4.81,45.94,22.21,Poor
14.5,35.62,23.5,5.39,32.86,26.04,Moderate
75.58,54.42,58.65,6.49,39.25,41.04,Healthy
19.47,60.67,33.08,6.0,48.25,35.51,Healthy
146.88,51.89,42.26,7.67,25.51,28.71,Moderate
128.54,43.36,85.76,4.98,13.92,41.63,Poor
35.05,36.88,78.18,6.0,16.81,20.32,Moderate
79.08,46.69,120.74,5.75,75.82,22.64,Moderate
56.38,95.18,126.87,5.77,37.67,37.74,Moderate
22.05,32.99,82.08,7.82,49.52,28.22,Healthy
144.7,16.06,118.11,5.01,61.3,29.66,Moderate
47.05,56.62,132.52,6.39,10.46,16.53,Poor
98.57,69.4,63.26,5.47,60.12,23.21,Healthy
20.36,43.91,83.18,8.36,51.46,20.62,Moderate
126.51,32.69,144.1,5.8,73.67,38.73,Moderate
130.96,8.74,128.23,7.39,33.4,28.23,Moderate
99.59,94.64,118.11,6.21,55.18,20.02,Healthy
69.35,80.17,92.96,7.63,45.69,25.26,Healthy
113.96,13.91,146.9,8.29,71.63,38.88,Poor
81.55,52.3,123.91,5.63,69.49,20.42,Moderate
133.08,56.4,127.27,6.47,52.59,40.02,Moderate
68.55,25.93,18.19,6.86,52.78,31.76,Healthy
15.2,7.6,134.84,7.28,17.93,17.02,Poor
32.66,81.66,109.85,7.05,54.86,38.19,Moderate
56.68,35.61,66.69,8.46,48.84,29.77,Healthy
123.34,21.92,63.78,7.07,79.16,19.17,Moderate
73.28,91.03,110.2,6.96,28.0,20.05,Moderate
62.39,29.24,122.23,7.38,68.46,19.62,Moderate
53.4,78.01,28.71,5.08,36.81,20.03,Moderate
21.05,34.71,131.96,4.73,49.63,30.2,Poor
84.32,53.02,7.5,4.69,45.78,41.14,Poor
67.12,49.87,147.4,7.62,63.91,28.63,Healthy
135.71,60.21,100.22,7.65,38.46,40.74,Moderate
148.32,60.78,37.2,7.6,32.55,30.58,Moderate
22.14,81.7,144.07,4.88,61.21,38.24,Poor
25.33,28.45,61.82,7.85,44.54,18.7,Moderate
45.89,49.4,10.69,7.02,11.77,36.08,Moderate
112.74,87.22,27.87,6.91,64.67,28.93,Healthy
28.31,14.4,92.86,6.49,75.07,37.51,Poor
111.32,98.33,105.72,4.87,15.43,37.03,Poor
60.5,92.81,22.15,5.3,64.12,37.88,Moderate
131.41,14.42,60.36,7.09,74.32,21.45,Moderate
94.05,18.63,113.36,5.01,80.0,17.49,Moderate
105.95,78.82,42.41,5.52,51.73,32.02,Moderate
110.87,60.13,30.3,8.2,21.66,30.26,Healthy
138.8,91.73,29.35,5.45,52.13,24.1,Moderate
112.32,54.63,43.58,6.14,58.38,36.2,Healthy
61.74,14.97,56.23,7.02,63.19,38.75,Moderate
144.67,55.29,132.63,5.55,49.18,29.56,Moderate
117.62,78.45,46.37,8.04,72.4,40.6,Moderate
74.07,98.8,118.81,7.11,40.26,37.75,Moderate
116.98,60.63,149.59,5.5,54.92,23.67,Healthy
74.1,37.2,53.51,6.01,13.97,16.08,Moderate
111.49,34.54,8.08,4.83,23.71,16.3,Poor
142.46,58.99,62.13,6.63,17.9,33.95,Moderate
145.74,17.41,27.13,7.01,20.64,18.4,Moderate
103.87,63.77,36.57,7.79,17.37,23.98,Healthy
113.44,63.32,92.01,7.25,55.25,38.61,Healthy
89.63,43.12,116.08,5.54,63.17,22.56,Healthy
77.25,75.22,96.01,4.84,41.26,36.92,Moderate
149.55,49.35,17.46,5.96,44.29,16.98,Poor
131.0,56.19,65.34,6.09,11.98,29.01,Healthy
76.58,37.86,100.51,6.14,50.02,38.9,Healthy
60.94,42.8,130.56,5.93,40.76,36.62,Moderate
92.86,93.72,73.25,6.42,13.0,20.33,Moderate
85.6,22.78,70.77,5.63,11.46,27.83,Moderate
100.48,37.13,117.6,5.08,16.39,40.24,Poor
139.03,43.62,65.89,7.9,47.14,18.16,Moderate
26.08,17.46,118.21,6.91,30.98,19.38,Moderate
27.28,75.43,133.45,6.62,64.09,22.64,Moderate
91.99,46.61,17.72,6.45,69.28,16.4,Moderate
76.79,87.96,119.56,6.47,21.99,37.91,Moderate
31.44,31.3,23.02,6.34,54.04,37.33,Moderate
74.59,97.22,91.4,6.92,22.27,20.13,Healthy
90.73,73.48,34.68,6.44,34.93,26.85,Healthy
41.1,18.37,51.47,7.98,66.37,17.74,Moderate
22.29,51.83,45.22,7.79,44.03,38.02,Moderate
25.15,97.16,116.23,7.43,75.82,27.7,Poor
30.84,52.21,123.21,7.94,44.2,34.77,Moderate
44.57,26.9,90.01,6.19,21.27,35.56,Moderate
84.5,54.44,32.45,5.46,58.49,38.0,Healthy
34.81,82.17,119.27,7.76,50.72,24.5,Moderate
117.94,50.59,37.17,6.11,42.04,28.64,Healthy
135.66,44.06,46.3,8.35,26.94,15.3,Poor
128.97,95.67,103.91,6.13,48.06,37.46,Moderate
133.95,14.74,130.86,6.97,12.26,17.93,Poor
16.37,95.11,66.85,7.36,10.12,36.42,Poor
77.48,92.74,80.53,7.66,54.06,29.05,Healthy
142.75,52.08,134.4,4.64,56.02,39.61,Poor
135.9,51.08,73.45,7.74,33.45,40.3,Moderate
45.1,12.07,116.93,6.12,34.9,23.66,Moderate
147.26,59.31,148.83,5.87,38.98,20.72,Moderate
70.25,10.89,5.08,6.31,62.22,26.8,Moderate
82.52,47.33,81.39,7.6,66.27,37.63,Moderate
39.74,48.5,125.5,8.27,48.01,28.31,Moderate
117.04,99.21,66.76,5.16,68.4,34.18,Moderate
30.31,35.73,85.22,7.43,64.65,19.2,Healthy
40.35,75.69,21.84,6.49,48.22,24.16,Moderate
121.49,10.26,117.73,7.08,45.51,38.55,Moderate
38.31,81.07,32.23,8.46,12.29,29.94,Moderate
33.52,43.76,26.45,5.28,14.27,15.22,Poor
110.7,48.08,11.61,8.26,56.59,22.14,Moderate
71.42,51.48,87.64,7.93,51.29,41.43,Healthy
111.75,98.91,84.86,7.21,61.65,35.38,Healthy
13.42,17.11,38.02,5.59,73.38,34.51,Moderate
30.06,45.5,40.25,7.82,74.25,19.44,Moderate
68.32,95.52,100.28,7.97,35.04,20.66,Moderate
106.78,18.06,126.79,7.52,31.34,28.47,Moderate
121.89,93.82,56.06,7.66,23.61,39.4,Moderate
106.08,19.51,112.28,7.4,61.96,24.31,Healthy
113.57,83.52,55.33,5.33,72.15,31.76,Moderate
74.45,88.58,24.72,7.74,44.36,16.15,Moderate
146.17,78.92,36.14,8.19,75.47,36.61,Poor
27.8,22.71,114.33,8.16,25.05,27.44,Moderate
31.67,50.41,98.17,4.57,55.0,32.27,Moderate
73.7,90.06,24.55,4.71,44.71,29.39,Moderate
47.34,96.35,41.79,5.58,66.77,39.92,Moderate
85.06,6.81,56.54,5.4,45.77,33.43,Moderate
64.94,56.05,115.18,5.48,23.72,36.75,Moderate
15.18,19.31,6.79,6.72,52.01,29.34,Moderate
68.0,55.26,33.12,7.8,78.65,29.6,Healthy
62.41,80.22,33.0,5.78,75.8,20.03,Moderate
25.7,56.9,90.18,6.89,21.51,34.47,Moderate
43.92,95.07,38.05,4.57,49.75,20.48,Moderate
98.0,26.78,67.07,5.22,40.02,18.69,Healthy
57.32,23.9,123.33,7.42,21.68,17.24,Moderate
13.6,26.53,74.63,6.1,78.0,36.39,Moderate
20.95,20.1,8.86,5.05,47.06,17.07,Poor
18.38,16.23,102.06,4.58,77.87,25.28,Poor
57.12,50.11,80.09,6.18,44.04,24.17,Healthy
55.08,7.59,102.41,6.97,56.82,40.41,Moderate
76.23,88.77,69.37,6.41,54.31,20.83,Healthy
40.43,53.43,14.95,5.45,65.54,27.52,Moderate
13.73,10.77,138.33,8.33,54.88,19.99,Poor
61.53,34.02,118.85,6.65,64.58,24.73,Healthy
131.73,45.77,65.52,6.46,51.43,39.14,Healthy
74.09,93.36,62.08,5.8,30.65,15.57,Moderate
128.88,12.53,53.48,5.5,62.11,40.18,Moderate
124.34,35.4,71.08,5.49,74.68,18.21,Moderate
143.27,82.3,108.18,7.6,33.75,22.99,Moderate
63.4,22.25,113.22,6.4,72.01,38.72,Moderate
31.82,25.79,64.54,4.98,58.26,34.92,Moderate
110.99,49.67,127.27,6.92,79.55,37.02,Moderate
111.12,16.71,125.73,5.72,39.32,27.49,Moderate
56.38,15.3,33.91,7.71,55.66,40.46,Moderate
124.95,43.21,119.0,6.81,30.04,41.33,Moderate
139.99,15.66,126.72,4.81,75.02,31.85,Poor
33.32,82.64,79.79,4.74,65.89,36.29,Moderate
77.49,74.46,10.82,5.77,57.13,21.23,Moderate
73.06,93.53,124.88,6.73,50.37,38.95,Moderate
130.83,13.39,72.51,5.26,15.83,22.89,Moderate
95.49,80.47,137.31,6.19,39.56,19.14,Moderate
37.28,14.74,146.51,5.01,62.96,23.58,Poor
85.2,87.91,140.74,5.46,73.79,21.81,Moderate
122.67,6.45,82.61,7.4,68.73,37.71,Moderate
51.84,86.05,51.93,5.44,10.1,21.36,Moderate
26.58,69.12,25.99,6.84,18.85,34.02,Moderate
49.98,34.33,97.86,8.26,79.41,24.65,Moderate
142.49,63.17,136.44,4.61,12.32,17.01,Poor
122.62,18.11,30.6,6.84,77.02,30.31,Moderate
112.56,22.83,137.56,4.72,29.8,27.25,Moderate
41.66,68.06,103.42,5.35,10.6,17.01,Moderate
10.06,91.01,95.14,5.05,16.48,37.08,Poor
123.55,93.1,28.09,6.59,18.5,36.48,Moderate
67.75,71.1,9.4,7.61,26.06,37.76,Moderate
36.02,80.06,24.45,7.15,64.55,25.43,Moderate
44.21,37.73,48.01,7.03,13.12,16.12,Moderate
50.29,31.31,30.68,7.37,11.66,39.95,Moderate
116.05,43.28,129.55,6.97,49.92,23.45,Healthy
102.83,18.27,81.11,4.96,41.16,31.64,Healthy
31.77,26.1,122.92,5.52,16.69,23.93,Moderate
140.92,70.91,88.44,7.86,56.21,36.9,Moderate
102.0,87.1,95.48,5.56,12.88,17.84,Moderate
81.74,97.32,115.12,7.6,56.47,39.39,Moderate
112.96,29.54,77.42,6.12,21.58,21.0,Healthy
49.92,21.5,36.51,8.17,34.03,37.34,Moderate
19.01,98.27,115.89,8.13,46.81,32.13,Poor
60.51,46.04,113.86,4.7,12.56,38.62,Poor
25.4,73.5,33.93,5.96,30.55,28.24,Moderate
125.73,88.18,37.2,5.85,68.58,17.42,Moderate
26.37,50.56,119.57,5.84,14.86,41.13,Poor
141.45,66.93,103.87,8.23,55.07,36.29,Moderate
74.89,26.66,125.72,7.24,30.27,31.83,Healthy
124.31,30.68,116.38,4.79,53.75,41.97,Moderate
131.29,88.19,103.65,6.34,57.41,23.67,Moderate
87.39,56.27,83.84,6.15,34.7,23.92,Healthy
41.46,46.66,22.07,8.11,14.88,37.61,Moderate
43.77,86.06,109.44,8.18,70.92,33.93,Moderate
31.24,57.16,54.28,8.04,71.06,23.48,Moderate
104.04,37.14,103.34,6.96,45.77,38.72,Healthy
44.45,80.76,104.98,5.63,39.52,16.86,Moderate
93.66,89.35,22.08,5.03,43.22,22.59,Moderate
48.77,65.67,64.49,7.88,40.02,31.61,Healthy
65.7,29.32,73.34,7.38,76.7,16.14,Moderate
84.46,65.42,17.43,7.82,29.32,38.62,Moderate
87.36,19.45,112.19,5.13,60.43,36.82,Moderate
90.57,30.75,68.41,6.61,56.6,32.12,Healthy
66.06,77.03,116.86,7.29,29.05,27.67,Moderate
70.59,82.6,122.19,7.96,26.18,35.21,Moderate
131.86,20.82,10.79,4.92,52.43,26.38,Moderate
37.31,55.19,118.9,7.92,62.62,38.91,Moderate
94.59,84.52,65.49,7.91,72.71,33.53,Moderate
70.35,31.76,52.15,5.03,13.3,26.19,Moderate
15.97,88.66,99.24,7.87,41.11,21.05,Moderate
50.64,86.2,22.67,7.29,25.8,24.54,Moderate
10.43,50.51,23.61,7.94,16.84,21.76,Moderate
12.07,99.32,98.01,7.07,46.32,38.44,Poor
30.19,80.32,122.03,4.64,19.29,29.77,Poor
22.63,31.82,63.53,5.13,59.29,28.37,Moderate
99.57,50.06,64.81,6.47,72.97,25.69,Healthy
99.92,84.23,95.06,5.4,18.54,30.95,Moderate
111.84,78.03,105.6,4.51,64.17,31.32,Moderate
148.35,77.64,67.38,7.2,53.12,24.11,Healthy
84.69,24.42,17.74,7.43,36.89,35.4,Moderate
78.37,81.93,112.24,7.56,40.05,40.95,Moderate
66.74,80.35,75.99,5.44,54.02,27.67,Healthy
46.97,41.34,28.19,8.45,55.02,19.69,Moderate
117.04,62.18,109.77,6.84,14.23,20.49,Healthy
117.62,76.66,114.31,4.56,66.36,26.86,Moderate
107.11,30.85,116.58,8.43,27.75,36.17,Moderate
94.69,30.94,47.68,7.43,29.9,16.29,Healthy
132.35,60.95,114.98,6.91,46.15,35.79,Moderate
14.5,34.63,95.98,8.28,37.56,41.33,Poor
115.74,51.07,67.23,5.02,53.06,16.41,Moderate
70.07,27.58,143.66,5.95,44.25,25.14,Healthy
29.21,38.5,117.95,6.98,40.62,37.16,Moderate
10.58,83.53,13.63,7.98,76.33,37.12,Poor
12.74,54.99,125.18,6.68,35.2,27.71,Moderate
21.3,52.15,9.04,7.08,37.33,20.17,Moderate
12.43,92.6,85.67,7.09,64.56,31.92,Moderate
67.83,64.62,41.61,6.75,24.39,39.77,Healthy
81.34,27.21,97.75,4.86,40.38,38.38,Moderate
117.5,71.83,73.24,6.29,10.79,31.2,Healthy
90.78,5.5,24.87,4.55,27.72,15.1,Poor
68.43,50.26,68.38,5.3,46.65,36.98,Healthy
50.77,34.69,83.71,5.44,33.65,27.22,Moderate
64.08,82.73,128.1,6.11,41.35,40.84,Moderate
80.43,99.34,115.61,5.56,26.04,19.29,Moderate
122.86,34.15,102.99,6.66,67.82,35.27,Moderate
18.92,37.15,80.41,7.71,59.98,29.83,Healthy
123.17,46.32,13.07,7.98,46.86,36.83,Moderate
64.89,60.91,53.01,6.14,20.32,35.02,Healthy
49.24,33.66,56.36,6.23,50.33,33.44,Healthy
104.6,45.25,74.87,5.06,46.51,38.68,Moderate
74.46,94.11,27.59,7.45,59.56,33.4,Moderate
102.8,7.12,112.61,6.5,46.69,16.37,Moderate
36.37,91.55,50.75,6.08,23.24,32.07,Moderate
113.7,92.52,86.5,5.6,14.97,22.18,Moderate
96.57,97.54,16.48,6.05,56.71,30.51,Moderate
101.24,49.0,43.72,6.43,36.71,34.15,Healthy
34.03,52.13,144.06,6.63,26.6,40.27,Poor
44.18,76.36,20.88,7.91,22.64,25.64,Moderate
145.19,60.04,43.28,4.5,10.48,22.41,Poor
83.76,51.06,138.67,7.56,74.73,28.82,Moderate
72.53,58.78,58.96,5.34,68.57,33.37,Moderate
55.59,47.4,37.69,6.75,35.09,38.64,Healthy
83.97,44.11,113.69,8.12,67.22,28.36,Moderate
59.9,67.9,123.45,8.41,42.01,33.04,Moderate
51.03,13.31,41.69,4.56,45.66,25.08,Moderate
104.96,63.45,29.34,7.2,23.12,15.16,Moderate
145.83,7.56,54.55,7.05,35.93,25.29,Moderate
111.18,62.2,80.16,8.05,17.57,27.68,Moderate
43.47,8.5,146.96,7.44,25.13,25.87,Moderate
41.64,70.06,55.81,8.18,24.53,24.45,Moderate
140.45,89.04,47.51,6.43,71.86,33.11,Moderate
99.22,67.75,138.54,6.57,22.72,27.76,Healthy
112.04,51.75,50.42,7.17,41.52,41.0,Healthy
59.3,73.16,85.49,4.81,42.88,15.79,Moderate
120.58,74.78,12.32,6.5,77.31,22.69,Moderate
136.6,19.35,5.96,6.62,26.75,38.74,Poor
104.35,70.25,102.63,7.22,62.3,33.09,Moderate
126.8,58.02,55.85,6.37,40.82,23.98,Healthy
68.17,41.57,21.12,7.82,62.95,24.11,Healthy
142.32,95.19,129.22,4.62,35.99,27.35,Poor
110.62,65.31,103.36,7.57,76.39,29.89,Moderate
136.57,82.41,54.0,7.75,18.21,19.29,Moderate
148.93,45.73,71.79,8.3,35.33,21.4,Moderate
20.9,54.65,33.95,4.76,66.91,23.87,Moderate
91.11,14.94,78.31,7.03,41.49,24.11,Healthy
53.53,15.39,21.78,6.48,19.72,21.03,Moderate
33.07,81.24,70.21,6.71,50.81,25.7,Healthy
51.78,41.33,82.55,5.93,19.56,39.67,Moderate
112.54,11.3,136.33,5.18,16.84,19.68,Poor
140.62,26.02,119.11,7.07,46.28,24.87,Healthy
23.01,72.51,62.24,6.64,13.62,35.95,Moderate
106.92,55.28,76.96,5.85,33.97,16.85,Moderate
106.14,9.27,5.21,4.62,24.24,30.4,Poor
105.36,44.97,64.25,6.81,51.78,37.81,Healthy
124.67,83.23,127.41,8.02,48.87,31.07,Moderate
111.81,23.91,57.27,8.15,46.59,16.4,Moderate
66.78,20.27,56.66,6.68,45.36,28.24,Healthy
12.57,47.28,9.2,6.12,55.29,18.4,Moderate
138.35,64.9,36.55,6.08,16.78,15.6,Poor
138.22,69.14,118.05,6.99,73.47,39.19,Moderate
18.14,23.0,62.39,5.86,46.79,22.2,Moderate
121.64,5.71,119.77,6.07,10.36,37.87,Moderate
72.55,73.85,132.38,4.64,28.35,18.21,Moderate
23.72,94.84,121.81,5.96,58.11,39.83,Poor
40.91,6.34,124.5,7.39,21.22,28.22,Moderate
32.46,62.25,98.9,5.61,64.66,27.79,Healthy
108.89,65.78,70.36,5.67,24.3,35.14,Moderate
99.87,31.69,145.23,7.74,18.88,19.39,Moderate
86.17,14.73,144.83,7.05,14.63,26.97,Poor
41.08,51.59,40.82,7.83,60.48,39.48,Moderate
37.71,41.61,121.79,6.0,36.54,41.62,Moderate
117.92,86.78,64.01,6.84,41.54,27.16,Healthy
27.88,85.0,61.63,6.83,70.0,35.88,Moderate
37.75,63.76,76.88,5.54,12.86,32.0,Moderate
119.18,94.46,56.47,6.1,21.41,41.58,Moderate
128.94,95.97,76.83,5.34,50.12,25.05,Moderate
58.7,12.82,15.61,6.02,74.83,34.52,Moderate
116.48,27.26,111.51,6.13,14.16,25.66,Healthy
28.38,86.1,126.84,5.65,52.83,24.82,Poor
31.59,66.69,115.22,7.6,20.45,28.84,Moderate
13.35,13.57,16.75,4.73,33.36,24.66,Poor
107.7,36.34,25.36,8.29,71.28,18.35,Moderate
60.79,20.97,144.07,5.92,16.87,34.62,Moderate
109.64,27.9,51.61,6.16,28.74,22.8,Healthy
122.22,76.43,105.43,7.25,46.53,24.47,Moderate
110.88,16.05,25.46,5.01,61.29,30.97,Moderate
73.02,50.24,125.0,4.99,36.83,35.52,Moderate
102.1,46.34,37.53,8.29,38.55,38.7,Moderate
118.9,86.85,7.45,6.41,28.16,22.4,Moderate
47.78,41.98,64.55,7.04,31.03,22.36,Healthy
60.49,70.22,5.02,7.49,33.73,30.56,Moderate
116.61,53.53,98.84,8.18,12.09,24.44,Moderate
139.76,84.56,94.44,5.42,33.14,38.16,Moderate
107.76,32.14,24.18,7.62,50.34,41.01,Moderate
66.91,38.16,47.16,6.43,32.59,16.98,Healthy
53.7,25.79,123.23,5.44,42.12,33.16,Moderate
30.89,55.47,127.84,6.84,43.77,37.65,Moderate
142.62,82.99,64.22,6.95,46.86,23.19,Healthy
70.94,83.78,48.57,8.06,79.4,23.28,Moderate
27.18,95.93,29.8,7.59,12.74,21.36,Poor
46.42,33.24,138.3,5.2,22.15,33.68,Moderate
143.32,41.98,117.1,4.62,67.68,34.53,Moderate
135.53,65.56,141.49,6.06,61.28,34.59,Moderate
47.61,92.46,117.98,7.97,35.38,37.71,Moderate
54.1,96.62,8.47,6.98,17.86,34.41,Poor
60.92,87.71,131.54,5.97,66.7,33.39,Moderate
69.72,37.61,35.49,4.75,46.22,29.58,Healthy
72.16,95.31,6.99,7.9,66.06,35.49,Moderate
83.49,23.08,130.12,7.48,68.3,21.37,Moderate
87.61,44.52,97.75,7.51,22.16,19.7,Moderate
16.1,19.93,39.83,4.79,34.9,33.23,Moderate
121.03,37.85,17.15,7.54,37.38,21.79,Moderate
75.9,97.14,59.03,8.34,27.72,17.85,Moderate
32.01,78.51,82.95,6.83,77.74,28.63,Moderate
26.38,73.26,35.14,6.83,69.81,27.88,Moderate
54.0,59.68,23.41,5.73,45.29,21.86,Moderate
15.5,60.59,63.18,6.06,79.78,18.02,Moderate
31.58,88.24,23.89,8.17,57.04,29.26,Poor
48.98,39.15,124.76,4.73,63.8,37.35,Moderate
108.84,10.18,112.68,7.39,10.92,39.09,Poor
28.51,96.27,15.26,5.45,58.32,18.71,Poor
35.9,6.06,124.84,4.65,54.28,30.72,Moderate
81.57,40.64,48.44,8.33,64.98,39.91,Moderate
112.75,83.76,144.81,6.31,73.48,16.16,Moderate
25.1,51.59,70.83,6.25,47.6,29.54,Healthy
131.88,37.86,50.85,7.31,55.39,37.41,Healthy
53.3,5.61,141.89,4.68,57.6,23.69,Poor
69.29,84.61,65.84,5.08,62.81,15.55,Moderate
48.46,56.12,68.48,6.98,36.69,25.55,Healthy
58.81,89.29,7.51,8.26,35.08,24.85,Poor
111.62,41.89,94.41,8.11,69.23,28.91,Healthy
110.33,42.28,117.53,5.18,13.19,29.6,Moderate
40.15,74.23,19.69,4.53,57.3,28.52,Moderate
143.28,28.51,22.87,4.59,41.1,17.72,Moderate
118.59,11.84,138.51,6.66,58.75,18.53,Moderate
22.53,38.6,80.46,6.8,33.09,22.36,Healthy
147.4,30.9,25.0,5.94,31.27,26.39,Moderate
97.32,62.3,106.25,5.13,13.22,36.35,Moderate
40.4,34.99,71.07,7.37,21.45,39.36,Moderate
55.01,98.35,46.38,7.4,36.37,37.59,Moderate
74.74,87.7,114.32,6.84,27.5,22.02,Moderate
148.8,92.91,25.07,5.32,17.48,20.44,Poor
50.63,84.57,18.8,8.03,78.04,22.61,Poor
73.87,55.29,34.82,7.43,50.6,18.03,Healthy
135.44,33.71,27.66,8.43,17.2,16.61,Poor
43.26,35.33,67.9,7.24,35.6,30.1,Healthy
10.81,41.57,142.02,7.6,61.86,23.22,Moderate
78.34,85.23,132.62,7.34,41.96,16.98,Poor
26.71,5.03,57.08,4.59,40.45,31.13,Poor
93.42,57.75,37.79,6.58,78.59,27.0,Healthy
132.43,41.23,95.34,6.43,58.2,39.23,Healthy
71.73,76.95,132.97,7.66,11.72,15.01,Poor
133.61,74.28,143.93,5.67,65.16,36.64,Moderate
130.03,70.74,25.05,7.22,52.31,24.01,Moderate
39.21,89.08,25.58,6.19,53.6,41.24,Moderate
103.94,33.96,13.8,5.77,30.5,37.12,Moderate
62.72,14.35,131.15,4.57,10.21,27.82,Poor
19.69,21.82,147.87,7.88,63.48,33.11,Moderate
16.69,84.41,73.32,4.89,31.05,28.55,Moderate
11.92,28.98,53.71,6.36,10.14,30.27,Moderate
37.67,61.74,39.68,6.11,53.65,32.73,Healthy
14.28,55.83,123.41,5.33,47.24,27.09,Moderate
128.99,46.68,141.86,7.11,49.3,22.88,Healthy
93.51,17.47,65.36,5.64,56.92,35.63,Moderate
140.01,26.1,133.29,7.88,70.37,34.99,Moderate
47.48,88.4,91.93,7.46,24.37,19.25,Moderate
48.76,53.58,65.41,8.05,10.91,17.16,Moderate
55.56,20.93,63.98,7.37,79.54,20.46,Moderate
47.24,78.03,44.45,7.31,50.84,38.08,Moderate
14.67,98.08,144.82,4.59,44.97,25.84,Poor
45.58,97.89,30.32,5.55,10.58,30.67,Moderate
130.51,64.08,99.48,4.77,60.04,26.04,Healthy
76.32,60.58,146.43,7.49,57.87,26.66,Healthy
14.82,56.18,100.83,7.32,52.55,23.11,Healthy
40.94,13.56,106.91,8.38,46.75,33.18,Moderate
106.96,20.34,32.81,5.33,75.3,15.42,Moderate
85.76,40.83,100.61,5.38,77.28,23.94,Moderate
139.63,60.97,65.1,7.44,48.71,18.74,Healthy
108.63,60.05,87.02,7.45,55.74,24.89,Healthy
54.59,28.83,88.4,5.7,18.43,36.13,Moderate
39.28,20.66,128.11,7.31,63.63,24.46,Moderate
96.44,93.56,45.99,4.78,21.96,39.23,Poor
49.41,51.67,82.51,8.34,31.1,29.08,Moderate
144.14,24.13,91.69,4.75,28.41,16.87,Poor
56.22,24.61,120.77,6.35,38.35,33.69,Moderate
142.61,33.65,14.68,4.94,70.01,37.84,Poor
76.55,19.03,81.34,7.17,33.26,17.23,Moderate
55.07,70.6,146.86,5.26,74.02,27.33,Moderate
102.85,87.05,85.83,4.75,28.6,36.68,Moderate
87.4,36.26,89.58,5.57,26.87,37.37,Moderate
66.01,31.03,64.33,8.18,22.66,20.0,Healthy
59.53,10.74,15.86,4.54,20.23,32.29,Poor
37.5,40.89,107.31,4.63,24.63,41.89,Moderate
93.57,67.7,79.83,8.36,20.1,16.82,Moderate
124.26,5.39,86.43,4.51,34.38,32.57,Moderate
86.63,58.19,27.82,5.68,59.7,15.63,Moderate
93.34,54.12,54.87,5.84,65.93,25.31,Healthy
21.18,96.39,23.9,7.69,10.98,24.84,Poor
82.13,7.83,111.44,5.54,47.88,36.39,Moderate
92.76,48.28,53.74,4.68,73.91,30.98,Healthy
98.41,46.85,59.04,4.69,21.83,26.49,Healthy
43.84,9.22,84.17,6.36,39.5,36.17,Moderate
93.93,5.13,115.48,6.43,46.18,39.02,Moderate
25.29,61.94,45.91,4.65,40.62,22.66,Moderate
10.21,51.83,50.11,6.24,10.82,25.85,Moderate
75.86,49.27,108.95,8.47,11.95,25.69,Moderate
129.94,64.44,147.62,7.35,60.7,17.05,Moderate
48.54,60.46,80.75,7.55,79.56,20.58,Moderate
69.98,87.35,126.53,7.77,53.43,41.82,Poor
60.11,16.05,24.22,6.24,66.35,27.23,Moderate
95.59,39.01,108.65,5.11,46.41,20.0,Moderate
75.6,45.9,92.66,6.54,78.3,39.31,Moderate
51.17,16.51,14.39,5.29,25.55,38.99,Moderate
139.48,26.89,115.02,7.84,36.43,38.53,Moderate
148.41,96.94,112.58,5.99,25.89,41.81,Poor
48.66,46.65,43.3,6.48,17.73,36.84,Moderate
80.71,44.85,57.66,6.82,64.59,39.37,Healthy
127.81,47.32,125.93,6.61,54.67,33.21,Moderate
65.96,51.18,105.43,5.73,62.28,24.56,Healthy
91.97,84.57,8.36,5.46,49.28,17.86,Moderate
38.78,76.16,8.74,6.94,12.39,18.13,Moderate
64.65,96.65,84.15,5.75,38.79,30.36,Healthy
96.72,30.45,33.61,6.48,55.14,37.05,Healthy
92.99,70.78,75.18,6.77,54.48,21.38,Healthy
140.77,37.81,92.68,6.74,69.73,18.07,Moderate
133.79,18.02,25.96,7.95,28.0,31.52,Moderate
74.91,93.76,118.4,5.84,66.94,21.1,Moderate
96.18,76.4,106.96,7.13,68.1,30.02,Moderate
139.97,18.76,56.58,7.63,31.56,26.96,Moderate
118.2,56.16,32.2,5.2,31.09,23.18,Healthy
29.13,84.29,45.98,7.71,78.14,23.96,Moderate
145.83,23.16,98.88,8.46,66.59,21.2,Moderate
46.03,29.93,141.73,5.48,45.67,24.45,Moderate
60.58,43.78,55.03,6.9,39.78,26.91,Healthy
80.84,38.84,114.41,6.51,45.64,20.67,Healthy
14.32,81.88,129.04,5.46,35.2,24.67,Moderate
105.79,22.79,146.91,4.75,78.16,16.86,Poor
54.45,28.82,42.65,8.48,42.08,18.23,Moderate
147.52,28.05,15.52,4.6,42.43,39.79,Poor
12.37,73.89,42.76,5.38,59.27,35.19,Moderate
88.26,24.21,5.91,7.45,51.97,26.41,Healthy
39.9,77.38,15.28,7.07,58.19,21.03,Moderate
77.67,54.42,90.74,8.1,48.25,16.82,Moderate
58.3,64.69,53.31,7.57,23.29,18.86,Moderate
42.34,88.23,103.74,6.58,31.02,39.8,Moderate
134.43,42.94,114.14,8.15,31.93,23.88,Moderate
86.41,43.79,115.41,6.65,24.83,24.62,Healthy
103.97,10.08,54.61,4.56,67.46,18.16,Moderate
20.81,79.73,17.98,7.24,36.59,37.19,Moderate
35.6,13.02,38.12,8.23,68.04,22.72,Moderate
38.86,19.9,37.07,5.32,72.17,15.54,Moderate
133.22,8.94,124.89,6.2,15.4,36.57,Moderate
45.9,88.41,114.08,8.43,68.23,21.51,Moderate
67.29,71.18,50.83,6.69,26.64,32.9,Moderate
57.9,10.24,145.33,7.88,31.26,18.5,Moderate
112.93,25.96,92.79,7.62,29.07,22.69,Healthy
18.63,35.39,91.63,5.12,76.72,34.51,Poor
38.55,55.41,61.76,6.03,49.2,17.92,Healthy
40.14,19.22,30.23,7.12,79.73,32.58,Moderate
147.86,59.82,46.08,7.99,14.7,17.77,Moderate
142.67,66.77,139.7,5.03,63.78,21.34,Poor
58.07,90.4,64.63,7.18,72.11,38.51,Moderate
11.25,20.03,138.2,6.75,43.61,16.76,Poor
13.51,95.57,73.71,7.65,25.4,21.4,Moderate
88.44,88.22,46.84,5.82,48.54,16.08,Moderate
63.03,57.85,5.7,7.05,13.57,34.44,Moderate
122.23,84.69,102.64,6.75,31.53,26.46,Moderate
22.19,72.17,8.58,6.15,45.43,32.55,Moderate
58.05,47.06,90.17,8.19,57.04,21.87,Healthy
128.62,10.23,44.48,4.93,41.29,32.2,Moderate
84.34,82.07,87.29,5.43,47.55,34.86,Moderate
80.41,46.99,81.72,6.69,31.74,38.06,Healthy
39.08,8.12,112.52,7.87,54.99,27.66,Moderate
146.53,40.22,63.86,6.86,40.13,29.99,Healthy
145.32,27.56,26.54,6.19,45.28,34.26,Moderate
143.72,70.42,148.14,5.49,24.62,23.28,Moderate
120.2,22.72,33.45,6.15,32.23,32.45,Moderate
134.62,18.17,84.28,4.85,25.5,23.35,Moderate
91.07,57.71,98.24,7.78,23.11,35.07,Moderate
103.38,12.57,54.98,4.61,16.31,22.66,Poor
44.04,90.52,134.6,6.81,61.45,41.99,Poor
67.43,54.63,99.42,8.18,65.79,16.74,Moderate
109.81,28.93,41.96,6.69,58.74,19.3,Healthy
54.03,73.03,27.04,7.9,41.92,30.82,Moderate
21.26,95.68,136.59,5.26,56.42,36.41,Poor
27.08,59.86,128.32,6.53,74.66,16.29,Poor
138.69,97.84,27.61,6.22,53.45,39.12,Poor
32.33,36.73,120.7,6.14,52.35,30.12,Healthy
146.24,18.45,142.52,6.76,73.29,18.18,Moderate
99.81,84.81,119.1,4.54,41.65,18.11,Moderate
31.4,72.1,143.7,7.04,17.17,21.59,Poor
63.04,16.91,127.96,5.28,19.07,34.59,Moderate
27.76,43.98,79.75,4.82,48.91,27.96,Moderate
103.58,25.82,56.71,7.14,12.49,18.13,Healthy
49.7,15.1,10.73,8.45,41.9,29.41,Moderate
45.69,5.73,113.86,7.4,78.08,15.57,Poor
29.18,72.65,52.86,4.76,31.07,17.37,Moderate
127.26,88.31,97.35,6.04,63.82,32.05,Moderate
120.88,53.54,143.96,5.66,52.29,36.82,Moderate
135.14,94.94,62.28,7.3,30.31,32.53,Moderate
35.79,45.04,138.43,7.74,44.76,18.96,Moderate
65.8,18.17,14.94,8.13,44.4,17.41,Moderate
110.33,12.05,62.44,5.42,21.52,29.41,Moderate
110.76,51.28,124.02,8.17,66.5,40.83,Moderate
140.07,84.09,47.43,5.2,60.89,37.83,Moderate
125.24,66.14,125.33,7.33,56.58,16.26,Moderate
74.47,8.22,18.39,6.66,13.32,39.66,Poor
73.05,71.5,26.43,7.89,43.46,30.09,Moderate
100.79,56.29,86.66,7.48,66.45,23.27,Healthy
139.09,38.62,44.49,5.75,35.1,23.56,Healthy
128.13,58.31,145.31,4.84,52.98,17.59,Moderate
74.24,41.36,103.71,7.48,26.67,20.23,Healthy
68.73,27.99,103.11,6.57,67.89,41.49,Moderate
62.94,91.64,117.69,5.1,68.51,28.0,Moderate
109.28,71.75,133.47,7.54,67.72,23.66,Moderate
146.24,67.85,117.19,7.94,18.66,24.08,Moderate
127.03,92.59,114.63,6.43,27.58,29.18,Moderate
65.62,89.13,87.25,6.07,44.89,40.21,Moderate
95.86,26.75,77.51,6.36,31.73,34.88,Healthy
47.56,51.79,68.95,6.37,49.67,33.45,Healthy
30.02,32.39,117.06,8.13,13.13,16.98,Poor
140.74,19.05,147.0,7.81,18.45,17.77,Poor
146.82,29.21,83.11,5.44,52.05,37.68,Moderate
101.97,9.43,91.3,7.14,24.06,35.58,Moderate
97.77,5.91,142.83,6.28,26.27,17.33,Moderate
62.42,34.24,48.2,7.67,55.21,18.59,Healthy
109.13,73.73,79.57,8.48,29.84,16.58,Moderate
14.03,35.45,77.2,4.81,49.61,39.32,Poor
121.56,68.88,100.95,7.42,44.59,25.85,Healthy
52.93,14.46,86.51,6.39,18.32,22.24,Moderate
120.21,29.28,66.73,5.15,21.89,35.42,Moderate
19.33,32.08,147.22,6.4,52.43,32.3,Moderate
37.46,40.09,63.1,5.42,26.38,31.41,Moderate
25.19,17.27,88.13,6.3,52.84,15.73,Moderate
108.69,85.74,81.0,7.86,37.98,17.13,Moderate
62.86,47.4,130.5,5.84,32.06,38.98,Moderate
45.14,66.03,52.36,8.31,23.27,34.55,Moderate
87.01,97.98,149.14,7.67,17.24,27.66,Poor
129.63,65.66,132.45,7.7,31.91,20.27,Moderate
55.16,71.11,74.75,4.68,61.97,16.21,Moderate
67.3,48.92,77.94,5.06,62.35,37.93,Healthy
107.71,95.35,42.34,5.14,14.71,34.48,Poor
32.7,94.13,91.76,7.72,40.43,34.84,Moderate
72.11,56.18,117.17,5.45,71.92,34.34,Moderate
114.52,27.63,18.07,4.79,55.29,19.05,Moderate
149.89,96.3,9.23,7.4,28.25,24.2,Poor
43.64,83.9,134.59,4.66,28.9,27.11,Moderate
83.06,13.33,125.35,8.24,38.2,38.15,Poor
104.69,61.22,123.76,6.39,48.34,22.42,Healthy
109.71,20.11,40.26,6.42,36.97,21.47,Healthy
36.86,86.79,90.67,6.01,69.2,37.28,Moderate
25.52,58.89,49.31,6.66,60.26,15.23,Moderate
81.9,32.71,82.43,4.94,67.23,29.68,Healthy
39.55,78.12,10.48,6.87,45.12,16.07,Moderate
44.96,12.33,111.2,7.32,16.25,17.95,Moderate
133.24,24.08,49.03,7.24,14.25,40.59,Moderate
13.22,85.67,57.33,5.1,36.42,41.27,Poor
84.06,10.63,141.52,5.07,13.83,16.23,Poor
125.69,19.54,30.95,8.28,52.81,22.71,Moderate
92.1,28.09,76.67,5.84,53.58,35.49,Healthy
58.79,18.67,56.58,7.53,65.1,36.21,Moderate
146.44,83.35,145.44,7.01,26.05,31.42,Moderate
37.7,13.11,48.69,5.95,59.62,24.8,Moderate
10.44,92.11,90.46,5.34,27.66,18.35,Moderate
136.92,26.87,141.39,5.56,65.95,15.28,Poor
77.66,40.08,53.51,8.47,60.46,21.91,Healthy
115.34,17.31,139.26,6.21,23.35,22.37,Moderate
31.72,93.4,49.35,5.07,66.9,20.76,Poor
23.18,68.5,6.07,7.83,49.39,21.66,Moderate
76.3,29.93,82.26,6.79,64.02,27.58,Healthy
120.13,11.58,138.59,5.24,68.56,28.36,Moderate
24.66,39.18,138.16,7.84,60.56,25.26,Moderate
92.43,27.05,98.94,5.54,68.03,34.02,Moderate
64.05,67.65,52.14,5.12,26.46,22.34,Healthy
41.73,69.44,112.25,6.33,79.15,39.06,Moderate
22.19,48.74,136.73,5.38,36.49,40.57,Poor
118.65,84.07,132.53,5.18,58.95,36.68,Moderate
41.71,9.12,30.86,7.47,58.6,39.08,Moderate
54.37,64.07,8.89,8.24,48.81,35.21,Moderate
49.73,12.79,14.11,7.76,20.64,37.25,Moderate
47.14,56.42,42.98,4.7,47.96,24.91,Healthy
70.92,62.15,50.48,6.76,56.04,17.42,Healthy
59.01,13.54,6.01,4.7,51.46,17.28,Poor
131.59,77.15,6.28,6.79,10.72,17.95,Moderate
148.35,48.42,8.95,7.9,74.21,29.81,Moderate
108.83,79.11,111.53,6.48,68.29,29.24,Moderate
46.33,5.39,57.0,4.83,14.43,27.67,Poor
142.11,15.02,44.69,7.82,38.13,35.49,Moderate
85.93,62.37,28.37,5.91,53.52,15.72,Moderate
36.37,41.72,102.82,6.54,60.31,34.63,Moderate
14.35,90.66,124.51,5.58,43.92,23.32,Moderate
136.93,41.37,62.43,8.15,52.05,18.72,Moderate
97.64,80.47,53.99,6.61,53.88,28.78,Healthy
149.88,53.15,98.29,7.67,19.56,16.19,Poor
146.22,74.56,62.03,4.57,21.65,15.26,Poor
65.5,57.71,28.28,7.06,76.8,41.74,Moderate
126.64,47.17,84.37,6.51,20.9,38.07,Moderate
104.61,65.6,36.95,5.11,71.11,19.84,Moderate
20.32,64.43,107.13,4.98,24.48,36.3,Moderate
140.14,50.27,119.84,5.78,59.23,30.04,Moderate
128.05,78.71,46.2,5.1,66.54,15.89,Moderate
105.07,50.21,15.92,7.25,43.8,38.22,Moderate
39.21,5.22,23.92,5.58,55.66,24.79,Moderate
26.55,98.25,20.69,5.92,71.36,32.62,Moderate
54.77,97.18,77.66,4.53,10.43,40.41,Poor
49.37,82.15,11.32,5.09,69.97,41.84,Poor
17.27,20.93,109.82,6.62,38.42,20.25,Moderate
142.36,21.37,43.46,5.8,19.7,29.48,Moderate
57.79,62.75,58.34,4.97,71.08,28.76,Moderate
55.06,6.55,91.69,7.63,55.5,36.27,Moderate
31.7,97.31,35.64,5.57,45.86,15.14,Poor
71.94,23.59,113.61,7.53,53.1,26.39,Moderate
53.43,83.61,78.53,6.49,17.94,20.9,Moderate
60.47,71.39,127.56,8.47,39.92,27.24,Moderate
117.25,35.52,83.38,7.21,26.54,22.55,Healthy
59.87,59.88,44.21,5.33,20.47,36.85,Moderate
134.04,90.95,124.14,5.05,16.84,28.48,Poor
83.0,74.62,37.32,8.22,31.7,30.6,Moderate
130.99,54.73,114.27,7.5,65.3,36.9,Moderate
64.94,39.54,121.51,6.82,52.54,26.12,Healthy
38.23,48.41,145.6,5.66,29.04,18.53,Moderate
77.37,32.41,104.63,5.04,27.31,16.67,Moderate
15.81,82.34,136.35,7.56,70.56,17.34,Moderate
135.74,49.27,116.45,6.96,34.49,22.15,Moderate
26.54,44.2,76.64,8.43,12.61,30.93,Poor
83.5,7.18,52.81,6.19,44.6,21.3,Healthy
14.77,32.92,126.27,7.73,22.65,32.45,Moderate
139.31,21.35,23.66,4.59,22.07,36.98,Moderate
123.96,56.34,53.37,7.73,23.65,18.78,Moderate
22.49,85.88,108.65,7.0,60.92,18.87,Moderate
63.87,82.34,137.93,6.55,18.54,41.42,Poor
65.3,35.3,22.4,4.55,52.26,31.54,Healthy
42.79,20.39,81.56,6.24,31.26,20.89,Moderate
130.3,98.46,56.56,7.29,70.59,15.73,Moderate
137.13,52.42,85.73,6.66,27.0,36.12,Moderate
112.53,14.1,86.6,8.33,70.98,31.9,Moderate
37.82,37.99,26.8,7.79,64.51,39.58,Moderate
18.88,96.65,145.13,7.2,71.72,26.84,Poor
53.88,19.67,9.58,4.67,58.41,24.09,Moderate
17.57,15.66,101.47,8.25,38.56,36.0,Moderate
146.3,72.29,109.84,6.96,78.44,23.09,Moderate
119.62,44.43,27.54,7.46,68.06,38.32,Moderate
139.06,75.77,81.5,8.25,24.67,17.09,Moderate
70.43,60.31,103.6,7.76,11.87,36.66,Moderate
94.02,95.53,55.45,6.97,63.66,28.94,Healthy
31.83,9.73,21.15,6.48,54.77,30.4,Moderate
109.81,8.7,24.77,7.54,64.68,33.96,Moderate
114.36,96.53,141.91,7.08,32.35,15.38,Poor
98.43,45.97,26.32,5.36,75.56,16.79,Moderate
120.25,90.69,104.81,4.75,69.21,32.64,Moderate
48.78,64.82,24.8,7.33,73.21,29.09,Moderate
143.29,46.62,129.35,7.59,16.19,39.64,Poor
137.46,38.38,120.05,5.4,12.13,20.61,Moderate
77.76,10.49,28.2,8.3,44.57,37.22,Moderate
38.93,13.41,118.18,5.9,42.19,41.79,Moderate
54.31,49.95,97.05,4.86,60.15,27.2,Healthy
34.5,45.9,71.8,7.06,75.6,35.66,Moderate
63.54,97.12,119.67,4.61,18.16,20.89,Poor
21.69,51.12,54.4,8.39,43.09,20.73,Moderate
145.9,53.82,15.59,4.82,57.27,28.36,Poor
97.39,85.72,103.8,7.95,61.99,33.21,Moderate
28.86,50.87,67.8,6.66,37.38,31.75,Healthy
64.94,57.97,62.26,8.11,36.14,34.74,Healthy
95.92,41.62,122.11,8.21,63.23,40.61,Moderate
71.08,91.81,132.05,7.55,68.46,34.71,Moderate
81.72,57.48,65.56,7.16,32.74,34.97,Healthy
80.72,38.55,26.35,5.52,54.81,24.99,Healthy
14.64,36.33,58.12,5.44,30.04,34.03,Moderate
114.48,96.1,22.12,5.75,15.39,31.56,Moderate
12.29,24.51,90.11,5.93,48.11,32.29,Moderate
127.45,42.32,45.44,6.66,14.88,16.13,Moderate
73.31,25.72,6.05,7.22,67.13,18.99,Moderate
88.95,98.48,43.97,7.42,21.35,40.17,Moderate
10.06,33.0,146.58,7.18,24.83,36.37,Moderate
135.73,51.29,27.62,5.53,76.02,19.35,Moderate
53.67,18.83,20.31,6.59,37.77,16.25,Moderate
30.33,8.58,8.57,5.21,62.06,15.4,Poor
52.63,58.65,112.84,7.21,79.19,22.44,Moderate
10.02,8.63,19.14,8.4,49.9,36.58,Poor
147.91,85.21,64.1,8.0,40.36,18.08,Poor
86.74,92.0,118.76,6.11,69.84,27.53,Moderate
105.84,36.65,33.23,5.75,71.26,41.72,Moderate
46.95,20.71,15.31,7.52,46.96,30.01,Moderate
16.33,12.7,137.62,6.81,25.34,20.6,Poor
43.73,11.06,12.22,7.38,28.46,25.38,Moderate
85.23,35.41,74.42,7.96,27.09,36.36,Moderate
46.95,22.76,15.54,7.24,38.81,35.8,Moderate
28.57,62.32,6.88,5.44,52.68,16.51,Poor
62.81,58.36,110.5,7.32,20.37,17.03,Moderate
62.69,27.88,49.33,5.87,37.8,29.0,Healthy
11.3,33.31,43.33,5.44,65.2,21.79,Moderate
31.14,85.92,60.53,5.24,62.58,32.74,Moderate
142.34,88.39,105.68,5.14,43.82,18.21,Poor
86.92,92.09,5.55,8.0,47.75,19.08,Poor
129.82,56.01,69.98,6.5,20.32,18.04,Moderate
102.62,88.64,105.7,7.86,69.13,15.87,Moderate
117.93,78.35,55.75,6.14,62.18,41.64,Healthy
148.3,50.02,119.48,6.36,70.62,32.54,Moderate
141.13,99.74,52.88,8.42,58.48,21.43,Poor
10.44,69.96,37.25,5.43,48.65,15.83,Moderate
68.29,80.94,8.95,7.0,21.09,38.3,Moderate
64.7,82.15,109.95,8.01,46.18,28.13,Moderate
15.24,55.71,80.69,6.93,19.17,29.58,Moderate
73.56,61.62,100.78,5.95,45.28,25.67,Healthy
117.17,80.66,47.48,5.54,57.48,35.9,Moderate
11.52,45.61,49.62,7.57,20.05,36.01,Moderate
102.6,85.08,148.59,6.41,58.96,34.17,Moderate
128.24,54.22,20.61,8.42,13.98,40.98,Poor
45.75,51.79,142.85,7.21,50.99,23.8,Healthy
50.94,8.11,90.02,6.22,25.7,25.37,Moderate
141.73,85.6,67.41,8.42,42.35,24.43,Poor
64.31,88.09,43.82,5.39,77.24,34.83,Moderate
116.93,75.33,104.02,4.86,62.76,21.72,Moderate
28.54,98.39,9.04,4.63,31.69,37.79,Poor
146.91,16.26,62.34,7.44,55.19,21.3,Healthy
56.09,61.47,10.13,7.53,29.28,37.37,Moderate
105.71,66.31,116.27,4.8,28.2,29.09,Moderate
118.8,85.66,60.41,7.67,25.42,17.23,Moderate
44.52,90.8,83.89,6.43,62.03,15.27,Moderate
26.56,14.46,22.64,6.31,29.65,36.21,Moderate
127.47,92.87,33.43,6.51,13.41,21.48,Moderate
96.11,45.13,105.15,7.86,14.17,40.34,Moderate
15.94,98.26,97.46,4.67,37.55,21.97,Poor
121.8,26.42,124.8,5.75,79.24,22.3,Moderate
105.89,81.02,36.39,4.8,48.59,33.28,Moderate
124.42,30.91,131.48,8.16,64.54,15.21,Poor
22.21,99.79,111.42,7.01,73.1,16.07,Poor
116.03,67.19,127.99,7.61,43.95,16.92,Moderate
137.32,77.53,56.68,8.44,31.78,25.01,Moderate
146.45,68.47,132.48,8.05,47.55,22.21,Poor
128.64,52.68,86.83,6.67,10.67,16.24,Moderate
96.29,80.47,71.27,5.26,38.46,35.74,Moderate
25.21,58.22,106.82,6.16,52.09,38.85,Moderate
39.79,17.83,13.82,7.4,73.04,33.64,Moderate
146.7,72.27,46.83,5.52,56.67,33.25,Moderate
83.33,55.05,65.41,5.9,54.38,35.18,Healthy
123.88,34.24,129.37,5.71,31.34,36.76,Moderate
145.71,93.56,21.11,5.65,63.19,36.77,Moderate
80.6,6.53,77.77,4.62,29.7,32.74,Moderate
28.84,72.69,95.1,6.22,36.05,39.7,Moderate
87.44,89.45,64.8,6.88,76.82,18.35,Moderate
46.79,92.09,66.19,5.59,79.81,17.76,Moderate
95.62,79.87,119.08,6.27,13.08,37.71,Moderate
122.38,27.55,54.38,6.55,17.99,37.16,Moderate
139.09,34.28,138.98,7.7,60.95,41.17,Poor
55.45,91.99,19.27,6.41,48.64,18.32,Moderate
113.23,50.14,71.05,6.83,19.43,20.4,Healthy
35.3,95.43,117.11,6.62,56.16,32.55,Moderate
46.73,13.23,85.47,5.55,71.14,21.37,Moderate
90.2,44.91,112.72,8.3,38.81,16.2,Moderate
102.6,17.27,20.15,7.15,17.2,18.48,Moderate
71.47,47.97,137.49,5.6,38.07,34.1,Moderate
125.78,38.17,96.51,7.0,31.22,18.2,Moderate
105.55,30.47,51.15,6.79,21.26,21.52,Healthy
72.45,88.46,116.98,5.77,31.14,41.66,Moderate
101.47,70.13,12.99,4.92,30.61,37.73,Moderate
137.49,23.15,108.56,8.0,71.52,27.39,Moderate
46.23,95.85,45.1,5.51,24.4,29.38,Moderate
25.01,59.22,141.83,6.52,77.57,39.45,Poor
120.92,62.77,132.7,6.72,24.5,39.98,Moderate
80.31,91.24,62.01,5.84,63.62,32.13,Moderate
71.56,88.47,79.9,4.55,58.52,16.71,Poor
77.35,23.25,40.09,8.42,17.94,35.46,Moderate
99.24,23.53,140.62,5.31,46.09,36.34,Moderate
116.9,35.37,126.69,8.35,43.18,32.61,Moderate
61.03,38.64,73.11,5.29,58.26,19.47,Healthy
10.73,46.75,16.08,6.75,46.43,18.71,Moderate
44.44,7.32,91.12,5.67,59.91,32.01,Moderate
62.3,7.06,51.42,5.8,33.29,40.74,Moderate
33.04,30.66,125.7,8.2,42.78,29.58,Poor
17.4,81.76,91.21,6.42,31.18,26.98,Moderate
112.94,12.67,78.49,4.64,64.06,20.7,Moderate
136.47,50.23,71.3,5.94,46.15,24.13,Healthy
60.39,23.58,55.06,7.75,27.2,37.17,Moderate
130.58,68.3,9.45,6.74,68.32,24.88,Moderate
49.6,35.53,66.35,4.78,26.64,32.47,Moderate
76.15,28.5,139.98,5.68,19.05,20.38,Moderate
51.52,54.64,14.62,7.92,71.42,23.6,Moderate
118.54,61.97,127.59,5.61,52.72,16.96,Moderate
11.32,88.1,47.71,6.28,26.22,38.67,Poor
63.83,22.02,93.16,5.32,28.25,33.17,Moderate
144.29,76.71,23.0,5.75,65.75,22.43,Moderate
113.61,49.82,133.24,5.94,75.42,26.0,Moderate
111.67,23.54,81.96,5.74,10.89,26.81,Moderate
34.15,96.07,122.25,7.46,41.73,22.0,Moderate
55.41,24.41,85.02,7.75,23.12,15.12,Moderate
27.58,48.79,7.7,6.11,17.78,17.91,Poor
109.77,99.95,33.2,5.42,30.75,36.2,Moderate
80.83,59.21,84.24,8.25,12.44,19.26,Moderate
63.5,51.36,21.52,8.07,57.45,40.17,Moderate
141.71,53.69,128.69,7.45,35.24,32.75,Moderate
143.38,77.58,107.86,5.39,68.18,25.52,Moderate
97.37,69.38,79.71,5.16,58.82,21.68,Healthy
47.15,17.05,94.89,4.97,34.17,39.02,Moderate
73.43,89.98,76.44,5.22,63.12,24.54,Healthy
145.3,29.9,124.21,6.48,68.95,19.94,Moderate
98.71,15.75,121.8,5.44,39.93,32.71,Moderate
76.95,79.0,104.78,5.02,64.14,26.43,Moderate
93.69,25.57,66.35,7.77,74.84,40.34,Moderate
108.01,12.5,69.18,5.27,58.83,19.36,Moderate
146.86,23.48,12.64,7.87,24.16,15.65,Poor
86.73,97.08,43.79,6.13,26.6,30.07,Healthy
55.19,61.18,74.31,8.22,56.9,33.43,Moderate
78.11,33.8,50.52,6.52,23.43,18.58,Healthy
62.13,17.4,38.46,6.64,65.31,21.07,Healthy
120.83,6.48,149.57,6.57,43.31,32.57,Moderate
76.52,43.76,58.79,8.41,70.3,28.57,Healthy
127.1,19.16,81.77,6.3,32.74,39.8,Moderate
126.55,91.17,97.11,6.0,62.98,17.93,Moderate
129.43,7.73,123.64,7.32,16.19,18.97,Moderate
73.33,33.49,130.76,5.27,39.2,22.03,Healthy
27.81,29.68,129.7,7.36,74.0,25.94,Moderate
43.66,7.5,76.8,4.66,10.3,31.33,Poor
33.08,58.18,88.16,7.4,36.82,34.04,Healthy
61.24,14.29,49.95,4.53,42.37,34.99,Moderate
119.86,27.05,20.32,5.24,78.86,23.43,Moderate
70.1,12.18,119.45,6.29,16.12,27.77,Moderate
109.86,49.94,145.45,7.99,46.04,40.39,Moderate
123.59,39.99,116.85,6.52,47.74,29.06,Healthy
122.51,92.26,51.33,7.07,53.99,38.96,Moderate
72.61,23.07,34.45,4.71,17.05,23.13,Moderate
24.36,87.75,57.49,5.97,63.03,23.14,Moderate
110.13,83.13,57.23,6.41,32.56,26.43,Healthy
91.3,38.22,72.3,6.48,11.72,19.42,Healthy
85.79,5.25,107.11,8.12,62.82,23.48,Moderate
72.98,66.82,103.66,8.41,44.51,21.74,Healthy
60.71,92.63,96.74,7.96,60.69,41.07,Moderate
80.17,95.24,133.45,7.87,75.74,29.19,Poor
114.0,57.76,117.56,7.56,63.09,26.57,Healthy
121.48,88.27,97.26,6.32,69.73,36.02,Moderate
75.74,60.09,104.44,7.25,31.77,22.9,Healthy
134.23,94.02,63.3,8.15,42.95,19.51,Moderate
112.6,9.36,21.52,8.26,46.23,22.19,Moderate
77.26,59.93,97.64,5.89,37.12,29.84,Healthy
97.73,92.53,61.88,8.0,79.53,24.15,Moderate
13.82,62.42,136.03,4.71,23.8,33.26,Poor
123.35,13.23,57.74,5.45,77.54,33.43,Moderate
76.59,86.92,82.96,8.15,26.72,15.74,Poor
70.02,24.41,126.18,6.63,30.21,35.89,Moderate
83.76,52.77,31.21,8.48,56.13,38.08,Moderate
116.36,52.78,6.41,7.17,17.05,40.96,Poor
44.9,39.9,84.98,6.51,55.86,36.15,Healthy
116.07,91.27,73.14,6.64,71.19,22.62,Healthy
44.43,5.87,112.08,7.25,29.37,18.51,Moderate
15.95,51.35,33.05,7.67,76.5,35.98,Moderate
129.22,99.13,112.42,6.77,66.7,30.22,Moderate
70.55,8.09,98.23,8.09,58.52,25.91,Moderate
96.37,82.23,115.81,6.46,35.32,25.72,Healthy
137.11,21.14,130.13,5.28,78.66,27.11,Poor
112.68,74.29,117.02,7.66,12.74,22.38,Moderate
42.16,71.37,104.08,5.69,65.55,23.41,Moderate
58.01,42.89,112.97,4.55,73.45,33.69,Moderate
92.12,27.55,118.9,7.99,45.11,22.9,Healthy
63.28,44.54,49.36,7.35,33.95,37.17,Healthy
74.92,64.75,142.45,6.28,21.92,29.85,Healthy
79.53,79.35,129.73,7.35,78.0,22.27,Moderate
43.49,32.67,102.28,5.43,16.19,41.4,Moderate
54.05,26.13,57.02,5.13,12.5,23.25,Moderate
57.3,82.05,68.17,7.45,61.5,36.3,Moderate
138.59,52.37,20.07,4.65,23.08,37.39,Moderate
90.41,18.31,24.23,8.07,46.4,19.64,Moderate
135.54,73.47,74.28,6.36,57.09,24.13,Healthy
149.99,79.53,97.94,7.25,79.73,15.29,Poor
13.2,79.58,35.36,7.24,45.23,23.6,Healthy
42.39,78.79,29.79,5.13,40.94,18.22,Moderate
99.81,99.24,113.45,6.91,37.62,41.68,Moderate
133.19,82.96,38.35,4.99,22.46,21.98,Moderate
21.44,89.4,31.85,5.41,72.17,40.87,Poor
41.05,32.95,121.01,8.38,55.48,26.95,Moderate
104.44,79.13,21.34,6.24,70.01,34.05,Moderate
31.53,76.75,101.78,5.56,34.08,23.49,Moderate
149.05,22.45,125.27,6.62,71.64,41.51,Poor
144.55,86.15,64.97,5.59,32.36,32.63,Moderate
57.86,46.31,16.56,7.58,17.8,24.1,Moderate
92.66,55.46,134.5,7.13,65.23,23.19,Healthy
28.52,75.62,27.27,7.84,76.01,22.64,Moderate
116.54,46.55,48.35,6.22,55.27,41.68,Healthy
52.01,72.06,53.56,5.51,54.23,35.55,Moderate
110.43,94.55,20.57,6.66,30.36,37.06,Moderate
18.68,21.7,116.94,5.92,57.73,41.96,Moderate
74.38,55.63,146.42,7.49,23.77,36.72,Moderate
82.22,79.8,91.79,5.41,67.01,15.05,Moderate
134.32,82.77,145.67,4.64,40.63,19.57,Moderate
62.36,39.18,91.65,6.25,77.59,22.5,Healthy
68.63,71.56,45.1,7.4,59.61,34.23,Healthy
104.51,82.66,149.27,4.72,44.8,36.95,Moderate
10.01,56.79,100.67,5.27,38.06,36.32,Moderate
19.34,17.81,123.62,7.74,51.33,26.24,Moderate
24.79,82.09,40.05,8.15,64.31,17.19,Moderate
98.97,92.46,132.48,6.95,22.04,33.37,Moderate
103.26,60.93,43.53,8.1,45.18,23.02,Healthy
45.73,31.7,71.86,5.42,46.22,20.18,Healthy
47.93,16.37,56.82,6.12,38.26,34.57,Moderate
77.67,70.84,9.81,6.25,16.29,27.48,Moderate
96.13,80.69,84.78,6.02,28.51,40.85,Moderate
37.76,9.03,23.25,8.49,73.43,23.65,Moderate
10.54,77.88,48.58,4.59,41.96,26.45,Moderate
60.65,67.07,110.27,6.74,10.98,15.61,Moderate
133.44,22.71,62.72,4.91,26.05,28.1,Moderate
42.98,67.61,58.26,7.65,52.14,21.86,Healthy
123.17,93.55,22.41,7.18,54.16,33.08,Moderate
14.37,7.67,47.75,4.82,35.63,38.56,Poor
59.62,42.32,43.79,6.19,65.83,37.43,Moderate
68.95,42.7,33.28,8.4,31.77,24.25,Healthy
70.18,12.64,52.64,8.22,15.21,21.49,Poor
40.49,27.33,143.42,7.33,74.39,38.16,Moderate
97.46,58.18,78.82,7.26,59.13,31.19,Healthy
72.85,69.16,27.72,6.71,46.35,29.44,Healthy
81.51,76.28,114.84,5.82,34.55,15.45,Moderate
25.86,29.92,116.03,7.69,27.36,38.48,Moderate
62.6,80.81,72.69,7.35,34.94,16.91,Moderate
45.57,71.22,138.1,7.01,63.83,15.38,Moderate
116.41,84.38,64.83,6.48,13.67,19.72,Moderate
17.91,74.48,120.98,4.93,74.51,37.67,Moderate
90.68,97.94,132.96,5.39,76.78,26.96,Poor
31.68,24.01,104.21,8.45,41.17,30.47,Moderate
52.03,85.32,21.7,6.83,51.04,15.03,Moderate
141.68,97.56,72.78,7.4,69.41,18.15,Moderate
21.85,70.48,86.13,7.22,50.04,34.61,Moderate
31.69,25.48,39.37,6.17,63.17,37.45,Healthy
66.18,62.19,47.8,6.4,75.86,22.27,Healthy
120.31,9.01,55.06,7.14,64.32,30.99,Healthy
131.69,82.97,94.54,5.89,35.46,31.61,Moderate
101.92,42.49,62.64,5.21,10.02,27.46,Healthy
126.32,77.82,149.12,7.18,26.37,33.29,Moderate
125.99,65.89,74.85,6.97,11.81,22.16,Healthy
32.08,44.27,134.49,5.25,14.97,35.98,Poor
131.51,55.48,59.6,6.22,56.13,37.44,Healthy
36.52,90.71,100.32,7.45,16.08,39.8,Poor
83.95,39.4,62.85,5.67,21.41,15.94,Moderate
47.02,52.18,101.68,7.43,51.69,18.13,Moderate
70.42,68.4,112.76,5.8,74.99,36.48,Moderate
129.24,68.32,65.0,8.24,73.1,37.37,Moderate
134.76,92.08,113.22,5.3,47.7,31.63,Moderate
118.27,52.04,79.37,8.48,41.65,18.51,Healthy
109.36,39.44,41.04,7.01,76.81,23.45,Healthy
62.12,49.22,104.76,6.08,39.76,33.92,Healthy
147.92,35.07,89.87,7.68,24.85,37.09,Moderate
59.69,15.55,8.61,4.63,65.83,33.22,Moderate
121.09,76.53,60.24,8.23,71.46,24.41,Moderate
118.21,82.87,75.83,4.98,33.38,41.7,Moderate
110.23,78.6,137.23,5.31,77.79,28.99,Moderate
114.25,35.23,52.76,5.94,34.36,16.69,Moderate
53.34,66.5,135.79,4.67,11.16,30.99,Poor
107.95,62.78,146.09,5.42,43.69,39.73,Moderate
96.45,59.83,140.26,5.86,21.0,18.49,Moderate
125.06,86.41,38.91,6.33,50.94,18.75,Moderate
128.83,44.79,130.2,7.54,30.65,34.35,Moderate
113.7,34.57,41.79,7.79,57.46,34.97,Healthy
53.83,73.61,108.57,5.83,28.93,26.65,Moderate
113.47,23.39,131.77,5.52,68.77,19.21,Moderate
113.52,58.33,100.91,8.4,13.68,19.03,Moderate
21.07,54.37,121.41,4.72,64.56,26.69,Moderate
141.8,41.36,147.77,6.73,79.3,32.06,Poor
58.49,81.32,75.61,5.74,43.48,38.54,Moderate
112.52,21.51,126.6,6.23,15.8,18.97,Moderate
19.26,69.28,42.35,4.89,35.6,38.41,Poor
98.02,51.19,111.31,4.8,71.79,19.8,Moderate
12.99,39.42,13.47,5.17,61.73,25.93,Poor
10.97,66.16,107.53,8.11,20.82,38.14,Poor
109.22,58.54,42.96,6.33,23.88,34.38,Healthy
108.5,23.2,41.63,8.1,43.02,29.88,Healthy
144.21,24.67,95.93,7.6,32.36,23.34,Moderate
135.55,14.44,27.82,6.14,65.89,27.28,Moderate
47.88,44.93,69.59,7.41,70.81,23.67,Healthy
109.2,71.63,116.21,6.8,11.03,32.71,Moderate
95.72,63.09,45.79,4.89,23.25,20.84,Healthy
34.31,28.23,14.96,5.58,79.85,28.81,Poor
58.22,73.45,73.07,4.62,48.32,23.21,Moderate
89.97,21.46,74.97,5.27,30.92,33.55,Moderate
41.87,44.63,15.61,7.25,47.73,36.97,Moderate
84.91,99.45,39.96,7.47,40.26,25.15,Healthy
112.41,95.78,114.56,5.82,45.69,20.86,Moderate
96.83,43.25,38.08,4.58,74.77,17.13,Moderate
56.1,23.09,76.65,5.28,61.53,21.07,Moderate
35.96,25.6,48.15,7.07,24.67,33.81,Moderate
70.22,23.72,39.81,6.61,36.5,28.87,Healthy
123.76,9.35,62.07,6.16,27.56,26.93,Moderate
89.33,60.57,102.13,4.81,42.2,35.46,Moderate
73.71,67.37,90.62,6.36,15.52,32.1,Healthy
84.83,5.54,34.99,4.75,49.92,15.41,Poor
127.94,95.01,146.46,5.41,44.66,39.06,Poor
106.23,33.38,125.92,6.8,61.1,41.17,Moderate
149.65,52.96,27.71,6.98,55.07,30.45,Healthy
69.09,60.25,82.44,8.28,68.63,25.63,Healthy
89.92,58.78,79.05,4.73,59.88,34.74,Healthy
77.79,90.65,147.67,7.75,74.95,28.16,Moderate
137.99,93.83,95.42,5.1,20.66,27.75,Poor
112.98,52.63,120.98,7.58,24.25,18.58,Moderate
108.82,35.44,140.05,7.97,41.59,30.67,Healthy
128.59,87.78,85.76,8.39,46.47,16.11,Poor
88.78,78.82,147.82,4.92,40.84,30.84,Moderate
133.4,73.01,38.53,7.94,56.5,39.17,Moderate
126.81,17.28,144.27,6.32,78.78,20.05,Moderate
121.06,33.96,11.5,8.48,31.25,17.17,Moderate
130.47,46.04,88.59,8.44,43.65,16.81,Moderate
106.77,72.51,33.16,6.68,35.85,16.35,Healthy
53.62,91.41,48.54,5.39,75.86,25.32,Moderate
141.68,88.62,73.22,6.04,19.64,20.15,Poor
42.54,49.68,58.96,7.7,30.77,26.46,Moderate
27.18,30.77,118.54,7.33,38.16,30.59,Healthy
74.17,90.05,62.23,7.39,25.3,26.72,Healthy
84.11,14.94,90.18,6.8,21.11,41.96,Moderate
22.95,90.05,76.27,5.39,17.9,33.88,Poor
115.62,68.98,65.88,5.19,65.27,38.52,Moderate
64.86,84.92,97.16,6.61,52.74,17.91,Healthy
27.56,74.04,145.64,6.53,13.78,16.84,Poor
75.43,67.48,27.46,4.63,61.06,18.95,Moderate
71.35,74.74,23.17,6.27,17.8,24.38,Moderate
137.74,70.18,8.35,5.04,30.57,39.18,Poor
114.59,63.66,27.13,8.22,66.57,21.46,Moderate
66.61,45.7,90.19,6.0,24.7,33.01,Moderate
104.86,47.03,75.56,4.7,41.93,36.61,Healthy
92.81,92.47,108.89,7.61,42.09,19.68,Moderate
137.71,67.62,136.87,6.97,41.81,18.64,Moderate
65.68,61.77,139.96,7.82,45.92,27.1,Healthy
14.66,38.36,147.29,7.46,46.73,38.28,Poor
13.23,95.97,106.45,4.55,59.39,17.24,Poor
99.54,33.58,35.75,7.01,40.38,16.74,Healthy
125.13,30.28,94.64,6.94,13.93,41.93,Moderate
72.67,24.51,68.33,6.91,10.21,23.1,Healthy
85.09,70.98,50.43,6.12,25.49,22.91,Healthy
106.23,37.04,45.54,5.69,52.89,30.14,Healthy
66.97,65.07,98.21,4.55,33.73,21.6,Healthy
126.08,31.17,51.01,6.65,48.32,36.9,Healthy
64.31,31.71,93.2,7.41,79.48,31.69,Healthy
78.7,17.64,148.1,7.24,21.55,27.41,Moderate
88.44,25.6,111.21,7.1,26.36,41.72,Moderate
142.81,30.22,69.06,8.08,38.44,40.78,Poor
38.06,73.78,91.93,5.88,60.25,15.65,Moderate
42.32,29.82,22.03,4.64,34.71,20.89,Moderate
28.6,19.94,124.81,4.88,60.74,16.46,Poor
15.69,47.01,60.37,6.68,59.19,23.36,Healthy
37.22,83.1,28.97,7.69,51.1,22.81,Moderate
54.0,40.21,90.71,8.42,32.28,40.43,Moderate
38.72,15.73,82.16,8.41,43.94,36.6,Moderate
76.16,85.75,122.85,7.24,53.08,28.99,Healthy
143.95,57.95,53.89,8.03,56.2,30.07,Moderate
105.5,38.14,66.02,5.28,69.85,32.97,Moderate
125.4,35.15,149.34,5.93,34.76,40.94,Moderate
101.71,93.68,95.36,5.49,37.35,38.19,Moderate
78.52,72.35,29.15,6.1,68.76,40.41,Moderate
55.4,21.39,8.4,5.01,68.5,27.3,Moderate
50.83,78.69,120.05,5.95,73.1,27.5,Moderate
46.57,90.48,27.18,8.48,52.93,39.71,Poor
35.04,41.97,131.62,7.85,71.03,22.57,Moderate
96.47,42.01,51.51,6.58,60.05,29.0,Healthy
42.27,81.71,146.78,5.95,69.45,38.32,Moderate
46.47,72.0,141.07,7.46,12.1,31.32,Moderate
118.98,63.72,9.17,4.98,66.11,28.18,Moderate
144.12,44.42,124.15,4.64,68.87,38.19,Poor
60.69,34.4,136.94,7.61,51.86,26.78,Healthy
137.69,75.99,65.44,6.49,16.89,36.89,Moderate
127.84,38.79,49.9,5.51,22.14,40.59,Moderate
116.26,46.17,20.97,5.06,59.69,20.48,Healthy
58.7,95.92,89.27,7.73,17.27,23.92,Moderate
135.38,81.99,109.9,6.85,28.83,30.81,Moderate
17.11,24.22,80.15,4.51,26.26,19.11,Moderate
58.37,86.54,142.38,5.16,26.18,37.87,Poor
34.17,75.43,17.39,7.09,28.6,35.24,Moderate
82.71,22.0,63.32,6.56,79.72,27.97,Healthy
31.17,57.75,36.93,8.02,68.38,18.47,Moderate
92.37,71.17,41.49,7.01,42.39,28.02,Healthy
87.18,59.16,107.92,6.31,60.58,28.12,Healthy
102.79,30.0,83.55,6.37,31.15,16.68,Healthy
81.43,5.93,61.53,5.98,54.36,41.66,Moderate
130.12,97.63,142.89,4.8,29.74,23.02,Poor
19.94,85.43,134.82,6.92,72.37,34.29,Poor
71.68,19.24,143.98,7.27,34.79,18.47,Moderate
121.86,81.19,83.74,8.5,37.05,40.44,Moderate
98.24,74.96,137.98,7.82,30.21,38.42,Moderate
85.56,9.26,102.7,6.5,47.56,26.11,Healthy
18.97,22.12,114.69,5.44,53.94,29.63,Moderate
41.0,31.65,60.62,8.02,75.89,25.44,Moderate
16.46,62.09,65.55,6.47,40.94,32.67,Healthy
52.62,89.8,66.08,5.87,74.61,24.67,Moderate
21.63,19.76,108.57,6.75,47.42,17.21,Moderate
32.97,42.64,69.96,6.01,45.19,34.81,Healthy
99.0,63.07,85.88,5.3,52.32,19.28,Healthy
109.81,47.97,89.31,7.95,36.12,17.69,Healthy
134.8,39.67,63.95,5.68,39.41,29.07,Healthy
128.06,73.42,79.43,7.56,69.35,16.57,Moderate
92.91,9.11,49.68,7.55,65.39,38.86,Moderate
79.75,12.99,23.38,5.48,36.05,29.22,Moderate
100.43,20.44,32.4,5.19,62.85,23.16,Healthy
33.34,45.98,40.89,5.98,67.68,24.02,Moderate
34.48,27.08,9.98,8.1,58.79,27.51,Poor
88.52,29.14,63.53,5.78,67.72,35.07,Moderate
49.74,77.41,18.62,5.31,17.45,21.43,Moderate
41.67,90.55,52.47,5.92,16.98,16.78,Poor
40.71,17.78,54.97,5.24,22.47,32.48,Moderate
141.89,6.19,107.31,7.14,50.95,33.69,Moderate
81.22,93.06,27.94,6.39,55.71,39.53,Moderate
78.24,97.81,100.19,7.3,67.27,34.82,Moderate
83.17,78.4,10.18,8.23,67.62,32.22,Moderate
19.63,33.02,41.78,5.53,57.05,38.66,Moderate
105.43,41.93,145.54,7.95,57.98,25.73,Healthy
105.74,43.76,27.5,6.98,58.87,24.43,Healthy
140.1,86.15,89.51,4.74,11.21,32.28,Poor
123.93,52.53,8.41,5.08,24.79,31.95,Moderate
78.05,14.71,77.74,7.98,40.74,19.04,Moderate
90.92,93.29,21.81,5.13,49.68,24.18,Moderate
135.38,72.71,26.33,7.98,54.96,28.33,Moderate
45.92,66.72,135.28,4.65,36.26,40.26,Poor
63.61,8.41,19.71,7.26,59.01,18.11,Moderate
40.69,58.57,104.55,5.13,41.95,30.17,Moderate
16.96,26.26,138.24,8.02,32.57,38.44,Poor
98.56,98.25,145.1,6.97,42.75,18.84,Moderate
84.25,42.84,98.61,4.86,68.44,41.11,Moderate
39.31,65.11,121.28,6.72,75.48,28.82,Moderate
47.88,49.8,75.74,5.51,65.09,31.68,Moderate
61.85,45.06,58.9,6.29,46.97,23.94,Healthy
124.54,93.19,80.81,7.35,75.14,20.18,Moderate
36.56,11.9,69.1,5.82,49.24,27.18,Moderate
36.63,42.16,9.19,6.65,28.97,18.03,Moderate
19.22,72.87,40.86,7.14,67.09,28.5,Moderate
28.63,63.38,15.38,7.77,63.31,25.86,Moderate
47.67,72.41,87.25,5.08,63.14,24.02,Moderate
135.14,83.8,44.99,5.52,37.85,36.72,Moderate
28.29,35.02,100.57,4.63,13.91,35.58,Poor
83.13,57.97,41.09,6.63,48.15,26.17,Healthy
145.02,9.68,65.16,7.93,24.44,40.24,Poor
69.57,19.88,18.5,5.81,74.38,40.36,Moderate
88.86,16.23,71.21,6.17,26.17,17.05,Moderate
63.42,40.33,107.08,6.08,10.92,15.54,Moderate
106.25,67.77,28.25,7.96,56.38,19.16,Moderate
50.27,97.5,64.12,5.45,46.69,20.55,Moderate
120.84,80.46,121.12,6.97,58.58,23.68,Moderate
133.04,18.7,41.9,8.47,77.23,28.71,Moderate
79.88,16.1,100.65,4.62,32.0,26.3,Moderate
135.16,97.0,146.23,7.7,30.3,16.22,Poor
69.59,33.25,100.0,5.98,72.35,25.1,Moderate
62.92,77.12,90.55,5.52,57.37,30.2,Healthy
24.57,49.39,138.21,5.35,39.02,22.45,Moderate
85.17,97.64,49.93,7.83,68.68,22.0,Moderate
118.16,98.87,143.33,6.92,20.62,18.22,Moderate
47.35,62.12,61.0,7.3,65.14,19.87,Moderate
136.74,10.75,43.41,7.76,22.86,20.94,Moderate
146.59,91.67,122.85,5.2,27.86,21.35,Poor
36.48,97.19,29.07,7.49,13.57,29.68,Moderate
19.92,10.87,38.38,8.2,54.72,32.59,Poor
51.67,73.74,103.83,6.35,57.78,38.41,Moderate
144.45,99.68,75.81,4.63,26.04,20.31,Poor
52.08,39.25,101.96,6.6,55.48,41.24,Moderate
16.87,6.37,101.5,6.69,43.79,38.04,Poor
32.24,59.49,140.13,6.28,50.59,16.89,Poor
58.89,8.93,87.99,6.86,76.56,32.24,Moderate
10.42,84.16,52.8,7.36,28.48,35.53,Moderate
139.85,12.54,83.93,6.66,30.05,24.23,Moderate
104.66,32.8,9.44,7.58,53.76,21.76,Healthy
144.62,90.35,144.83,6.55,26.46,19.69,Poor
142.79,89.63,112.44,6.54,36.91,33.99,Moderate
11.33,54.81,103.41,7.52,41.58,35.12,Moderate
23.42,27.16,25.97,5.86,34.09,25.1,Moderate
75.22,46.45,76.12,7.51,19.94,24.47,Healthy
10.02,7.68,92.93,8.0,31.41,25.85,Poor
39.38,18.57,133.19,6.79,59.34,38.81,Moderate
92.38,22.13,108.43,7.49,38.98,31.65,Healthy
77.84,36.63,102.5,5.49,32.92,25.95,Moderate
96.05,85.96,94.16,7.4,30.49,30.86,Healthy
24.54,49.01,105.03,5.22,73.15,26.26,Moderate
103.96,49.64,111.18,6.84,18.58,39.97,Moderate
102.41,49.85,103.11,5.54,63.83,26.1,Healthy
122.7,31.04,119.59,8.13,78.66,35.97,Moderate
108.56,54.39,20.33,6.74,49.43,16.75,Healthy
106.69,19.15,91.51,6.39,71.25,21.27,Healthy
33.97,57.36,71.74,5.15,52.96,39.46,Poor
113.64,24.91,39.57,6.73,57.43,41.43,Healthy
24.67,56.9,148.17,4.94,78.08,27.48,Poor
110.43,45.4,126.95,8.13,21.67,35.18,Moderate
12.9,31.3,85.09,6.91,35.57,22.3,Healthy
34.03,27.77,23.88,5.54,67.49,22.76,Moderate
137.08,28.3,76.33,5.17,11.2,31.89,Poor
57.29,37.78,64.12,7.61,37.98,17.33,Moderate
49.03,59.73,149.06,5.07,32.64,28.11,Moderate
142.25,15.3,120.1,7.39,31.45,35.89,Moderate
90.48,21.28,46.43,5.81,32.61,35.15,Moderate
102.44,82.89,79.07,5.9,14.74,36.45,Moderate
20.47,33.64,101.99,7.56,14.8,31.41,Moderate
29.2,76.94,110.83,7.49,14.46,30.1,Moderate
43.72,52.1,148.46,4.86,51.58,19.45,Moderate
81.41,54.49,71.15,7.06,78.19,36.74,Healthy
144.19,23.0,149.02,5.72,12.39,26.78,Poor
44.47,77.4,17.61,6.69,30.26,20.58,Moderate
132.59,53.97,52.19,7.48,69.72,26.94,Healthy
35.5,99.46,57.05,5.32,17.23,18.34,Moderate
142.03,94.93,78.65,7.27,68.28,30.05,Moderate
103.38,96.86,30.02,5.06,62.71,33.99,Moderate
36.03,33.73,104.36,6.48,72.54,37.6,Moderate
78.2,68.35,98.3,4.87,39.79,26.88,Healthy
135.63,89.1,13.36,7.88,52.82,15.44,Poor
63.43,89.37,56.94,7.21,49.6,30.93,Healthy
77.31,50.82,135.88,6.16,23.4,26.33,Healthy
112.61,50.15,111.15,5.46,50.79,38.34,Moderate
84.1,65.5,103.43,7.46,34.52,31.92,Healthy
68.26,42.14,73.9,6.13,11.81,35.03,Healthy
91.81,18.07,42.89,6.94,46.26,34.53,Healthy
78.49,85.24,16.23,6.95,36.01,23.28,Moderate
142.11,87.06,31.64,4.73,70.71,19.57,Poor
139.96,31.35,64.69,4.68,47.63,20.1,Moderate
70.35,92.34,41.62,7.04,24.14,31.47,Healthy
50.48,69.75,116.74,8.02,74.3,21.52,Moderate
28.06,9.61,109.45,5.25,66.01,41.05,Poor
30.72,31.92,80.99,6.22,39.82,20.86,Healthy
134.49,69.75,27.31,4.52,63.39,15.43,Moderate
133.26,55.3,139.86,7.59,72.6,35.08,Moderate
90.73,21.44,110.51,6.87,41.83,30.08,Healthy
42.52,43.42,23.01,6.14,42.69,38.16,Moderate
83.81,91.34,145.35,4.7,51.8,23.08,Poor
129.19,51.94,16.32,5.36,57.17,17.15,Moderate
63.07,87.8,9.23,7.28,57.28,23.66,Moderate
25.78,14.73,145.54,7.21,36.32,37.51,Poor
24.47,17.06,33.65,7.55,38.62,32.35,Moderate
42.54,78.84,121.24,6.15,24.65,32.01,Moderate
45.86,19.09,94.29,6.55,64.84,22.89,Healthy
41.54,65.85,106.65,6.15,40.97,18.34,Moderate
75.72,96.33,21.49,6.77,11.29,23.79,Moderate
116.56,58.88,16.76,6.31,15.54,25.09,Moderate
117.65,29.53,70.74,6.5,69.73,18.28,Healthy
87.06,7.93,18.53,5.38,60.38,16.11,Poor
142.31,45.63,126.6,5.39,33.65,34.63,Moderate
63.09,53.21,122.34,7.1,68.51,17.34,Moderate
95.13,62.11,93.03,6.86,60.67,37.79,Healthy
42.14,14.93,15.73,5.13,55.92,26.25,Poor
58.93,91.45,135.53,6.66,42.1,22.3,Moderate
74.39,44.04,6.01,7.53,40.7,21.02,Healthy
103.28,47.53,50.49,5.42,14.14,28.58,Healthy
62.56,8.83,122.8,7.73,44.3,37.65,Moderate
77.34,21.05,80.05,5.75,41.67,41.21,Moderate
59.77,25.51,23.64,8.04,11.05,39.5,Poor
18.65,76.5,47.58,5.5,22.6,18.63,Moderate
19.27,19.73,90.33,6.78,29.68,33.36,Moderate
117.75,98.12,68.77,6.0,78.12,40.44,Poor
139.77,62.83,94.57,8.21,43.59,20.76,Moderate
147.94,85.0,13.13,4.95,71.75,23.13,Poor
107.49,16.19,29.73,7.49,78.55,28.56,Moderate
16.01,27.26,35.84,8.24,39.34,40.59,Poor
130.34,47.83,8.6,8.39,10.71,38.12,Poor
67.85,33.62,64.2,5.93,58.24,30.46,Healthy
45.97,55.11,63.72,8.18,72.47,31.67,Moderate
145.15,40.64,17.76,4.69,68.34,25.35,Poor
130.44,48.58,6.62,6.61,51.62,27.19,Healthy
127.32,66.18,57.89,7.38,32.37,37.64,Moderate
49.21,68.33,65.19,4.9,54.08,25.34,Healthy
98.8,56.29,11.03,5.32,59.03,27.63,Healthy
75.31,5.23,48.91,7.18,72.09,30.5,Healthy
85.69,49.68,103.38,7.69,25.45,34.28,Moderate
44.14,8.02,15.83,4.69,29.61,18.43,Poor
21.93,19.02,10.54,5.87,67.6,29.95,Moderate
19.1,40.62,67.33,5.19,36.11,24.09,Moderate
79.13,71.24,74.43,4.8,13.87,38.97,Poor
107.27,67.43,137.41,6.67,15.16,34.29,Moderate
32.72,68.29,63.1,4.61,13.89,25.6,Poor
93.24,21.24,20.48,6.0,66.29,36.17,Moderate
105.78,45.41,69.08,5.4,19.6,15.43,Moderate
130.42,52.14,5.44,6.62,28.08,26.54,Moderate
104.14,81.93,106.57,8.09,26.43,32.86,Moderate
134.58,34.31,120.92,8.26,55.07,19.44,Moderate
46.52,69.6,130.6,4.6,32.84,21.31,Moderate
69.09,78.01,77.91,6.57,52.63,28.92,Healthy
106.36,15.17,8.31,7.81,43.52,23.06,Moderate
73.6,66.76,22.65,6.59,17.75,38.21,Moderate
88.73,82.03,109.55,7.76,33.93,18.77,Moderate
134.82,89.04,133.07,8.46,51.73,28.84,Poor
121.63,15.46,118.54,7.75,50.4,25.47,Moderate
101.87,91.93,27.9,5.74,57.0,37.5,Moderate
101.29,61.13,17.43,6.23,72.31,24.76,Healthy
63.34,38.97,57.6,6.12,64.14,27.29,Healthy
94.99,47.03,131.71,5.21,18.6,26.01,Moderate
146.4,71.48,94.36,6.06,30.66,40.83,Moderate
69.77,72.55,122.51,7.13,26.28,22.78,Moderate
13.22,97.09,126.02,6.12,72.47,19.15,Poor
15.89,17.85,133.1,5.14,14.77,20.01,Poor
68.11,52.16,39.21,7.72,77.19,22.85,Healthy
140.35,82.7,133.47,4.74,68.38,30.82,Poor
15.36,76.6,40.05,7.69,53.82,28.29,Moderate
13.27,89.52,26.4,7.82,58.17,16.88,Poor
85.91,96.37,138.81,5.09,22.12,19.15,Poor
115.86,20.27,14.36,6.06,77.68,23.32,Moderate
111.39,18.68,95.07,6.82,73.29,34.35,Moderate
26.91,43.46,5.08,5.46,77.99,27.31,Poor
131.46,7.25,132.61,8.06,55.74,18.14,Poor
132.64,90.49,34.15,8.26,71.67,20.53,Moderate
65.13,36.98,77.24,8.06,71.2,19.74,Moderate
87.16,55.73,70.31,7.36,55.22,22.43,Healthy
58.74,89.39,52.24,6.28,78.1,38.15,Poor
107.85,33.88,96.17,7.07,38.81,15.98,Healthy
61.31,53.27,142.77,7.41,17.55,23.14,Moderate
83.04,47.86,5.74,8.24,73.28,39.94,Poor
70.0,84.17,107.74,6.55,15.4,19.53,Moderate
43.35,90.11,101.48,8.43,49.65,17.29,Moderate
76.89,15.62,135.7,5.61,23.81,28.81,Moderate
122.99,53.48,10.54,7.47,12.38,31.32,Moderate
96.37,24.81,69.75,4.52,29.86,31.72,Moderate
49.78,9.52,102.77,7.47,70.41,38.64,Moderate
79.48,43.7,89.95,7.67,43.27,41.87,Healthy
99.25,34.27,120.09,5.1,75.51,24.19,Moderate
105.91,64.4,18.9,7.39,31.83,25.29,Healthy
23.51,81.96,129.74,5.04,66.88,39.25,Poor
23.62,99.76,5.66,7.87,49.08,40.85,Poor
57.33,39.28,126.85,7.34,52.04,32.4,Moderate
105.57,9.54,22.08,5.23,22.38,37.76,Moderate
65.23,51.5,17.96,7.98,10.72,17.25,Moderate
123.7,17.41,120.04,5.9,64.33,16.36,Moderate
57.78,50.72,95.73,7.84,27.11,32.79,Moderate
31.25,80.54,140.32,4.69,15.59,36.26,Poor
133.23,66.58,71.87,7.58,30.98,41.78,Moderate
128.72,89.28,128.96,8.23,14.51,39.53,Poor
44.8,39.12,58.73,5.43,40.69,28.65,Healthy
30.81,39.15,55.48,7.2,50.65,34.33,Healthy
119.75,68.37,39.98,6.51,42.66,17.0,Healthy
135.23,13.69,146.58,4.63,61.08,22.76,Poor
136.66,83.28,8.63,4.59,52.22,19.04,Poor
11.98,96.94,96.77,4.54,44.34,19.25,Poor
122.73,7.72,58.78,5.45,78.66,17.11,Moderate
110.78,50.41,123.39,5.36,69.87,40.66,Moderate
39.84,28.06,144.73,6.24,68.47,37.75,Moderate
53.52,21.98,58.15,6.87,44.8,34.89,Moderate
86.83,81.52,20.07,6.26,11.12,18.26,Moderate
56.41,90.64,60.12,5.59,56.96,33.99,Moderate
77.39,32.41,48.76,5.24,35.38,19.54,Healthy
100.01,90.0,41.87,5.47,72.87,30.34,Moderate
112.17,89.47,101.42,7.47,37.09,40.33,Moderate
108.55,11.81,91.31,4.88,46.55,17.39,Moderate
97.81,48.35,85.2,7.1,27.52,23.63,Healthy
77.49,58.8,138.93,5.91,51.42,39.91,Moderate
110.5,36.19,65.13,8.02,40.64,21.81,Healthy
83.23,22.67,89.4,8.47,77.85,31.57,Moderate
134.08,82.44,142.85,7.99,72.99,21.2,Moderate
32.12,9.18,100.6,8.23,79.57,38.01,Poor
126.34,54.29,70.53,7.06,11.59,36.45,Moderate
102.05,21.15,97.18,6.9,65.16,37.61,Moderate
45.48,82.38,31.4,6.08,44.49,36.73,Moderate
136.15,6.64,111.9,8.01,76.8,22.23,Poor
34.21,52.4,135.65,5.76,45.35,41.88,Poor
73.84,64.68,149.36,5.97,29.11,22.63,Moderate
96.38,20.46,28.86,5.54,47.87,37.79,Moderate
84.1,79.35,143.85,7.46,55.0,15.22,Moderate
72.78,30.46,79.3,8.3,32.43,19.34,Moderate
125.63,99.11,118.11,5.05,48.55,25.94,Moderate
98.68,68.52,122.03,5.46,77.53,20.8,Moderate
27.37,83.74,72.17,6.46,32.31,16.25,Moderate
37.1,77.36,37.54,8.47,65.04,37.91,Moderate
132.26,73.3,72.6,8.17,39.86,17.59,Moderate
93.5,15.03,100.03,8.49,57.26,20.68,Moderate
29.3,38.86,26.14,6.78,64.82,32.77,Moderate
96.41,46.38,30.05,7.05,39.35,23.25,Healthy
102.3,40.96,29.41,6.43,30.24,34.8,Moderate
16.59,86.02,71.9,4.56,19.34,40.53,Poor
85.18,78.01,133.0,5.78,48.28,32.56,Moderate
127.82,44.91,143.0,6.93,71.17,17.25,Moderate
74.87,22.02,137.22,5.44,59.91,16.7,Moderate
38.12,35.39,118.37,5.5,67.18,36.29,Moderate
148.91,69.33,97.43,6.91,17.67,28.86,Moderate
129.21,6.98,23.36,6.9,69.29,23.3,Moderate
132.01,37.07,72.49,8.31,39.23,31.19,Healthy
140.97,30.12,18.33,8.33,49.19,41.08,Poor
131.34,61.49,73.34,6.42,21.62,27.25,Healthy
125.04,98.93,144.25,8.35,11.33,28.93,Poor
38.02,63.45,142.15,8.01,70.66,24.87,Moderate
80.16,31.78,85.31,5.71,66.61,27.54,Healthy
108.06,87.9,48.46,6.99,69.21,40.67,Moderate
32.83,69.73,68.11,5.64,21.04,30.81,Moderate
56.77,68.45,45.74,4.5,63.71,19.36,Moderate
45.35,27.36,54.62,6.44,66.87,32.56,Moderate
30.44,22.45,127.82,5.5,25.31,15.1,Poor
118.37,75.15,55.4,4.53,64.99,17.68,Moderate
74.47,84.81,40.42,6.02,56.26,33.18,Healthy
74.78,46.21,65.83,6.44,34.27,21.92,Healthy
54.25,50.39,60.41,6.84,54.18,41.9,Healthy
96.12,74.79,19.21,7.54,45.62,38.4,Moderate
145.93,26.88,139.66,7.19,61.74,27.75,Moderate
59.67,81.0,8.19,6.66,15.17,21.88,Moderate
111.53,76.7,133.91,7.36,57.23,40.52,Moderate
85.24,67.12,130.87,7.55,63.89,29.49,Healthy
83.9,66.63,106.58,6.68,22.98,21.71,Healthy
79.03,24.39,66.41,5.09,20.24,37.77,Moderate
85.91,79.14,6.67,5.64,11.24,15.09,Poor
14.48,54.54,18.17,7.69,46.13,21.62,Moderate
127.41,53.42,55.87,6.77,57.08,30.09,Healthy
140.59,38.63,64.44,7.94,54.62,41.09,Moderate
120.9,53.73,97.03,6.12,18.94,25.99,Healthy
49.41,69.42,102.03,8.25,15.56,27.62,Moderate
65.81,55.11,22.34,6.47,55.99,23.47,Healthy
101.06,30.24,58.55,8.13,11.75,22.37,Moderate
141.0,18.97,62.62,6.32,55.69,31.52,Healthy
97.75,94.34,61.95,6.46,77.48,18.46,Moderate
142.75,95.09,143.25,4.77,50.43,37.63,Poor
53.92,61.1,42.18,5.02,69.66,41.49,Moderate
19.76,16.53,90.35,4.85,54.18,34.43,Moderate
68.05,76.84,21.48,5.7,66.53,17.39,Moderate
49.91,64.01,40.87,6.42,68.6,22.28,Healthy
71.02,6.73,107.71,5.92,70.2,17.39,Moderate
119.51,82.31,117.53,7.44,26.65,26.25,Moderate
64.03,27.9,76.3,7.29,43.51,41.31,Healthy
109.23,47.06,63.57,6.83,40.22,20.99,Healthy
82.95,68.91,56.97,5.63,25.22,24.8,Healthy
44.21,77.49,97.61,5.65,79.43,32.43,Moderate
29.95,83.79,114.29,6.5,26.34,36.89,Moderate
27.43,44.71,123.51,7.71,54.09,15.21,Moderate
56.64,86.05,109.6,7.74,14.41,40.4,Poor
42.07,36.57,126.88,6.12,55.02,29.91,Healthy
131.25,19.83,19.18,7.03,69.12,39.92,Moderate
65.99,74.81,61.66,5.78,11.69,21.75,Moderate
33.82,30.52,46.87,7.94,24.24,37.12,Moderate
130.31,49.06,110.05,5.77,11.24,34.16,Moderate
94.9,48.83,135.31,7.41,39.79,16.44,Moderate
132.65,98.54,97.01,7.57,45.42,21.39,Moderate
137.69,70.39,84.54,7.23,45.83,16.58,Moderate
102.46,5.5,36.95,5.12,33.81,39.52,Poor
21.16,38.95,115.14,7.95,61.53,41.06,Moderate
107.43,75.76,66.2,5.71,42.33,35.73,Moderate
101.04,78.33,96.0,7.43,20.9,23.74,Healthy
88.57,6.57,137.28,5.46,16.2,32.93,Poor
37.12,58.38,41.1,5.16,61.45,25.49,Healthy
90.42,25.53,85.1,6.18,13.59,34.62,Healthy
87.33,93.1,122.15,6.78,13.01,35.3,Moderate
86.87,84.33,88.77,4.51,67.04,36.58,Moderate
23.92,69.96,81.28,6.86,72.25,21.74,Healthy
11.84,24.81,137.69,5.35,57.22,36.32,Moderate
123.85,5.99,6.36,8.46,46.92,16.72,Poor
13.75,82.02,136.22,6.6,36.02,33.96,Moderate
13.13,90.4,42.13,5.26,31.76,16.72,Poor
64.54,72.9,77.24,7.17,24.96,25.74,Healthy
82.73,59.39,32.03,7.73,16.32,17.65,Moderate
44.96,67.16,16.18,4.53,43.05,24.36,Moderate
31.94,67.31,98.01,4.99,26.09,24.85,Moderate
148.61,78.02,53.89,8.36,41.85,25.27,Moderate
142.2,74.94,84.44,6.9,78.1,19.13,Moderate
58.6,45.0,147.78,4.84,17.82,26.75,Poor
33.69,70.06,57.3,7.88,62.4,27.71,Moderate
128.3,14.58,89.26,6.92,27.22,16.34,Moderate
84.93,53.8,99.77,5.35,22.58,41.4,Moderate
25.92,99.94,109.4,7.02,33.78,38.43,Poor
137.41,73.58,107.93,6.47,15.45,41.97,Poor
12.18,52.06,58.23,7.6,61.5,31.96,Healthy
20.46,27.5,18.65,8.42,18.94,41.11,Poor
25.78,86.91,88.32,7.83,54.38,35.76,Moderate
112.31,29.72,140.58,7.07,24.15,23.26,Healthy
84.63,88.77,120.53,5.71,58.19,15.04,Moderate
56.57,84.76,26.92,5.91,10.07,15.62,Moderate
30.44,14.68,76.01,8.1,15.92,38.49,Poor
103.54,21.05,47.01,5.28,65.25,34.58,Moderate
52.62,10.16,29.47,7.02,16.33,29.48,Moderate
95.81,70.34,23.18,6.34,42.44,37.55,Moderate
75.62,43.65,22.9,7.28,53.39,34.36,Healthy
101.88,88.15,132.22,5.73,22.77,40.01,Poor
109.83,97.24,77.06,8.35,18.59,30.94,Poor
79.54,5.25,32.97,5.11,14.26,40.6,Poor
145.15,89.72,148.39,7.82,75.25,20.34,Poor
45.96,86.9,74.52,7.37,49.33,23.25,Healthy
49.88,76.08,82.15,5.94,53.19,26.34,Moderate
76.51,69.4,71.4,8.3,43.96,40.97,Moderate
128.68,89.64,115.67,6.92,47.29,29.89,Moderate
38.2,25.37,9.95,7.48,18.74,30.72,Moderate
29.31,11.32,82.37,7.99,34.92,39.82,Poor
11.44,49.25,26.28,5.76,11.66,15.95,Poor
109.79,67.18,35.21,8.1,58.16,24.08,Healthy
67.07,32.79,125.44,6.48,19.47,20.45,Moderate
51.52,43.3,90.93,8.36,28.34,23.87,Moderate
13.35,40.39,102.89,8.35,61.81,18.19,Moderate
134.61,84.67,32.41,8.24,59.99,36.14,Moderate
74.28,24.06,120.87,6.41,77.72,19.14,Moderate
59.76,74.88,87.98,6.23,59.11,34.8,Moderate
90.82,35.31,94.72,6.68,65.84,32.64,Healthy
79.55,6.78,29.21,5.85,52.1,36.39,Moderate
144.39,61.98,110.68,6.99,40.12,31.46,Healthy
66.09,48.1,137.1,6.76,17.03,29.14,Moderate
143.46,14.5,145.82,8.45,49.25,23.98,Poor
11.21,6.47,61.27,7.63,75.97,19.18,Poor
78.29,52.66,60.14,6.66,74.75,26.84,Healthy
29.29,68.22,9.55,8.26,75.79,17.49,Poor
87.12,80.75,72.36,6.42,77.91,21.22,Healthy
83.68,15.92,48.85,7.9,60.15,31.52,Healthy
25.94,85.82,48.23,6.64,26.34,29.06,Moderate
88.7,37.34,78.36,6.12,58.82,29.69,Healthy
132.93,9.72,8.86,5.25,18.3,29.2,Poor
38.02,6.52,45.98,6.54,60.0,26.84,Healthy
144.78,23.95,79.54,5.51,66.47,20.07,Moderate
144.62,73.08,85.75,6.63,35.37,15.57,Moderate
138.12,80.52,24.55,4.99,31.57,35.6,Moderate
80.44,67.15,5.9,8.19,21.6,23.61,Moderate
142.6,74.62,79.1,7.95,14.29,17.06,Moderate
31.72,30.13,107.81,6.63,39.82,36.13,Moderate
54.4,13.12,62.53,7.57,43.19,41.38,Moderate
129.86,80.14,117.11,6.82,73.08,30.93,Moderate
62.16,23.61,122.9,5.98,65.36,41.54,Moderate
65.82,37.37,29.66,6.4,55.78,23.45,Healthy
77.99,56.02,44.91,4.59,25.09,36.69,Moderate
48.93,6.31,66.62,7.23,62.67,26.18,Healthy
90.06,75.82,133.94,7.06,58.36,17.66,Moderate
68.86,89.45,28.3,5.74,57.46,39.36,Moderate
18.27,87.7,36.95,7.94,72.25,35.94,Moderate
139.33,96.31,139.15,6.55,42.46,17.84,Poor
40.25,66.97,23.46,8.27,25.89,17.37,Moderate
42.93,9.65,29.08,6.85,30.24,36.63,Moderate
66.66,72.83,107.7,5.04,13.96,37.73,Moderate
108.12,21.62,103.6,5.82,13.97,21.18,Moderate
115.81,42.12,84.0,5.05,16.49,21.46,Moderate
76.16,85.46,115.69,5.14,15.0,21.09,Poor
129.33,54.01,122.0,5.98,51.33,31.06,Moderate
97.74,49.66,39.69,6.21,78.23,22.35,Healthy
111.48,94.75,87.11,6.46,18.46,35.34,Moderate
137.61,98.17,34.24,8.18,35.92,31.72,Poor
41.31,28.6,94.75,6.44,77.51,22.14,Healthy
132.93,48.75,24.51,5.46,62.9,37.32,Moderate
15.54,43.95,76.66,6.96,55.54,37.43,Healthy
48.27,15.63,32.04,8.25,48.27,20.92,Moderate
120.02,60.77,58.26,4.57,64.8,34.37,Moderate
46.69,30.23,44.37,7.18,30.59,23.38,Healthy
62.73,98.12,71.71,6.01,42.9,34.42,Healthy
133.72,99.13,75.48,6.34,33.12,36.04,Moderate
101.78,39.52,80.19,5.32,58.58,21.81,Healthy
58.94,11.47,36.88,5.28,61.47,33.75,Moderate
85.34,41.77,133.96,8.04,52.2,32.76,Moderate
121.5,73.66,37.61,6.51,20.63,36.85,Moderate
101.5,98.01,24.79,6.54,60.68,38.42,Moderate
129.48,24.19,147.44,8.43,77.83,31.57,Poor
126.47,12.22,42.04,4.87,45.39,41.05,Poor
100.88,48.82,119.96,6.7,42.04,31.99,Healthy
81.65,65.95,121.38,6.35,39.05,30.08,Healthy
136.67,45.18,127.92,6.97,10.87,27.86,Poor
39.47,19.28,38.99,7.35,53.92,29.5,Healthy
79.34,41.97,133.55,8.23,63.51,22.78,Moderate
137.94,82.82,22.98,5.87,32.93,34.71,Moderate
83.35,30.35,38.47,6.33,56.62,28.74,Healthy
46.54,63.9,149.84,5.21,46.99,25.14,Moderate
40.58,88.17,143.88,5.9,34.31,17.48,Moderate
96.49,7.52,76.95,5.11,57.06,40.08,Poor
22.43,78.89,125.43,5.2,74.58,31.76,Moderate
84.89,68.78,46.78,4.6,40.94,35.07,Healthy
138.61,45.86,43.23,5.03,75.48,21.24,Poor
137.55,22.46,7.63,5.4,44.5,24.42,Moderate
137.08,56.78,22.08,7.0,37.23,33.33,Moderate
120.06,98.63,88.61,5.97,40.35,25.87,Moderate
73.08,7.86,40.86,8.45,74.96,16.3,Poor
147.14,80.24,5.4,8.15,77.23,31.98,Poor
120.37,36.59,87.99,7.43,49.29,23.22,Healthy
100.89,84.65,126.22,5.03,41.18,16.05,Poor
98.59,28.01,139.9,6.97,38.04,34.75,Healthy
39.03,13.69,17.67,6.83,72.22,21.01,Moderate
116.41,8.57,56.23,7.11,67.84,40.47,Moderate
98.56,48.95,13.79,5.6,74.62,30.74,Moderate
57.97,28.64,21.48,7.51,38.87,40.29,Moderate
73.61,82.75,23.88,5.1,29.12,20.16,Moderate
146.74,81.77,55.52,6.58,47.33,31.39,Healthy
24.51,38.15,17.46,8.18,38.24,34.63,Poor
138.92,34.4,17.74,5.84,56.97,28.49,Moderate
20.49,11.67,106.44,7.45,17.67,36.46,Poor
58.38,11.48,53.41,7.42,55.9,28.0,Healthy
49.15,44.7,60.33,6.06,44.28,27.29,Healthy
24.35,32.57,23.72,6.91,39.6,33.14,Moderate
22.26,37.77,31.15,4.87,64.14,18.54,Moderate
34.49,39.84,47.45,8.18,79.21,26.4,Poor
38.16,52.32,76.87,6.36,11.42,18.47,Moderate
29.74,38.42,89.21,8.01,25.63,35.82,Moderate
41.67,8.1,99.23,5.36,74.38,40.2,Moderate
24.7,23.5,35.51,8.15,15.46,35.28,Poor
50.28,60.33,30.71,7.73,56.95,15.57,Moderate
43.2,49.3,82.02,7.81,37.09,40.02,Moderate
37.14,86.48,136.12,7.01,77.73,26.09,Poor
107.9,5.96,44.83,6.77,71.32,40.73,Moderate
91.12,86.31,120.89,7.59,17.8,27.92,Moderate
78.08,79.81,89.99,7.78,76.95,29.98,Moderate
120.84,58.25,95.73,6.4,77.17,37.07,Moderate
115.27,36.31,75.39,7.95,75.55,41.93,Moderate
112.82,74.43,18.61,7.51,34.27,38.34,Moderate
11.58,93.77,75.16,5.01,52.07,33.68,Poor
119.17,71.68,85.24,4.83,70.4,41.55,Moderate
118.92,8.3,114.58,5.58,77.35,16.71,Poor
22.92,22.23,114.21,7.11,60.91,24.55,Moderate
133.14,47.39,24.45,7.57,47.07,31.02,Moderate
63.92,72.52,10.16,6.46,39.9,35.15,Moderate
47.22,27.2,51.38,6.42,24.69,33.47,Moderate
56.43,45.05,85.85,6.01,59.09,32.72,Healthy
115.96,54.69,58.28,5.3,40.58,38.57,Healthy
26.94,25.46,101.46,6.8,74.13,15.78,Moderate
132.99,73.92,117.45,6.01,31.51,15.39,Moderate
120.24,20.35,37.79,5.61,70.88,22.77,Moderate
69.6,76.0,134.38,7.66,47.48,15.06,Moderate
32.1,29.09,65.0,5.95,46.01,26.12,Healthy
111.65,9.96,149.24,7.87,33.45,25.71,Moderate
144.92,93.9,62.01,4.74,79.16,32.65,Poor
107.02,31.09,123.71,6.73,42.92,35.01,Healthy
62.07,45.79,99.59,7.06,77.98,30.2,Healthy
54.94,32.31,82.43,4.98,51.17,25.54,Healthy
59.28,23.29,76.83,4.65,52.5,22.71,Moderate
136.71,55.0,118.19,7.9,71.53,38.51,Moderate
41.57,33.81,107.65,6.65,52.65,33.3,Moderate
26.0,20.99,97.49,7.0,67.22,33.73,Moderate
39.07,11.66,61.7,5.99,63.72,33.13,Moderate
132.11,52.9,46.86,6.52,25.09,16.63,Moderate
79.96,44.29,9.67,7.39,55.1,16.99,Moderate
109.4,12.87,80.06,6.99,44.93,35.18,Healthy
63.98,25.23,75.53,5.87,20.59,27.72,Healthy
38.2,49.68,90.92,7.63,69.72,33.04,Moderate
135.1,57.99,108.01,7.58,67.74,35.3,Moderate
136.34,49.92,143.25,6.1,14.91,19.92,Poor
88.16,6.39,27.82,6.0,53.7,19.47,Moderate
90.48,68.0,115.73,7.14,27.51,41.93,Moderate
134.35,40.48,9.23,6.61,70.56,37.19,Moderate
135.66,97.1,108.39,5.15,12.55,19.09,Poor
38.15,10.83,70.75,7.64,10.3,36.7,Moderate
139.54,19.44,8.1,6.42,70.8,34.89,Moderate
14.86,68.96,123.57,5.58,55.74,28.34,Moderate
38.79,90.64,37.34,7.86,59.12,20.96,Moderate
109.59,7.47,39.26,5.64,72.24,39.72,Moderate
47.94,50.09,147.34,7.16,14.88,25.57,Moderate
69.0,34.11,80.39,7.44,58.41,24.49,Healthy
113.13,55.74,116.58,4.96,38.33,25.66,Healthy
59.25,71.31,85.78,6.04,47.54,34.02,Moderate
104.52,77.26,128.46,7.46,22.61,37.86,Moderate
56.48,68.27,148.69,5.68,28.91,19.92,Moderate
147.77,45.56,118.66,4.7,22.63,16.71,Poor
124.19,15.12,138.86,7.16,73.67,26.04,Moderate
83.59,7.62,72.56,6.86,17.04,41.49,Poor
10.61,30.41,94.27,6.49,26.74,41.64,Moderate
36.44,58.99,21.8,4.72,44.15,36.73,Moderate
84.38,32.89,7.43,8.26,24.83,30.51,Moderate
12.17,14.23,29.67,4.95,47.15,25.72,Poor
122.18,16.04,67.5,6.21,26.16,17.59,Moderate
11.49,6.79,62.8,4.72,37.62,26.81,Poor
72.35,23.21,77.31,6.07,79.27,16.22,Moderate
17.54,83.33,43.57,5.24,71.21,29.38,Moderate
96.21,5.76,42.81,5.54,63.26,25.41,Healthy
90.84,93.53,147.78,5.01,48.91,33.88,Poor
119.49,92.41,110.61,7.26,13.79,29.71,Moderate
93.83,71.17,89.59,6.14,44.12,41.12,Healthy
56.07,79.52,93.08,6.28,39.0,29.51,Healthy
121.97,16.6,137.05,7.6,34.43,15.27,Moderate
24.73,18.72,20.02,4.91,77.21,32.78,Poor
124.89,58.47,94.83,8.02,28.34,33.75,Moderate
135.9,93.95,69.39,7.93,45.27,21.96,Moderate
45.13,47.92,42.39,4.62,17.39,37.93,Moderate
133.55,87.94,85.29,8.24,44.94,27.49,Moderate
76.41,29.14,93.96,6.3,78.23,19.64,Healthy
20.74,38.36,36.25,8.47,49.1,24.71,Moderate
99.98,48.05,35.28,6.08,30.04,32.21,Healthy
124.32,29.94,95.09,7.33,35.9,28.16,Healthy
60.23,40.43,69.7,5.68,44.18,35.31,Healthy
65.2,94.82,36.61,6.3,52.12,29.67,Healthy
142.57,35.81,59.76,6.88,51.75,36.26,Healthy
121.23,6.03,115.81,7.37,51.0,23.56,Moderate
136.99,75.13,42.31,5.72,59.73,39.78,Moderate
78.68,88.52,60.41,6.08,58.02,16.36,Moderate
29.45,74.2,40.1,5.2,16.23,21.07,Moderate
45.07,37.41,141.06,7.08,58.53,18.58,Moderate
36.97,90.37,96.97,7.74,35.02,30.58,Moderate
80.31,24.51,124.59,5.84,42.68,18.59,Moderate
99.37,80.16,64.51,8.41,28.03,38.57,Moderate
110.97,93.09,112.39,6.48,38.94,37.39,Moderate
127.65,60.95,106.81,6.35,25.29,16.35,Moderate
101.52,68.58,101.46,6.75,33.97,21.53,Healthy
19.2,19.06,96.1,7.57,73.53,17.27,Moderate
123.96,61.75,48.69,7.4,79.25,25.24,Healthy
97.84,29.78,34.73,5.1,12.25,34.54,Moderate
30.43,69.25,131.09,7.89,30.93,18.36,Moderate
72.03,22.22,59.16,6.78,55.1,20.89,Healthy
41.82,87.27,142.01,7.07,48.98,32.77,Moderate
28.01,90.22,35.25,7.18,25.54,34.06,Moderate
115.48,75.4,67.16,6.93,51.86,34.45,Healthy
79.86,53.19,104.24,5.18,55.67,19.0,Moderate
111.48,41.95,126.74,4.85,42.24,19.51,Moderate
131.64,16.9,75.35,4.92,65.84,22.62,Moderate
93.17,21.16,55.98,4.95,48.56,15.09,Moderate
149.03,44.55,96.27,5.65,27.73,37.85,Moderate
116.15,66.11,114.08,5.2,75.39,27.28,Moderate
131.62,74.93,46.46,6.78,77.67,16.0,Moderate
69.71,63.95,54.28,5.77,62.41,39.74,Healthy
85.27,95.08,19.69,5.41,16.14,26.76,Poor
97.74,24.04,70.04,7.24,54.76,31.99,Healthy
94.84,98.73,108.52,8.13,76.62,38.21,Poor
23.32,55.28,60.32,4.89,49.49,20.75,Moderate
91.44,82.65,62.11,8.3,63.65,36.72,Moderate
25.72,94.48,10.01,7.88,12.08,19.39,Poor
54.15,75.09,135.42,7.17,60.94,22.82,Moderate
146.55,43.73,137.37,7.62,35.71,24.26,Moderate
105.13,94.34,102.49,7.93,77.64,23.91,Moderate
85.39,62.87,36.49,7.69,28.32,34.09,Moderate
83.34,84.48,79.18,6.85,22.68,36.82,Moderate
66.3,60.08,127.68,6.42,29.21,22.17,Healthy
89.29,32.66,54.09,5.44,41.24,27.58,Healthy
83.63,61.32,90.25,5.97,73.05,28.81,Healthy
126.5,57.95,58.74,7.45,22.39,41.18,Moderate
90.12,14.9,66.1,7.35,14.77,22.06,Moderate
139.41,38.84,28.08,4.89,53.33,30.07,Moderate
100.68,96.01,13.72,5.29,26.37,26.53,Moderate
26.94,43.94,123.35,5.15,74.16,39.6,Poor
81.82,86.71,108.17,5.93,49.32,18.15,Moderate
79.41,83.85,89.86,6.03,56.45,41.38,Healthy
19.45,36.38,27.61,8.33,48.21,18.5,Moderate
95.7,52.54,13.6,7.96,59.64,15.14,Moderate
144.35,20.13,5.04,6.21,19.85,30.39,Poor
53.6,22.59,147.88,5.83,39.03,22.94,Moderate
127.18,23.69,23.51,8.03,22.84,38.16,Moderate
90.94,83.22,15.17,8.35,30.98,16.58,Poor
117.08,21.95,55.91,6.88,14.8,20.45,Healthy
78.47,45.08,85.85,7.41,34.71,25.92,Healthy
48.13,37.27,12.4,6.82,22.09,34.34,Moderate
15.91,10.69,46.28,6.25,58.55,33.69,Moderate
146.27,38.41,13.61,7.95,61.14,16.84,Poor
21.67,50.28,54.54,6.89,25.34,40.9,Moderate
81.7,76.32,23.24,6.97,70.56,15.62,Moderate
85.6,28.44,74.37,7.76,58.3,35.37,Healthy
39.64,84.09,94.03,4.78,70.39,16.51,Moderate
14.03,84.21,6.89,4.85,11.19,38.77,Poor
16.26,40.4,36.46,5.87,30.34,38.97,Moderate
117.62,89.08,109.41,5.82,23.01,29.3,Moderate
59.93,66.12,10.65,7.35,30.97,27.48,Moderate
147.01,25.48,22.06,5.34,34.61,29.48,Moderate
147.23,87.64,108.67,7.38,29.86,40.06,Poor
85.54,20.44,142.79,6.53,20.89,34.85,Moderate
42.73,22.83,43.8,6.81,30.48,16.1,Moderate
64.25,27.27,79.16,6.34,15.47,21.62,Healthy
49.41,51.05,124.22,5.37,21.07,15.03,Moderate
94.91,35.94,102.17,7.26,13.13,26.3,Healthy
145.52,31.14,81.78,6.65,28.24,36.04,Moderate
10.52,26.55,90.92,8.17,10.67,31.22,Poor
10.47,64.17,64.68,6.24,77.73,33.42,Moderate
37.5,99.75,42.22,7.24,57.62,37.94,Moderate
65.84,71.12,95.76,6.25,74.12,21.8,Healthy
41.4,64.89,32.59,7.82,33.78,26.37,Moderate
105.52,89.08,105.05,4.88,33.66,35.25,Moderate
137.09,65.21,91.44,6.02,43.46,26.67,Healthy
17.72,7.08,94.52,6.54,27.14,39.1,Poor
38.92,71.55,119.31,7.86,68.77,36.44,Moderate
74.09,64.27,129.37,6.18,56.96,19.31,Healthy
89.06,18.4,100.74,6.01,25.95,24.74,Moderate
108.2,91.26,6.64,5.17,59.4,30.36,Poor
54.69,66.92,130.74,5.53,44.0,15.56,Moderate
142.44,81.16,78.24,8.47,25.42,35.09,Moderate
117.73,83.93,104.34,5.26,16.39,19.87,Moderate
130.16,43.19,84.19,4.6,44.4,26.05,Healthy
84.84,40.65,15.94,4.68,76.49,31.3,Poor
100.08,91.96,84.87,6.96,46.61,19.75,Healthy
53.61,89.01,69.36,5.32,67.96,17.36,Moderate
99.53,71.51,49.05,5.17,41.38,35.39,Moderate
134.14,82.46,20.88,5.39,53.19,34.17,Moderate
11.22,18.54,18.63,5.86,57.66,40.47,Poor
22.53,53.08,59.01,6.09,14.76,22.78,Moderate
45.34,73.24,98.07,7.05,46.35,24.24,Healthy
44.13,6.07,26.45,5.38,78.29,41.2,Poor
117.47,62.98,101.98,6.9,55.28,20.92,Healthy
146.74,76.88,38.97,6.55,65.25,39.6,Moderate
63.74,50.95,49.93,6.01,25.94,15.81,Healthy
68.29,49.7,118.09,6.59,32.85,27.51,Healthy
121.46,50.69,85.5,5.19,10.53,40.1,Poor
47.52,38.02,21.65,6.55,61.6,33.52,Moderate
129.78,32.22,50.63,8.36,41.96,37.53,Moderate
95.61,22.18,143.83,5.8,54.93,21.87,Moderate
90.59,56.41,42.85,8.46,19.85,26.96,Moderate
14.39,69.86,72.01,6.74,58.9,35.63,Healthy
145.22,87.08,51.95,7.41,15.32,18.68,Poor
74.35,48.66,78.33,6.4,54.9,40.77,Healthy
34.18,38.96,15.77,5.3,79.11,16.07,Poor
39.91,45.52,47.44,6.68,79.33,34.01,Moderate
66.82,69.88,131.48,5.42,60.19,31.58,Healthy
112.73,13.0,111.28,7.65,58.11,20.33,Moderate
32.59,75.15,98.92,8.43,41.83,21.19,Moderate
117.76,76.11,80.79,7.48,31.74,20.82,Healthy
27.65,32.6,99.91,5.53,71.84,21.74,Moderate
105.82,55.12,35.67,6.72,76.83,40.49,Moderate
50.82,55.97,26.87,6.38,32.5,40.1,Moderate
98.58,22.57,148.89,7.28,19.43,36.59,Moderate
88.06,43.02,33.47,5.61,21.71,36.69,Moderate
48.22,49.65,145.35,8.48,65.39,36.57,Moderate
142.28,80.7,70.39,4.74,24.59,27.0,Moderate
47.16,36.27,13.54,6.71,34.61,21.99,Moderate
95.45,31.29,74.06,5.49,57.64,38.06,Healthy
21.44,82.89,128.5,8.36,67.95,29.91,Poor
19.84,12.07,33.52,6.29,76.88,19.73,Poor
85.43,99.82,7.0,4.69,28.89,21.08,Poor
79.8,44.94,89.63,5.09,58.01,20.8,Healthy
73.28,8.17,120.69,7.01,24.61,31.25,Moderate
71.18,83.5,147.64,5.0,44.31,21.97,Moderate
114.96,8.27,83.96,7.93,37.25,37.62,Moderate
30.56,92.24,119.76,6.06,19.14,29.05,Poor
103.86,17.25,140.31,7.55,76.61,23.08,Moderate
70.68,27.81,44.7,5.08,18.77,33.11,Moderate
31.97,17.68,82.51,7.32,64.46,30.67,Healthy
38.22,59.46,95.74,5.53,20.11,39.99,Moderate
23.43,31.33,38.56,8.07,45.14,40.83,Poor
125.95,76.71,30.63,5.88,67.42,41.56,Moderate
132.91,95.1,98.07,6.43,46.03,27.38,Healthy
31.68,34.05,18.1,4.85,31.83,32.99,Poor
95.92,58.15,113.6,6.19,40.95,28.99,Healthy
19.32,60.26,113.78,5.55,69.84,22.19,Moderate
81.85,88.08,112.03,6.8,53.59,17.94,Moderate
107.9,63.13,17.26,5.0,77.97,19.81,Poor
135.41,31.2,62.44,6.72,53.81,28.44,Healthy
58.78,52.38,106.6,6.09,48.17,25.24,Healthy
56.19,33.39,37.47,7.54,78.87,15.78,Moderate
37.45,96.6,54.56,6.06,56.41,24.52,Healthy
78.98,90.57,86.89,7.17,25.2,22.06,Healthy
134.82,92.17,122.01,4.99,67.3,15.52,Poor
93.52,69.15,66.83,6.42,61.93,39.16,Healthy
36.51,18.16,96.35,5.42,23.6,20.49,Moderate
37.56,50.33,144.84,7.81,48.03,17.19,Moderate
104.21,47.86,117.86,6.48,56.78,20.4,Healthy
126.65,79.05,59.23,8.35,21.23,15.54,Moderate
116.84,62.05,21.08,5.14,19.16,19.51,Moderate
74.6,9.84,80.31,6.92,60.92,40.54,Moderate
21.55,8.34,25.18,5.85,46.78,15.12,Poor
106.93,95.9,41.22,4.54,62.73,35.79,Moderate
16.09,63.65,40.21,7.03,60.85,21.01,Healthy
46.51,63.1,89.43,8.04,45.73,36.59,Moderate
112.48,68.24,32.81,5.61,49.67,16.78,Healthy
16.31,9.73,138.59,7.26,68.57,41.01,Poor
108.14,53.96,74.46,7.48,70.75,37.4,Healthy
79.01,78.48,74.11,6.04,30.84,16.47,Moderate
38.16,74.35,29.9,8.1,15.5,16.38,Poor
77.35,26.15,19.93,4.74,46.91,22.01,Moderate
87.81,19.09,8.54,4.61,17.89,36.49,Poor
72.79,64.27,131.87,5.35,70.99,35.13,Moderate
112.06,87.72,23.25,6.66,43.85,32.93,Moderate
43.32,17.1,146.15,6.36,26.24,18.47,Moderate
93.1,19.04,31.54,8.31,12.04,20.04,Moderate
103.97,25.6,31.38,6.73,58.72,26.63,Healthy
119.38,82.44,95.35,6.81,67.14,15.41,Moderate
81.49,17.23,37.13,8.3,10.26,23.29,Moderate
31.61,59.19,127.42,6.06,68.6,26.89,Moderate
137.27,85.46,30.93,8.04,23.48,28.24,Poor
37.44,41.71,147.91,7.56,48.79,40.26,Moderate
60.36,21.45,125.2,4.55,66.32,15.59,Poor
49.81,38.77,51.19,5.47,17.57,15.09,Moderate
118.46,48.41,28.48,4.83,29.49,24.57,Moderate
74.6,14.6,147.09,5.57,40.89,34.14,Moderate
53.43,12.84,59.6,6.71,68.92,24.93,Moderate
134.53,56.88,109.04,4.62,72.7,20.76,Moderate
55.62,54.75,144.18,5.88,25.44,40.94,Moderate
123.19,68.02,64.4,6.18,76.55,16.86,Moderate
116.05,62.11,145.42,6.73,29.64,36.06,Moderate
147.99,91.21,47.74,5.89,62.84,31.15,Moderate
11.63,18.48,17.4,5.21,31.34,41.11,Poor
104.71,10.2,93.07,6.25,62.78,38.87,Moderate
19.13,98.09,13.4,7.43,73.22,35.3,Poor
31.11,24.76,10.97,5.02,14.27,16.45,Poor
88.7,12.29,66.63,7.34,11.06,32.25,Moderate
116.01,55.98,73.96,7.42,47.08,28.75,Healthy
122.25,84.57,58.42,6.16,66.05,29.71,Moderate
106.15,12.14,18.83,6.63,67.35,23.55,Moderate
144.49,77.23,118.35,7.84,27.81,23.92,Moderate
26.58,41.13,10.2,7.51,66.18,20.77,Moderate
78.59,68.84,112.67,8.38,24.05,21.66,Moderate
129.54,14.24,118.95,5.03,42.51,30.99,Moderate
117.5,15.88,124.49,7.9,65.54,40.31,Moderate
132.11,77.96,89.0,7.73,78.27,32.21,Moderate
43.96,28.55,120.42,8.46,24.72,41.19,Moderate
47.56,44.22,136.68,8.35,49.69,40.65,Poor
127.94,87.31,130.9,6.04,12.15,19.45,Poor
20.43,28.03,13.02,5.61,51.23,18.81,Moderate
54.2,26.29,18.79,7.2,72.51,34.33,Moderate
105.79,98.39,111.03,4.69,25.28,32.21,Moderate
99.47,84.1,28.03,8.42,46.14,39.85,Moderate
84.11,22.76,55.9,5.38,28.5,39.04,Moderate
62.84,22.35,57.86,6.97,24.06,16.38,Moderate
132.1,27.73,140.77,4.69,55.56,32.96,Moderate
31.84,68.2,61.21,6.03,71.42,40.72,Moderate
33.82,69.99,27.43,4.64,20.47,32.14,Moderate
111.7,53.17,142.99,7.56,21.31,20.61,Moderate
93.45,36.66,5.13,4.6,38.57,29.14,Moderate
101.46,77.5,145.47,7.86,34.92,29.44,Moderate
40.23,97.03,82.64,5.5,60.68,28.17,Moderate
149.54,12.1,53.64,8.27,42.28,23.42,Poor
94.68,68.13,18.46,5.54,31.63,21.64,Moderate
63.6,36.8,111.06,6.9,40.04,20.4,Healthy
68.89,22.15,143.06,5.2,70.11,31.62,Moderate
123.51,89.41,121.58,6.86,28.69,32.82,Moderate
10.68,40.86,129.4,6.82,28.24,39.09,Poor
12.14,88.88,115.12,5.09,14.4,40.68,Poor
19.38,97.51,65.99,5.91,55.5,28.39,Moderate
64.61,65.82,55.76,4.64,67.72,28.9,Healthy
106.14,59.64,94.06,5.38,75.43,27.09,Healthy
138.81,81.66,109.41,6.34,11.59,23.51,Moderate
103.08,36.41,19.37,6.57,20.81,23.27,Healthy
80.27,16.05,21.32,5.34,51.43,40.2,Moderate
43.47,73.38,32.46,7.04,19.64,37.83,Moderate
113.95,69.67,7.13,7.85,20.56,29.4,Moderate
118.73,65.01,123.76,7.34,62.93,23.07,Healthy
63.07,52.64,89.99,7.27,48.89,34.18,Healthy
31.11,42.49,137.43,5.37,20.06,35.11,Moderate
37.22,48.47,108.22,6.44,73.11,38.71,Moderate
80.41,96.28,47.31,5.44,56.92,30.47,Healthy
45.15,40.26,38.79,5.45,35.73,39.95,Moderate
126.89,53.68,74.28,4.63,42.36,31.84,Healthy
119.0,38.82,138.31,7.86,15.76,39.38,Poor
41.2,92.72,96.45,6.15,40.55,30.2,Healthy
128.14,84.51,65.16,7.9,43.04,26.27,Moderate
44.06,83.65,94.91,6.22,56.37,38.25,Moderate
37.7,42.28,60.14,4.8,33.38,35.57,Moderate
45.47,82.04,143.51,5.4,38.68,18.55,Moderate
106.9,50.81,90.36,7.61,64.33,28.93,Healthy
133.52,93.53,96.45,4.65,64.32,39.08,Poor
87.93,71.53,56.63,6.51,65.87,38.65,Moderate
26.13,6.63,59.17,6.06,64.13,15.23,Poor
116.96,55.95,106.18,6.54,65.35,26.8,Healthy
58.42,65.47,69.44,5.71,73.95,34.53,Moderate
37.56,75.31,41.6,6.23,25.22,18.06,Moderate
65.87,57.73,48.81,4.8,27.47,21.63,Healthy
92.71,31.8,82.4,6.38,28.65,35.01,Healthy
103.46,69.63,67.87,5.77,51.35,40.9,Healthy
70.75,68.2,69.14,8.23,28.53,27.38,Healthy
79.11,74.22,109.59,7.46,61.31,27.68,Healthy
31.78,87.69,52.1,4.94,19.01,28.36,Poor
69.63,68.04,93.72,4.93,30.77,39.2,Moderate
117.34,87.7,8.19,8.15,70.28,27.21,Poor
104.3,30.84,100.5,7.7,43.85,15.76,Moderate
68.29,73.87,107.04,6.45,79.0,18.16,Moderate
32.16,29.54,121.51,7.55,64.09,38.75,Moderate
72.01,35.26,92.06,6.14,46.67,18.79,Healthy
65.49,49.9,17.68,8.48,12.65,39.83,Poor
21.23,86.63,84.5,5.29,26.19,24.49,Moderate
121.16,18.98,40.12,7.27,52.98,26.36,Healthy
18.48,58.06,38.24,6.95,29.22,41.47,Moderate
92.68,59.27,126.33,8.47,64.54,31.04,Moderate
130.89,22.21,115.81,7.22,49.43,38.4,Moderate
109.35,73.09,136.91,7.3,27.88,19.96,Moderate
81.85,27.32,106.45,7.87,30.43,39.66,Moderate
114.57,98.87,33.81,6.35,54.82,35.6,Healthy
137.67,89.67,39.24,6.19,60.28,18.57,Moderate
144.31,75.96,125.18,8.13,22.46,26.4,Poor
101.23,83.13,112.01,4.99,55.2,22.94,Moderate
66.91,99.45,27.77,4.92,38.64,38.33,Poor
32.71,12.6,65.73,7.03,20.83,36.72,Moderate
128.43,54.65,9.42,6.56,24.99,27.04,Moderate
116.36,10.17,5.02,5.03,13.18,22.03,Poor
66.6,79.07,9.4,5.9,75.06,30.56,Moderate
125.75,50.93,19.1,5.25,63.07,38.33,Moderate
75.46,51.78,70.27,4.57,16.69,41.78,Poor
15.88,38.15,105.15,6.2,78.79,15.88,Poor
132.44,17.8,34.7,6.61,71.0,26.18,Moderate
51.1,43.16,18.68,7.85,74.07,33.25,Moderate
72.25,63.34,85.02,4.71,37.61,32.73,Healthy
128.69,39.1,123.79,7.53,75.05,41.71,Moderate
15.84,46.56,117.17,7.79,15.8,31.38,Moderate
135.78,26.57,55.37,6.08,37.62,30.17,Healthy
18.51,79.02,22.82,7.75,11.2,36.25,Moderate
59.74,67.31,30.98,6.65,30.94,15.11,Moderate
111.52,17.46,141.26,6.67,10.12,40.51,Poor
28.59,84.22,52.75,6.77,68.5,16.35,Moderate
105.21,19.12,108.88,5.14,11.54,19.2,Moderate
97.6,98.64,145.67,7.48,67.72,38.6,Poor
83.97,26.72,100.86,5.07,68.27,26.13,Moderate
47.31,85.13,21.12,8.4,76.53,31.44,Poor
109.7,8.53,68.38,8.04,10.81,22.85,Poor
59.54,69.13,107.2,4.76,25.23,37.29,Moderate
36.85,32.22,28.53,7.52,11.9,23.15,Moderate
84.52,5.57,143.33,7.98,55.31,26.86,Moderate
31.74,57.6,39.69,7.05,20.19,34.36,Moderate
55.21,52.69,28.46,5.53,41.51,27.37,Moderate
149.97,36.87,17.23,6.6,32.53,38.7,Poor
39.44,86.29,101.22,5.25,38.37,28.3,Moderate
83.05,42.72,89.77,7.37,45.43,31.27,Healthy
130.34,52.29,65.36,5.49,19.2,22.89,Moderate
66.86,77.6,36.53,7.31,15.53,19.28,Moderate
55.69,49.63,31.23,4.95,49.61,26.12,Healthy
68.22,34.25,58.83,5.24,28.94,29.64,Healthy
83.12,91.06,125.72,4.53,26.08,38.97,Poor
54.07,50.38,102.87,6.67,10.34,20.58,Moderate
24.06,20.93,26.37,6.99,38.46,16.8,Moderate
21.52,95.28,27.44,5.52,50.2,20.05,Moderate
37.65,11.9,147.22,6.92,47.08,38.99,Poor
93.22,29.99,73.48,6.41,37.87,35.35,Healthy
25.36,20.13,58.97,4.78,79.12,28.39,Poor
17.01,62.75,118.26,6.13,43.64,33.92,Moderate
42.73,61.78,96.49,7.72,72.38,40.4,Moderate
27.69,82.55,102.94,5.98,74.6,38.22,Moderate
118.41,10.46,30.67,8.17,78.76,22.49,Poor
48.83,62.98,16.05,6.88,77.81,23.02,Moderate
113.98,54.87,46.66,6.15,48.58,35.56,Healthy
85.71,92.89,21.96,8.33,48.55,25.58,Moderate
20.65,33.14,68.5,8.25,62.95,16.59,Poor
55.91,51.69,128.26,7.61,25.13,16.36,Moderate
28.53,52.81,18.03,5.5,67.49,25.85,Moderate
149.46,76.82,43.41,4.53,46.9,34.06,Moderate
75.76,91.12,116.35,6.58,11.32,24.13,Moderate
79.22,28.77,126.46,6.2,24.27,36.04,Moderate
95.16,23.72,82.25,7.28,41.39,23.16,Healthy
106.55,70.29,7.46,5.44,55.24,21.05,Moderate
144.77,20.47,113.49,8.49,34.26,31.28,Moderate
24.8,64.07,148.19,8.39,38.82,37.16,Poor
125.72,36.09,124.3,5.15,78.52,38.33,Poor
81.48,41.61,142.16,4.78,44.89,28.15,Moderate
63.39,15.7,41.45,8.43,66.56,37.63,Moderate
81.33,67.87,78.23,7.21,70.44,21.55,Healthy
143.13,91.79,65.8,8.41,71.78,16.08,Poor
15.9,72.19,118.63,5.49,44.91,29.56,Moderate
72.38,11.57,36.74,7.76,15.12,31.8,Moderate
98.78,95.87,148.18,8.28,47.89,16.13,Poor
48.82,50.17,10.67,4.65,32.68,25.46,Moderate
91.32,93.62,61.72,4.69,47.8,24.66,Moderate
136.15,45.99,51.66,7.4,44.53,29.99,Healthy
31.29,40.64,11.73,7.52,27.19,18.25,Moderate
92.53,60.05,50.79,8.35,54.49,40.01,Moderate
52.08,57.42,64.96,6.15,13.34,20.93,Healthy
131.71,85.74,20.24,4.57,17.14,32.25,Poor
43.58,77.45,5.85,7.36,72.05,16.21,Moderate
131.44,92.2,82.7,5.64,49.4,23.39,Moderate
140.65,56.65,120.81,6.94,30.19,28.5,Moderate
133.18,41.37,54.49,8.33,33.38,38.21,Moderate
34.96,80.21,94.22,4.98,14.48,23.05,Poor
102.04,39.21,44.32,6.83,76.68,18.29,Healthy
100.24,91.68,83.46,8.36,51.85,33.16,Moderate
120.78,23.97,86.23,6.96,18.41,27.3,Moderate
117.89,8.87,64.96,5.08,22.3,28.84,Moderate
14.13,45.37,8.73,8.2,71.81,20.71,Poor
19.21,28.81,9.12,7.44,50.17,29.68,Moderate
129.28,81.88,64.29,6.94,40.93,31.85,Healthy
31.21,33.51,41.52,5.17,38.97,34.62,Moderate
65.45,98.35,48.8,8.29,23.55,23.66,Moderate
32.97,27.6,27.78,7.0,24.04,17.3,Moderate
47.3,69.45,67.15,5.12,14.44,34.69,Moderate
108.58,48.84,81.52,5.46,43.97,34.67,Healthy
118.01,37.35,103.43,6.45,61.75,33.65,Healthy
115.05,20.66,51.71,5.56,41.29,27.55,Healthy
103.42,59.11,89.08,7.03,29.1,21.11,Healthy
40.13,79.05,19.1,5.76,29.62,30.98,Moderate
139.39,88.47,20.28,6.66,12.6,36.39,Poor
62.46,25.41,75.19,6.24,76.02,15.9,Moderate
143.0,27.27,26.03,7.47,46.58,39.18,Moderate
85.97,53.02,34.89,8.3,56.51,31.24,Healthy
120.61,14.62,130.63,6.5,66.15,34.24,Moderate
73.18,78.12,109.5,4.51,59.65,28.74,Moderate
127.53,81.92,29.74,4.59,23.74,35.01,Moderate
131.99,71.55,123.99,6.85,45.46,41.2,Moderate
21.28,45.03,45.32,4.99,52.39,22.11,Moderate
74.82,17.98,61.55,5.3,72.79,29.1,Moderate
121.94,51.14,11.15,7.28,13.35,25.67,Moderate
86.57,79.08,135.3,5.32,56.45,27.7,Moderate
117.45,94.29,82.28,5.65,65.9,29.22,Moderate
133.52,58.78,140.88,4.57,61.73,24.36,Moderate
103.61,94.52,99.82,7.48,21.06,19.6,Moderate
90.28,45.91,21.12,7.41,58.93,17.47,Healthy
16.81,40.99,96.78,8.07,40.42,17.27,Moderate
127.67,16.87,97.42,6.15,73.67,34.03,Moderate
10.02,40.41,31.14,5.63,37.93,29.62,Healthy
121.77,13.21,68.96,7.9,40.25,29.02,Moderate
119.0,72.72,78.95,8.37,12.53,16.47,Poor
69.83,20.0,36.39,5.1,58.47,26.37,Healthy
126.78,28.79,95.4,5.35,11.01,33.6,Moderate
30.37,70.91,105.15,7.17,51.44,38.89,Moderate
20.59,93.52,14.57,6.48,74.63,22.26,Poor
127.31,61.35,129.87,4.69,48.92,20.09,Moderate
12.53,70.45,113.7,7.45,60.89,36.6,Moderate
75.74,38.02,116.79,7.17,24.0,26.75,Healthy
35.5,79.0,40.83,6.99,61.48,41.77,Moderate
70.64,87.88,101.33,4.53,37.39,25.64,Moderate
26.75,46.52,21.89,7.84,35.33,19.94,Moderate
94.26,86.47,140.56,8.08,71.74,24.4,Poor
80.76,40.27,138.73,4.87,48.8,21.67,Moderate
129.05,37.23,130.23,8.21,22.04,35.36,Moderate
59.0,43.31,44.79,6.97,34.02,35.0,Moderate
118.99,42.54,5.69,4.76,29.17,40.75,Poor
65.13,75.7,140.73,5.87,49.29,38.01,Moderate
96.07,15.66,116.59,8.12,63.81,35.32,Moderate
115.8,63.19,40.93,8.14,19.02,37.34,Moderate
60.31,69.01,121.74,7.69,21.28,31.49,Moderate
40.04,15.65,79.47,8.45,78.72,30.48,Moderate
118.1,28.72,37.53,7.33,65.02,35.03,Healthy
24.63,38.85,11.41,7.64,31.82,26.6,Moderate
91.04,5.05,56.35,7.41,30.02,30.4,Healthy
146.8,16.22,43.89,7.24,51.89,41.41,Moderate
14.84,88.41,75.84,5.41,45.24,26.13,Moderate
35.11,25.84,46.78,6.71,15.82,17.4,Moderate
56.44,72.19,146.85,4.55,78.06,33.52,Poor
136.14,55.95,72.13,7.64,48.58,39.23,Moderate
135.03,55.39,88.2,6.33,58.26,33.42,Healthy
101.08,10.92,144.72,5.84,27.24,20.7,Moderate
19.7,48.42,11.03,5.14,10.37,19.72,Poor
149.33,56.44,14.74,6.76,52.06,29.79,Moderate
57.04,67.44,25.68,5.38,79.63,26.22,Moderate
30.69,25.62,110.0,4.97,34.78,23.87,Moderate
41.92,50.3,20.97,6.33,12.28,41.2,Moderate
94.68,12.13,32.66,7.45,61.22,24.85,Healthy
30.78,55.91,45.08,4.89,34.22,35.28,Moderate
59.58,8.87,22.46,6.89,46.55,33.22,Moderate
90.05,52.24,73.89,8.35,70.36,25.34,Healthy
101.49,6.94,8.04,5.77,62.83,39.99,Poor
105.62,72.11,9.66,8.22,16.08,40.57,Poor
29.84,8.17,86.72,4.95,12.02,33.03,Poor
113.36,32.83,82.36,6.84,21.26,26.88,Healthy
99.18,89.14,65.73,7.3,45.12,34.09,Healthy
120.46,55.4,13.86,8.0,52.07,31.22,Moderate
81.33,21.53,75.5,6.65,36.86,19.03,Healthy
116.71,48.38,106.6,4.69,45.31,16.99,Moderate
112.7,60.19,70.45,8.39,32.82,26.42,Healthy
113.25,54.88,100.49,8.41,58.7,19.07,Moderate
39.31,87.64,11.96,6.54,73.42,35.96,Moderate
26.19,75.34,60.4,8.11,50.1,29.82,Moderate
11.22,28.72,64.85,7.4,46.4,38.02,Moderate
14.81,35.67,91.65,7.14,45.17,25.77,Healthy
20.02,71.14,136.04,7.74,59.09,32.12,Moderate
118.09,78.79,6.01,5.93,70.76,37.97,Moderate
109.39,34.36,120.7,5.43,25.69,29.46,Moderate
89.99,38.38,92.55,7.34,22.62,22.79,Healthy
107.98,93.09,133.24,5.02,49.88,36.6,Poor
43.23,66.1,67.01,7.15,12.25,23.45,Healthy
53.03,44.77,21.61,6.25,47.9,15.72,Moderate
52.13,21.84,145.96,5.02,53.92,25.85,Moderate
50.23,86.14,101.29,6.98,16.56,21.99,Moderate
48.71,46.27,138.61,6.11,32.96,16.92,Moderate
63.89,9.97,57.95,8.37,48.92,20.64,Moderate
51.89,59.25,7.8,8.1,50.47,28.29,Moderate
110.27,24.02,8.14,6.96,21.2,15.33,Moderate
140.05,79.9,21.56,8.09,14.73,36.68,Poor
68.03,54.23,101.91,4.9,73.54,18.88,Moderate
141.82,13.69,29.94,4.73,37.84,30.95,Poor
97.51,83.71,81.62,6.54,32.83,32.58,Moderate
137.19,38.75,56.67,5.87,25.92,30.3,Moderate
24.78,84.31,24.97,5.2,14.8,25.3,Poor
116.07,91.46,67.97,5.44,60.8,33.58,Moderate
105.43,47.13,86.97,4.75,27.5,40.03,Moderate
15.85,33.65,37.86,5.02,74.7,18.4,Moderate
78.51,84.75,5.56,4.93,33.93,18.98,Moderate
35.57,61.16,29.74,7.06,74.09,21.19,Moderate
39.72,6.08,7.13,6.09,44.23,19.94,Moderate
55.22,18.33,103.78,6.07,61.4,29.86,Moderate
62.82,64.5,6.04,7.26,35.97,28.87,Healthy
83.28,58.05,106.85,4.94,44.23,17.25,Moderate
42.78,22.98,91.81,6.92,68.16,29.09,Moderate
114.25,89.46,24.36,7.38,32.96,22.51,Moderate
144.82,24.61,137.61,7.79,71.5,30.82,Moderate
91.86,43.25,63.13,7.9,37.14,28.14,Healthy
149.49,38.66,124.28,5.61,11.76,31.02,Moderate
77.11,79.73,5.6,4.78,70.18,27.98,Moderate
80.89,26.39,139.26,8.16,46.17,20.88,Moderate
147.59,89.78,80.6,7.01,40.78,20.56,Moderate
105.4,68.57,84.36,7.76,41.63,38.24,Healthy
40.38,96.37,34.74,5.14,52.24,17.51,Moderate
33.51,74.26,49.68,7.7,20.89,25.4,Moderate
64.08,50.64,64.51,6.05,32.99,15.41,Healthy
96.32,49.98,59.13,5.35,72.4,21.42,Healthy
138.93,25.64,145.86,6.18,47.29,23.07,Moderate
141.49,31.84,110.88,4.58,49.11,35.02,Moderate
75.92,66.12,116.37,6.5,25.27,25.71,Healthy
112.31,30.75,96.65,5.09,75.12,31.28,Moderate
75.56,82.09,120.59,4.89,31.49,27.38,Moderate
57.68,35.14,56.07,5.07,18.36,22.03,Moderate
19.81,53.47,27.2,4.77,68.6,30.86,Moderate
135.77,98.42,91.06,7.68,21.17,33.86,Moderate
86.94,69.26,20.19,8.24,39.22,35.95,Moderate
148.69,87.96,50.2,6.11,55.41,29.53,Moderate
67.44,67.07,136.88,5.74,18.98,33.25,Moderate
92.54,91.03,112.69,6.09,54.33,38.28,Moderate
58.65,6.31,95.82,4.6,75.62,19.54,Poor
62.4,94.9,16.59,4.52,17.25,41.62,Poor
146.04,41.54,112.72,7.44,16.99,21.35,Moderate
134.46,20.74,80.52,5.48,49.03,20.31,Moderate
40.2,9.45,148.57,4.95,39.09,26.27,Poor
52.51,80.43,53.97,7.0,48.01,38.33,Moderate
124.73,25.7,113.77,7.67,74.34,41.01,Moderate
113.18,47.74,47.48,7.96,74.09,17.63,Moderate
87.61,17.27,41.48,6.03,31.78,34.33,Moderate
21.06,63.31,89.31,7.65,16.77,23.98,Moderate
107.59,72.61,70.2,6.35,77.55,23.81,Healthy
31.02,95.52,122.39,5.45,70.01,21.81,Moderate
125.84,64.71,74.97,8.21,66.66,18.51,Moderate
108.78,80.0,83.46,5.6,26.41,41.3,Moderate
71.15,54.29,91.73,4.9,15.69,20.35,Moderate
19.15,90.35,26.46,5.41,47.61,39.2,Poor
16.86,25.52,109.02,6.58,51.62,15.46,Moderate
131.35,59.98,125.98,8.35,61.25,15.84,Poor
109.61,58.53,20.01,5.58,21.82,39.97,Moderate
121.34,71.58,115.68,6.9,69.87,21.17,Moderate
45.07,61.22,122.47,7.84,78.34,35.58,Moderate
42.58,26.91,69.61,7.1,45.91,16.82,Healthy
77.47,82.62,39.85,7.04,28.88,30.0,Healthy
108.14,24.69,112.23,7.21,31.89,39.16,Moderate
119.27,54.51,16.99,6.26,33.09,22.09,Healthy
100.1,92.56,26.25,7.47,53.52,33.01,Moderate
128.33,40.67,89.04,5.61,29.89,28.86,Moderate
11.02,28.57,26.99,4.98,36.92,17.82,Moderate
31.6,68.53,99.44,8.28,74.42,38.6,Poor
106.73,30.33,30.83,8.3,77.17,28.62,Moderate
86.78,5.51,26.54,6.68,22.73,27.93,Moderate
121.29,81.07,129.94,5.44,40.23,31.92,Moderate
91.35,99.91,45.06,4.79,37.15,28.99,Moderate
64.21,35.34,42.3,6.21,58.24,19.02,Healthy
131.17,65.91,20.57,4.59,13.59,17.44,Moderate
100.1,94.38,24.33,5.64,70.61,28.65,Moderate
69.8,49.96,19.66,5.38,77.34,32.37,Moderate
50.08,94.96,62.64,5.06,77.57,32.98,Poor
115.39,7.14,46.06,8.28,20.89,38.58,Poor
117.87,40.96,133.57,8.19,70.68,26.0,Moderate
92.2,34.08,23.84,8.11,78.68,16.58,Poor
106.28,95.18,93.15,4.69,11.04,28.61,Poor
141.59,31.49,55.8,7.68,66.12,40.48,Moderate
127.41,61.42,141.12,6.96,52.11,15.42,Moderate
73.76,9.08,135.32,4.54,31.49,41.87,Poor
121.31,76.98,108.37,4.7,30.17,36.56,Moderate
135.38,38.26,42.62,5.44,48.36,22.87,Healthy
12.99,42.12,85.29,7.04,34.01,23.48,Healthy
49.74,64.22,46.13,8.17,29.72,36.36,Moderate
54.76,65.3,106.36,5.2,36.6,18.44,Moderate
81.49,91.39,91.45,7.31,29.81,27.64,Healthy
113.71,17.47,22.65,5.4,26.58,40.98,Moderate
32.21,14.99,24.96,5.31,35.81,20.32,Moderate
22.29,17.98,119.5,6.58,62.21,19.77,Moderate
52.72,98.32,17.42,6.25,30.7,15.2,Poor
87.34,57.25,51.47,6.39,37.44,27.53,Healthy
128.73,72.83,45.64,5.46,60.77,21.06,Moderate
137.06,84.12,41.62,7.71,23.39,15.67,Moderate
144.56,77.33,75.91,7.87,15.31,34.97,Moderate
143.89,82.77,67.59,5.89,72.47,22.87,Moderate
141.24,35.39,23.13,5.44,46.36,18.54,Moderate
63.19,91.06,18.61,6.96,38.26,32.48,Moderate
78.55,88.29,63.36,6.53,19.11,28.24,Moderate
26.06,60.4,66.97,7.63,39.29,32.03,Moderate
18.26,72.45,143.83,6.29,10.69,31.3,Poor
30.32,49.46,9.71,6.27,71.21,18.66,Moderate
79.77,29.12,42.85,7.07,62.38,38.58,Healthy
48.95,11.72,69.13,6.84,61.77,35.41,Moderate
130.91,7.96,147.24,8.37,12.49,23.46,Poor
117.18,50.46,5.67,5.92,50.53,38.75,Moderate
126.1,94.9,72.85,7.69,17.05,29.0,Moderate
138.32,84.69,100.06,5.1,22.75,33.32,Moderate
55.58,36.3,127.91,4.58,37.48,21.43,Moderate
13.79,25.57,31.72,6.52,40.46,27.74,Healthy
132.91,51.97,97.66,7.09,46.18,23.23,Healthy
136.44,46.63,87.81,6.74,67.93,29.43,Healthy
73.97,48.71,118.09,5.82,75.44,37.86,Moderate
29.37,35.14,136.31,5.61,32.24,20.87,Moderate
17.62,50.45,114.45,7.14,11.93,29.13,Moderate
56.24,65.97,63.75,8.42,67.99,33.91,Moderate
82.19,61.16,69.11,7.68,73.58,41.98,Moderate
93.84,69.78,62.98,4.53,59.23,40.22,Moderate
130.35,88.47,63.31,7.35,54.69,29.61,Healthy
31.23,59.67,48.3,7.31,76.14,34.65,Moderate
46.33,49.2,86.91,7.4,20.35,29.19,Healthy
130.42,7.62,110.5,8.02,65.7,40.16,Poor
119.58,54.21,74.16,4.63,11.3,32.27,Moderate
48.56,34.17,122.02,4.95,29.87,33.5,Moderate
14.28,54.38,17.39,7.55,54.42,31.43,Moderate
40.98,73.85,48.74,6.78,16.44,17.59,Moderate
37.16,25.52,23.33,4.97,71.53,29.98,Moderate
97.1,32.34,13.05,8.37,13.78,37.21,Poor
103.11,43.71,113.26,7.56,71.48,29.71,Moderate
39.92,59.39,19.4,6.0,52.73,21.8,Healthy
131.11,97.72,16.01,5.32,43.11,16.02,Poor
23.01,90.56,11.6,5.49,39.65,15.55,Poor
123.48,83.85,62.23,5.31,72.47,33.32,Moderate
83.34,42.28,83.2,5.5,41.47,33.52,Healthy
67.59,70.07,112.12,7.51,49.84,19.98,Moderate
108.08,82.83,18.67,8.08,75.89,33.04,Poor
25.55,67.1,56.63,5.71,12.57,34.57,Moderate
89.34,47.83,61.36,6.15,41.72,27.89,Healthy
23.68,41.13,14.29,7.6,46.56,36.59,Moderate
70.1,19.54,48.44,5.44,40.79,36.3,Moderate
26.33,43.01,18.31,6.07,50.78,16.86,Poor
19.33,74.4,64.09,5.91,58.04,17.29,Moderate
130.36,78.67,61.5,6.37,37.84,36.2,Moderate
14.06,68.78,48.87,7.62,78.87,22.53,Moderate
72.42,57.02,84.9,5.13,50.83,34.55,Healthy
142.16,73.91,92.48,5.43,16.85,32.13,Moderate
97.53,84.74,69.68,5.19,25.73,27.86,Moderate
53.69,22.13,20.64,6.15,33.63,41.06,Moderate
129.9,22.43,114.24,6.42,74.83,31.42,Moderate
38.56,23.62,145.26,8.17,43.8,30.23,Moderate
86.59,77.53,73.8,4.99,32.7,30.34,Moderate
59.15,82.29,142.45,5.47,72.24,34.32,Moderate
92.17,17.39,64.59,8.48,55.38,30.98,Healthy
14.99,35.48,75.78,7.07,70.0,27.37,Healthy
48.42,31.72,24.98,5.08,31.37,35.7,Moderate
67.85,86.66,142.63,4.8,59.76,17.3,Poor
20.04,31.2,19.73,7.15,60.13,32.26,Moderate
90.55,79.22,117.02,7.98,58.52,24.61,Moderate
83.46,51.61,20.64,7.75,73.9,41.58,Moderate
44.72,14.09,21.1,7.72,54.22,35.42,Moderate
136.73,26.5,57.79,7.67,28.16,28.66,Moderate
72.08,61.55,148.29,4.91,43.92,40.89,Poor
58.7,75.36,139.74,5.46,15.7,17.04,Moderate
20.22,38.3,23.3,6.12,62.79,23.05,Healthy
77.12,17.1,106.25,5.77,19.47,40.78,Moderate
117.75,66.97,109.83,6.2,30.88,28.5,Healthy
125.54,96.56,92.77,6.01,60.27,33.82,Moderate
44.64,46.37,24.43,6.11,63.39,23.48,Healthy
98.62,36.13,26.33,7.47,51.25,37.29,Healthy
105.05,82.63,27.47,6.96,35.72,35.16,Moderate
91.21,10.15,82.36,7.48,28.4,32.67,Moderate
127.73,11.19,88.81,8.05,18.85,22.27,Poor
97.63,60.59,120.04,7.02,50.31,27.2,Healthy
20.95,61.15,27.71,8.48,15.5,17.04,Poor
120.23,14.61,63.74,8.21,65.15,21.29,Moderate
45.14,61.27,75.53,4.97,21.11,36.68,Moderate
58.27,80.91,32.52,6.9,45.36,23.81,Healthy
95.2,16.83,129.19,7.47,30.09,30.66,Moderate
136.3,45.12,57.68,7.7,10.08,33.53,Moderate
40.21,70.95,68.5,4.58,71.2,29.76,Moderate
53.9,71.82,76.91,4.64,55.52,41.18,Moderate
41.08,86.98,95.04,4.81,61.1,26.92,Moderate
121.12,65.4,5.4,5.01,34.67,28.01,Moderate
140.5,83.09,121.23,6.66,16.5,35.14,Moderate
22.12,13.69,41.99,8.19,62.49,17.07,Poor
138.65,79.42,92.53,5.01,32.41,23.12,Moderate
99.61,60.85,45.2,5.74,46.29,37.83,Healthy
27.67,73.95,149.37,7.5,40.91,34.76,Moderate
130.5,78.01,6.85,5.03,17.5,15.86,Poor
110.03,30.4,109.68,7.16,46.65,16.61,Healthy
52.74,7.58,136.95,5.73,16.65,15.07,Poor
95.61,63.99,149.26,5.65,13.26,36.04,Moderate
52.64,36.41,136.62,6.8,38.02,40.67,Moderate
47.14,7.04,38.48,4.68,38.54,37.44,Moderate
146.53,71.53,139.29,6.13,31.19,19.16,Moderate
80.12,36.06,20.59,8.23,18.66,34.97,Moderate
19.53,55.08,102.85,5.44,15.3,31.02,Moderate
94.41,34.64,59.55,4.68,30.71,38.83,Moderate
33.98,49.46,103.14,7.71,15.68,30.98,Moderate
97.82,23.75,9.47,7.88,40.8,16.64,Moderate
90.92,40.81,16.63,5.65,32.88,30.52,Moderate
66.47,15.16,97.12,7.42,45.51,16.71,Healthy
24.45,94.74,32.46,5.73,58.13,36.38,Moderate
137.54,42.54,148.88,4.92,67.86,22.35,Poor
141.19,87.57,115.53,6.91,25.01,27.47,Moderate
14.87,72.39,21.8,5.53,27.15,36.27,Moderate
66.09,55.78,35.25,5.84,45.83,20.24,Healthy
106.57,47.68,147.63,5.49,37.72,39.97,Moderate
134.04,51.0,22.92,6.14,51.11,21.86,Healthy
36.76,55.49,30.52,8.0,15.2,41.66,Moderate
85.31,98.44,113.97,5.11,25.92,17.89,Moderate
112.07,21.02,108.61,7.94,38.82,32.85,Moderate
135.33,76.55,23.96,5.67,47.49,22.14,Moderate
80.83,95.52,70.71,5.55,20.26,39.33,Moderate
42.17,23.39,84.91,6.35,37.0,30.62,Healthy
89.72,11.5,65.16,7.38,36.72,41.94,Moderate
42.95,52.15,102.72,6.69,12.74,28.87,Moderate
145.3,43.63,21.85,4.59,38.86,20.0,Moderate
126.86,95.46,141.38,6.0,41.83,23.51,Moderate
28.07,58.11,32.0,4.74,69.46,36.56,Moderate
139.68,36.1,131.25,6.09,15.09,27.36,Poor
87.53,46.05,118.89,5.91,74.47,17.0,Moderate
110.86,93.25,85.21,8.01,58.43,15.39,Poor
103.97,67.37,5.0,6.14,12.72,22.91,Moderate
148.12,94.33,104.3,5.97,37.75,16.03,Poor
57.36,79.52,80.31,6.41,16.38,39.81,Moderate
49.63,41.38,52.95,5.81,51.95,31.93,Healthy
93.8,11.51,145.58,7.36,71.79,19.31,Moderate
140.5,73.56,77.6,4.59,27.72,37.65,Moderate
63.09,69.44,110.96,7.6,36.76,39.57,Moderate
50.91,84.43,66.59,5.44,34.04,36.59,Moderate
96.08,17.98,22.98,7.25,26.76,20.63,Moderate
114.93,35.65,14.9,6.2,49.84,31.24,Healthy
18.19,48.09,57.14,6.3,12.92,22.98,Moderate
100.08,16.96,144.09,8.48,35.23,33.39,Moderate
98.95,20.88,61.29,8.42,18.94,30.53,Moderate
93.89,20.91,82.61,8.17,18.1,20.12,Moderate
45.79,76.34,88.7,6.51,65.44,41.41,Moderate
37.43,82.14,58.66,5.08,27.96,25.78,Moderate
135.88,50.45,94.07,4.63,14.48,40.33,Poor
127.36,51.52,34.06,4.66,78.27,15.15,Poor
43.27,69.97,141.0,4.97,64.17,23.96,Moderate
105.16,14.18,130.4,7.33,76.89,28.57,Poor
134.28,56.34,79.35,4.88,66.99,26.13,Moderate
94.0,66.82,117.35,6.8,53.39,29.06,Healthy
95.95,47.2,117.58,7.74,46.2,18.96,Moderate
62.29,84.79,137.93,5.57,75.88,22.47,Moderate
138.64,93.87,78.2,8.3,48.45,25.23,Poor
123.42,15.31,36.41,5.35,53.55,34.14,Moderate
127.24,90.49,131.88,7.23,74.04,22.44,Moderate
111.54,12.28,23.16,5.4,17.19,41.07,Poor
75.27,91.14,74.11,7.3,32.52,40.67,Moderate
14.89,71.25,142.81,7.65,67.93,23.08,Moderate
73.26,17.94,59.58,4.53,64.51,40.73,Moderate
108.12,81.98,79.45,5.27,60.46,23.08,Healthy
74.33,90.56,59.08,5.66,12.22,33.94,Moderate
40.13,65.74,58.16,7.65,72.29,21.36,Moderate
120.92,19.52,25.43,6.21,32.72,41.65,Moderate
122.56,89.57,24.72,7.36,52.3,17.68,Moderate
121.11,86.11,137.54,8.26,17.55,38.82,Poor
142.35,70.63,31.66,6.1,16.31,15.11,Poor
138.81,97.37,138.3,5.52,53.48,28.49,Poor
79.45,45.69,141.47,7.66,69.28,15.93,Moderate
67.67,61.81,100.51,8.08,21.69,17.43,Moderate
135.05,53.13,83.19,8.06,62.49,34.73,Moderate
36.04,64.03,70.26,6.94,50.3,15.71,Healthy
58.14,48.49,77.53,4.9,72.9,24.03,Moderate
78.52,68.05,109.27,6.01,19.04,20.6,Healthy
33.11,28.19,92.53,6.64,21.8,33.4,Moderate
18.92,91.41,87.1,6.86,30.01,28.81,Moderate
69.68,95.32,16.05,6.33,65.41,29.7,Moderate
89.13,91.57,59.48,4.51,74.8,15.89,Poor
121.64,18.26,8.0,5.92,70.48,16.0,Moderate
46.78,31.51,18.75,4.87,73.57,33.77,Moderate
53.56,27.64,11.22,5.94,31.08,39.76,Moderate
40.87,43.49,103.89,5.78,64.73,34.61,Moderate
14.97,86.3,57.77,4.88,58.88,35.17,Poor
19.94,38.62,134.84,7.18,47.37,28.61,Moderate
95.18,67.04,14.98,5.84,46.87,34.72,Moderate
113.99,62.52,90.05,5.97,68.43,39.74,Moderate
128.48,87.83,136.78,5.31,45.97,29.43,Moderate
77.96,85.61,52.13,5.15,29.2,18.86,Moderate
66.67,16.1,17.7,6.3,52.08,31.41,Healthy
22.92,97.3,22.65,7.14,72.2,38.89,Poor
81.7,31.36,125.04,6.95,65.37,25.8,Healthy
137.88,93.31,111.92,8.27,41.74,20.25,Poor
101.83,67.07,76.24,5.54,53.7,19.88,Healthy
115.46,91.15,29.16,7.78,23.89,28.51,Moderate
140.09,12.86,18.02,8.33,21.12,24.24,Poor
74.26,5.64,32.27,7.81,46.32,25.64,Healthy
105.48,35.85,68.59,8.47,64.2,29.96,Healthy
83.74,85.21,92.13,5.86,39.25,19.95,Moderate
144.33,66.96,62.79,5.94,73.49,24.73,Moderate
115.89,84.37,136.92,5.99,63.57,23.83,Moderate
142.16,6.06,87.68,6.54,71.43,20.84,Moderate
22.22,85.41,55.76,5.8,17.37,39.84,Poor
98.61,70.76,135.2,7.88,41.63,19.31,Moderate
104.12,66.82,11.83,8.1,33.47,26.58,Moderate
81.93,91.64,29.72,5.97,45.09,41.78,Moderate
71.57,42.86,140.58,7.15,21.45,19.75,Moderate
100.22,49.37,6.3,6.29,75.78,35.18,Moderate
88.2,23.54,53.67,8.49,56.13,22.46,Healthy
113.32,13.68,58.73,5.42,72.72,34.85,Moderate
79.65,43.74,129.5,5.28,15.23,38.0,Moderate
129.91,28.09,33.32,7.39,20.04,31.79,Healthy
108.17,64.09,66.9,7.76,75.1,34.05,Moderate
68.65,99.59,70.17,4.97,22.78,24.39,Moderate
33.96,78.94,7.05,6.12,71.47,18.18,Moderate
90.65,93.72,15.38,5.9,12.64,33.42,Poor
68.45,95.0,105.24,6.91,73.72,18.5,Moderate
119.68,74.33,102.62,7.05,18.71,36.98,Moderate
98.92,78.29,132.03,6.67,76.98,17.95,Moderate
10.57,36.34,36.4,6.71,29.62,33.58,Moderate
142.35,78.08,65.94,8.44,63.98,36.89,Moderate
38.66,70.26,15.24,5.44,11.15,34.04,Moderate
12.93,47.67,99.09,5.72,35.71,38.44,Moderate
136.2,86.58,113.74,5.61,15.23,28.19,Poor
139.42,26.22,35.38,7.62,51.44,25.92,Healthy
130.77,60.34,138.44,5.97,41.09,17.01,Moderate
61.48,22.07,9.76,5.52,44.34,21.68,Moderate
25.27,47.9,26.44,4.84,77.21,27.85,Poor
122.33,21.22,71.92,4.86,38.83,37.31,Moderate
134.98,54.31,46.53,7.43,54.72,27.7,Healthy
76.55,51.86,54.19,6.58,14.02,30.39,Healthy
79.47,44.95,51.98,6.99,43.95,17.72,Healthy
62.42,12.27,59.98,6.63,37.37,24.22,Healthy
49.36,41.27,15.05,8.48,48.87,32.18,Moderate
35.64,92.72,87.82,6.16,59.92,23.22,Healthy
140.85,21.08,125.8,8.37,44.42,38.67,Poor
20.02,63.96,56.65,5.96,41.53,31.11,Healthy
96.24,31.44,60.67,5.5,54.28,17.75,Healthy
69.3,97.96,148.37,6.57,27.32,30.75,Moderate
78.38,9.04,148.42,5.81,37.95,28.87,Moderate
133.25,80.92,34.8,7.37,71.22,34.29,Moderate
29.49,56.2,126.59,5.28,47.7,33.08,Moderate
98.95,15.13,45.23,6.71,24.61,24.01,Healthy
68.11,6.29,79.01,8.48,38.58,22.41,Moderate
45.42,53.94,71.12,7.95,54.75,25.76,Healthy
64.0,56.98,41.74,6.19,29.95,28.92,Healthy
86.52,85.45,41.42,8.12,47.47,34.62,Moderate
95.63,83.76,101.16,4.54,37.32,40.34,Moderate
73.2,83.7,131.0,5.83,70.04,25.19,Moderate
13.55,70.97,123.94,6.31,22.14,31.61,Moderate
113.36,67.21,56.59,5.97,48.44,20.22,Healthy
128.46,14.72,75.55,7.94,47.06,35.55,Moderate
43.54,47.32,108.39,8.05,55.01,21.55,Moderate
30.48,84.95,85.34,5.24,44.0,18.41,Moderate
24.72,92.4,83.97,5.5,71.69,41.97,Poor
133.79,76.02,144.5,5.29,71.44,24.69,Moderate
14.51,8.08,32.24,7.62,72.77,18.45,Moderate
128.35,76.77,12.57,7.43,12.69,22.09,Moderate
84.33,91.38,20.28,5.89,50.38,34.99,Moderate
138.15,49.54,126.93,6.97,24.28,30.65,Moderate
53.93,71.85,46.26,5.55,76.18,39.53,Moderate
73.24,77.72,147.4,4.85,52.43,21.84,Moderate
122.0,14.63,119.38,5.3,41.92,36.97,Moderate
19.44,93.18,36.52,6.5,61.42,18.33,Moderate
95.22,53.98,89.95,7.15,39.44,23.07,Healthy
35.74,94.21,63.2,5.63,13.68,35.28,Moderate
83.88,23.14,134.54,8.24,71.65,30.15,Moderate
62.26,20.38,59.7,6.95,25.86,27.53,Healthy
90.23,74.49,18.25,7.97,41.93,30.71,Moderate
141.64,20.96,133.25,7.72,79.58,25.61,Poor
27.76,6.35,119.93,5.05,31.42,41.66,Poor
71.89,26.96,114.22,5.59,47.17,19.25,Moderate
74.52,15.32,117.1,5.96,32.32,41.83,Moderate
126.16,57.62,141.91,5.35,50.14,40.08,Moderate
89.76,34.26,122.69,5.06,20.64,34.74,Moderate
19.71,9.81,59.97,6.09,42.88,35.0,Moderate
89.64,72.79,12.23,5.76,77.65,26.55,Moderate
41.15,99.25,64.64,6.42,25.67,32.72,Moderate
39.01,62.94,114.83,7.11,16.33,17.15,Moderate
127.93,90.93,24.67,6.0,55.78,37.56,Moderate
137.26,71.37,26.38,7.57,70.13,24.49,Moderate
79.18,20.81,49.16,7.98,16.22,35.59,Moderate
23.67,32.8,89.45,4.51,57.28,23.54,Moderate
114.8,97.65,65.39,4.62,69.42,22.41,Moderate
30.81,88.53,38.72,6.92,27.78,34.24,Moderate
100.82,53.37,85.48,5.41,11.53,36.62,Moderate
134.5,78.9,107.65,6.39,50.87,33.67,Moderate
13.67,45.25,37.58,5.96,62.45,24.81,Healthy
113.47,97.32,138.89,7.81,69.71,25.64,Moderate
112.42,68.37,147.52,6.8,40.08,37.61,Healthy
114.94,16.86,91.46,6.87,54.21,40.42,Healthy
94.28,87.65,56.97,4.73,36.27,29.38,Moderate
126.66,65.03,69.12,6.35,79.77,18.82,Moderate
38.77,64.4,106.7,6.08,12.25,29.09,Moderate
30.21,10.32,54.99,5.04,40.73,35.57,Poor
16.59,52.49,77.06,4.51,61.68,17.42,Moderate
140.49,65.74,46.73,8.2,38.03,22.03,Moderate
63.83,63.1,109.92,7.15,74.49,40.82,Moderate
37.59,91.69,20.47,8.33,28.15,22.18,Moderate
69.02,22.27,125.02,5.0,40.75,39.49,Poor
98.95,62.68,149.22,4.59,32.39,18.38,Moderate
35.84,25.52,95.9,5.59,56.49,34.93,Moderate
66.27,55.95,24.15,7.51,39.34,37.54,Moderate
83.67,71.19,56.99,5.99,40.56,32.17,Moderate
80.91,81.41,12.95,8.1,74.82,21.59,Moderate
24.11,59.33,14.3,5.42,45.53,31.57,Moderate
37.2,93.61,31.29,5.11,21.36,40.1,Poor
133.03,8.14,110.36,4.79,15.27,17.05,Poor
126.15,45.61,85.77,4.62,73.06,41.51,Moderate
42.92,67.37,103.43,8.37,43.86,21.42,Moderate
60.44,65.76,73.51,4.82,66.52,38.34,Moderate
76.97,54.73,76.28,6.62,17.18,26.71,Healthy
72.7,99.78,12.05,5.75,44.72,37.88,Moderate
74.57,32.65,82.61,5.69,48.38,33.63,Healthy
84.31,62.92,10.61,7.14,77.88,28.27,Moderate
122.38,57.15,107.08,5.74,77.68,20.81,Moderate
32.27,9.32,83.47,6.98,55.47,19.65,Moderate
101.2,20.69,114.47,5.6,39.54,24.92,Moderate
61.48,73.49,149.68,6.61,38.07,22.93,Healthy
97.43,47.86,117.06,6.93,38.83,40.73,Healthy
11.58,70.5,64.56,4.99,16.49,32.53,Poor
30.69,86.33,50.08,5.88,56.21,20.94,Moderate
10.99,47.35,81.54,6.28,42.06,32.97,Healthy
128.4,39.72,119.56,4.75,43.62,25.16,Moderate
75.23,13.69,25.13,5.67,29.15,25.4,Moderate
74.02,26.01,94.79,6.0,14.21,21.58,Healthy
88.42,62.65,120.95,5.48,49.36,27.85,Healthy
128.79,74.35,24.14,8.34,34.87,40.77,Moderate
49.93,49.55,84.82,4.75,60.1,17.83,Moderate
32.98,32.57,144.31,8.39,44.25,29.4,Poor
39.66,44.71,147.74,7.66,58.82,22.52,Moderate
116.83,96.82,148.25,6.9,21.25,41.03,Poor
85.79,8.64,16.82,6.81,68.47,40.42,Poor
142.22,59.97,147.3,5.1,16.63,15.82,Poor
118.38,92.08,126.78,8.26,48.36,35.6,Poor
57.14,77.82,114.19,6.24,13.06,22.19,Moderate
133.93,60.79,63.74,8.29,35.65,23.86,Healthy
117.87,38.75,69.7,7.39,40.11,23.7,Healthy
12.15,86.75,81.37,7.91,53.25,20.42,Moderate
60.84,44.64,112.26,6.69,54.56,35.33,Healthy
48.34,88.79,70.73,7.14,25.27,21.3,Moderate
112.9,38.29,132.01,7.16,56.58,25.27,Healthy
136.37,94.74,42.4,6.56,73.49,17.73,Moderate
51.66,95.67,75.32,8.31,36.61,29.24,Moderate
73.58,48.44,138.07,7.28,76.2,23.9,Moderate
149.15,72.23,24.04,6.15,27.41,21.36,Moderate
140.14,96.2,7.05,5.05,29.45,37.89,Poor
95.55,58.72,91.75,8.3,29.31,18.33,Moderate
95.09,97.04,107.95,8.07,72.73,20.92,Moderate
105.98,86.91,19.69,7.11,29.04,37.19,Moderate
41.25,40.47,103.13,6.72,18.4,21.08,Moderate
134.02,98.93,105.63,4.54,62.04,32.36,Moderate
67.65,26.66,29.03,4.83,54.75,24.11,Healthy
82.52,54.89,93.06,6.88,46.34,19.19,Healthy
13.79,59.74,66.37,6.14,40.1,18.07,Healthy
35.1,67.9,79.5,6.94,19.05,36.98,Moderate
62.17,63.24,72.52,6.37,64.5,17.98,Healthy
20.47,14.6,149.32,8.21,59.04,27.08,Poor
21.91,82.99,32.47,5.59,68.86,21.95,Moderate
128.24,79.66,126.41,7.2,34.65,32.64,Moderate
126.08,76.19,129.99,8.43,58.31,40.06,Poor
48.05,97.48,137.0,4.66,51.33,28.58,Poor
124.18,17.0,81.51,6.51,37.69,41.79,Moderate
85.54,44.26,129.18,5.06,30.13,22.53,Moderate
140.72,88.63,92.97,5.78,42.77,30.42,Moderate
85.61,29.31,23.92,8.13,54.86,18.92,Moderate
148.58,44.07,111.28,5.21,75.29,17.14,Moderate
143.82,74.08,37.95,5.22,68.6,16.08,Moderate
26.0,68.92,16.22,6.66,50.18,15.48,Poor
62.8,7.71,145.2,5.36,58.28,33.19,Moderate
118.11,36.86,31.74,6.62,58.6,35.39,Healthy
16.85,76.5,21.3,6.6,48.88,18.43,Moderate
144.96,65.61,37.46,4.7,64.25,37.72,Moderate
22.69,29.46,98.14,6.18,33.98,26.46,Healthy
80.74,22.54,61.27,4.78,10.42,41.33,Poor
17.67,9.13,134.04,8.4,69.12,18.77,Poor
99.53,71.21,116.89,4.95,37.35,22.45,Moderate
101.63,37.64,78.78,7.01,70.61,39.86,Healthy
107.08,19.86,133.89,5.32,13.72,26.81,Moderate
105.85,19.19,48.41,4.82,53.27,34.12,Moderate
82.76,47.22,127.92,6.18,40.92,30.59,Healthy
108.54,78.82,10.92,7.9,41.59,39.46,Moderate
85.09,50.2,33.33,6.38,44.51,39.15,Healthy
134.19,51.21,130.8,7.92,76.39,24.76,Moderate
39.71,94.67,89.8,6.37,38.8,17.29,Moderate
38.57,32.7,84.94,6.57,48.0,17.06,Healthy
11.37,49.0,33.05,8.07,40.16,24.5,Moderate
86.16,64.72,16.89,7.47,19.63,25.44,Moderate
59.96,59.07,104.97,7.7,46.9,19.2,Moderate
107.43,50.49,90.4,6.27,39.14,33.94,Healthy
83.38,87.44,112.8,6.41,24.99,15.47,Moderate
38.76,31.72,22.13,7.18,32.83,15.82,Moderate
71.16,79.51,54.26,8.11,69.7,39.01,Moderate
103.49,81.63,61.4,7.27,25.67,20.53,Healthy
142.11,57.14,15.39,5.29,42.29,37.84,Moderate
135.43,15.78,13.99,4.99,57.0,29.39,Poor
113.3,61.37,18.9,5.53,33.21,34.11,Moderate
93.56,94.95,26.1,8.25,25.41,24.27,Moderate
14.84,33.17,33.96,5.37,50.05,36.08,Moderate
114.29,83.77,111.04,8.41,11.29,41.67,Poor
67.38,50.39,88.72,4.53,22.72,27.04,Healthy
117.73,87.66,26.42,5.55,52.52,24.75,Moderate
51.71,41.42,106.73,5.29,14.33,15.09,Moderate
83.73,28.75,86.44,8.02,30.56,19.96,Moderate
10.22,98.23,79.94,7.71,70.07,41.87,Poor
130.35,32.94,86.83,8.35,54.34,35.76,Moderate
136.93,63.3,105.41,6.85,33.7,21.72,Moderate
98.69,98.21,137.84,5.34,68.99,15.57,Poor
92.52,93.38,144.1,6.91,54.16,25.53,Moderate
111.31,28.34,9.91,7.84,14.23,32.95,Moderate
71.17,9.11,28.17,4.9,25.01,32.15,Moderate
89.89,46.13,127.24,7.51,57.79,31.17,Healthy
107.46,26.53,42.67,5.69,61.87,26.67,Healthy
144.33,8.82,60.56,5.12,67.14,27.95,Poor
96.8,61.81,16.46,7.63,67.54,31.4,Moderate
49.33,73.79,106.6,8.15,18.21,39.56,Poor
134.19,33.27,108.85,5.55,26.46,32.32,Moderate
17.0,14.17,100.72,8.31,12.38,15.62,Poor
20.47,5.16,139.61,6.4,58.45,26.24,Poor
149.61,50.59,141.19,7.1,76.34,28.37,Poor
133.04,36.72,100.87,6.97,44.08,28.54,Healthy
33.82,91.07,70.86,5.11,59.3,34.63,Poor
16.32,36.62,89.72,7.79,31.74,23.09,Moderate
113.12,25.82,134.92,7.66,72.51,24.55,Moderate
33.2,60.58,32.55,5.56,38.04,27.49,Healthy
55.14,32.05,40.78,7.26,31.41,33.75,Moderate
114.0,72.85,137.59,8.32,20.28,23.66,Moderate
120.27,79.27,15.29,8.35,69.93,39.28,Poor
38.61,52.59,68.88,5.94,25.91,18.77,Moderate
131.87,55.39,92.12,5.55,75.45,40.28,Moderate
104.0,35.45,38.76,6.88,68.3,41.11,Healthy
19.55,36.75,61.72,5.98,56.74,29.77,Healthy
134.79,26.14,62.9,6.66,67.18,37.23,Moderate
130.31,54.32,40.03,7.41,76.83,22.7,Healthy
37.77,7.14,101.64,6.68,19.43,20.39,Moderate
102.71,46.42,38.82,6.92,13.69,15.44,Moderate
46.52,32.5,20.13,4.96,21.75,34.56,Moderate
122.86,22.25,100.23,5.43,71.6,22.26,Moderate
28.17,46.72,27.36,5.29,33.73,32.84,Moderate
26.36,31.99,129.46,5.6,21.79,29.41,Moderate
14.66,81.38,37.26,5.03,66.57,37.75,Moderate
112.86,27.29,81.41,8.38,43.44,40.64,Moderate
104.69,85.27,32.9,8.21,69.73,36.2,Moderate
141.77,79.94,88.63,7.09,67.46,35.23,Moderate
92.85,61.82,132.64,4.54,60.26,30.27,Moderate
127.36,24.52,81.17,5.01,56.16,35.62,Moderate
97.29,57.7,54.79,7.06,72.97,34.48,Healthy
13.21,53.33,111.78,6.52,51.39,39.61,Moderate
132.35,12.72,79.03,6.99,69.64,22.17,Moderate
29.58,61.73,72.8,5.53,76.0,23.57,Moderate
17.74,10.59,34.16,4.97,37.63,17.17,Poor
88.56,43.8,91.7,8.46,79.43,26.26,Moderate
61.39,69.75,58.31,7.61,52.12,20.39,Healthy
68.08,87.05,85.24,7.34,59.69,28.02,Healthy
51.37,61.65,21.39,6.89,17.19,39.35,Moderate
114.14,22.21,118.78,7.4,60.99,24.05,Healthy
83.18,60.65,59.66,6.74,27.08,38.62,Healthy
144.45,36.04,54.65,5.36,70.53,19.41,Moderate
121.84,84.07,50.85,7.61,41.71,24.41,Moderate
135.07,48.09,13.01,7.04,56.06,32.14,Moderate
60.44,69.47,47.21,6.36,25.17,31.56,Healthy
123.47,14.28,8.92,7.54,32.6,23.74,Moderate
89.06,51.24,22.63,7.54,22.34,37.3,Moderate
117.01,20.89,114.94,7.14,78.73,34.22,Moderate
64.63,63.91,100.97,7.48,42.8,37.35,Healthy
50.17,96.52,50.01,4.65,24.01,40.04,Poor
120.61,46.74,136.25,5.49,26.35,18.48,Moderate
71.94,53.84,26.05,4.96,37.33,21.28,Healthy
90.4,54.81,28.56,4.55,55.14,35.87,Moderate
78.36,59.67,144.45,7.57,33.37,37.96,Moderate
86.79,54.58,105.32,6.22,71.65,19.52,Moderate
69.07,11.16,107.28,5.58,39.78,38.93,Moderate
36.08,5.21,88.83,6.25,13.85,23.0,Moderate
43.47,29.76,119.5,5.72,44.27,22.17,Moderate
143.08,78.55,66.38,7.41,32.04,17.22,Moderate
70.27,58.64,55.66,6.11,60.01,39.18,Healthy
135.17,59.69,96.28,6.63,35.99,34.93,Healthy
25.57,89.93,46.14,5.38,29.18,36.92,Moderate
47.65,62.91,54.76,7.13,51.41,41.94,Healthy
53.53,38.23,33.82,6.36,68.62,20.7,Healthy
144.6,6.25,121.75,7.27,73.37,29.09,Moderate
105.34,9.7,62.18,7.58,17.63,36.12,Moderate
53.16,38.53,98.87,4.81,53.72,39.67,Moderate
23.13,29.03,6.98,6.57,61.17,40.01,Poor
61.52,19.13,9.22,5.8,45.86,39.32,Moderate
40.3,79.22,74.73,7.97,70.41,38.16,Moderate
66.19,37.89,35.06,5.41,53.14,40.97,Healthy
94.83,44.17,40.15,7.11,24.77,17.52,Healthy
23.1,85.79,60.43,8.26,44.77,33.67,Poor
125.77,88.08,28.57,5.37,20.51,27.03,Moderate
31.7,66.83,57.61,8.36,67.16,34.56,Moderate
106.42,8.76,17.13,6.23,74.03,17.54,Moderate
68.82,80.42,51.37,8.22,75.43,16.54,Poor
96.3,18.83,68.95,8.09,15.14,40.31,Poor
149.22,68.67,56.66,5.5,40.28,19.86,Moderate
12.81,10.96,101.22,4.58,31.1,33.26,Poor
34.47,36.57,9.56,4.95,25.81,18.41,Poor
76.09,17.06,49.25,7.39,55.77,25.34,Healthy
140.35,79.79,93.04,6.25,14.2,26.15,Moderate
86.34,99.15,142.98,4.95,78.55,35.37,Poor
105.47,90.84,52.13,6.1,70.97,17.81,Moderate
109.28,81.93,133.33,5.38,57.55,17.31,Moderate
130.53,50.77,95.5,7.91,45.42,28.73,Healthy
75.05,62.07,109.01,7.72,12.09,24.4,Moderate
70.55,14.38,113.99,6.59,10.13,32.05,Moderate
57.46,74.05,31.06,4.5,16.08,26.89,Moderate
114.72,62.37,7.17,6.87,43.75,36.51,Healthy
45.93,73.3,96.61,6.99,38.39,15.35,Moderate
36.27,85.2,94.44,6.81,46.8,17.08,Moderate
58.67,63.82,23.2,8.18,15.09,33.35,Moderate
52.17,87.05,124.89,5.83,42.35,40.9,Moderate
95.11,5.57,117.7,5.95,29.31,37.47,Moderate
145.45,10.89,61.6,5.62,72.84,38.43,Poor
136.16,9.05,12.27,6.71,21.68,18.04,Poor
46.45,72.39,102.39,7.64,14.39,35.69,Moderate
78.69,34.73,93.49,7.7,17.27,36.8,Moderate
89.72,63.91,132.45,7.34,50.85,24.07,Healthy
81.44,84.47,149.36,7.52,65.31,33.88,Moderate
117.37,28.1,66.46,6.72,48.46,31.13,Healthy
146.29,86.25,125.04,7.82,65.53,33.34,Poor
45.92,86.3,45.56,7.4,17.77,29.78,Moderate
54.63,71.92,129.02,4.56,18.0,39.99,Poor
43.5,74.42,122.82,7.46,12.25,34.86,Moderate
144.62,40.04,107.99,5.61,79.82,20.63,Moderate
52.78,20.95,143.5,6.79,27.29,18.63,Moderate
132.47,10.95,98.27,6.94,64.03,33.41,Moderate
127.11,8.61,67.39,4.82,38.37,30.14,Moderate
93.13,92.85,138.65,5.74,58.93,34.24,Moderate
144.0,12.97,94.49,6.13,34.31,31.67,Moderate
49.14,8.41,117.78,4.85,32.97,31.06,Moderate
97.32,68.3,149.2,6.11,19.62,18.72,Moderate
81.43,41.46,137.41,6.54,41.64,38.28,Moderate
121.46,72.82,81.47,5.44,49.72,18.13,Moderate
85.15,85.89,79.68,4.77,12.19,38.23,Poor
41.4,54.94,117.63,5.51,61.62,17.03,Moderate
114.81,11.08,45.19,5.53,72.4,29.43,Moderate
128.03,60.32,122.0,6.71,41.49,32.77,Moderate
50.1,92.28,136.68,4.79,74.18,19.91,Poor
105.38,83.19,39.98,4.95,62.93,26.95,Healthy
78.14,77.38,41.8,4.89,77.04,33.89,Moderate
101.3,36.63,149.38,5.39,22.47,23.59,Moderate
113.45,27.52,50.35,6.62,55.5,19.03,Healthy
101.65,41.2,55.19,4.82,78.18,33.71,Moderate
23.98,39.79,16.61,6.67,59.01,16.53,Poor
139.1,40.54,39.05,5.02,20.19,37.94,Moderate
77.21,80.85,37.93,5.77,38.88,27.27,Healthy
23.68,9.28,149.4,7.17,13.83,35.86,Poor
60.56,80.66,142.72,4.61,77.5,19.48,Poor
51.61,64.56,108.81,5.18,19.58,22.74,Moderate
55.58,35.23,29.84,8.38,65.87,41.46,Moderate
24.51,12.18,82.72,6.96,54.46,17.52,Moderate
128.13,51.52,58.38,6.52,12.83,20.81,Healthy
149.79,57.49,16.39,5.67,22.93,39.97,Poor
122.87,56.96,143.01,5.99,70.55,27.62,Moderate
128.81,90.57,72.13,5.21,23.47,22.8,Moderate
41.21,41.88,78.47,4.85,73.68,15.07,Moderate
29.36,5.8,148.05,6.14,23.72,18.2,Poor
61.86,97.71,84.57,5.92,35.52,18.17,Moderate
82.38,45.3,110.68,5.27,19.61,30.7,Moderate
113.88,52.26,119.55,7.86,74.16,25.21,Moderate
136.61,72.36,95.61,6.72,11.38,30.13,Moderate
119.06,98.89,67.8,8.46,21.98,40.87,Poor
92.55,67.94,88.18,8.43,13.1,26.08,Moderate
132.53,20.87,87.59,6.59,66.52,39.79,Moderate
46.24,70.85,84.41,7.15,24.03,22.36,Moderate
86.98,5.28,108.88,5.15,75.19,38.24,Poor
97.27,89.65,148.15,7.6,53.86,27.13,Moderate
123.9,71.92,73.53,6.5,26.03,36.29,Moderate
132.97,6.57,21.23,8.46,22.47,34.89,Moderate
77.32,54.53,20.71,5.05,50.45,25.2,Healthy
121.64,97.34,122.79,6.12,43.75,19.23,Moderate
107.4,47.5,129.32,7.11,21.94,26.1,Healthy
104.77,86.5,55.87,7.18,22.15,39.43,Moderate
90.52,78.02,62.54,8.26,60.41,19.15,Moderate
87.03,30.82,125.84,7.63,44.62,23.15,Healthy
129.38,85.8,78.26,7.37,29.99,24.42,Moderate
142.17,74.95,15.46,6.33,37.7,21.24,Moderate
149.29,17.9,50.57,7.89,19.26,25.16,Moderate
98.79,37.01,64.28,6.7,76.69,38.51,Moderate
25.67,59.1,99.73,5.8,28.49,31.14,Moderate
68.1,90.98,28.72,4.66,72.97,39.2,Poor
68.35,76.62,127.63,5.52,55.81,34.9,Moderate
60.05,94.87,145.24,6.45,15.32,39.81,Poor
83.22,18.19,111.15,7.25,19.79,22.42,Moderate
131.0,97.11,63.76,5.04,34.64,28.71,Moderate
52.06,63.07,6.15,7.77,69.13,36.15,Moderate
52.48,65.08,57.96,6.06,59.64,37.78,Healthy
126.34,26.95,100.41,5.57,53.99,24.91,Moderate
120.59,94.06,47.05,7.98,61.8,30.28,Moderate
83.5,35.33,34.48,4.83,59.87,21.01,Healthy
79.35,89.53,102.31,5.18,61.41,20.8,Moderate
119.19,12.38,25.55,8.24,29.62,19.07,Moderate
40.09,39.3,126.45,5.11,11.1,38.35,Poor
51.95,12.31,9.03,8.1,46.62,31.48,Poor
96.25,54.61,116.54,8.12,54.88,37.78,Moderate
11.35,50.62,92.59,5.3,21.22,18.68,Moderate
49.87,83.22,9.01,6.91,14.77,31.02,Moderate
45.31,19.95,72.55,5.42,36.48,32.09,Moderate
141.07,63.69,78.52,6.73,43.05,30.2,Healthy
89.82,51.76,119.31,6.06,17.6,32.36,Moderate
121.45,79.1,41.56,7.09,79.9,17.82,Moderate
83.19,34.01,119.73,5.8,61.35,19.33,Moderate
19.38,14.89,42.74,7.9,20.53,15.9,Poor
129.48,40.61,90.37,4.84,73.51,28.62,Moderate
22.54,65.21,58.01,5.91,38.58,28.72,Healthy
96.71,18.91,114.38,4.61,58.94,19.95,Moderate
72.56,58.35,98.87,7.66,46.13,38.76,Healthy
143.71,97.72,51.34,4.63,60.11,21.8,Poor
117.48,5.48,117.69,4.78,71.55,32.59,Moderate
32.64,53.24,78.25,8.02,47.26,29.86,Moderate
54.66,74.21,12.29,8.37,52.44,37.83,Moderate
119.35,25.72,46.92,5.61,25.79,15.43,Moderate
125.77,56.1,90.72,6.47,18.71,26.77,Healthy
51.11,89.75,106.68,5.15,59.13,29.81,Moderate
21.43,11.61,26.38,7.74,68.1,31.42,Moderate
12.19,35.13,63.13,5.64,50.68,16.68,Moderate
12.8,60.85,43.36,7.25,64.43,31.5,Healthy
148.56,66.08,117.05,7.06,66.38,25.55,Moderate
70.81,36.84,88.59,6.0,79.15,31.28,Healthy
57.0,53.28,118.19,7.72,54.6,15.06,Moderate
131.61,91.43,131.39,7.18,11.9,40.67,Poor
19.49,19.2,96.05,6.35,62.83,32.09,Moderate
10.59,66.07,129.44,7.91,21.02,24.38,Moderate
26.73,76.39,96.0,6.44,30.98,36.25,Moderate
120.8,51.66,23.04,6.36,72.72,30.77,Moderate
115.56,32.99,54.76,4.97,34.0,19.58,Moderate
85.46,42.41,126.18,6.03,24.86,17.27,Moderate
45.36,71.25,95.8,6.98,70.07,21.83,Moderate
75.91,20.98,36.73,5.98,59.5,37.51,Moderate
53.01,42.79,133.71,7.62,58.32,25.99,Moderate
57.75,73.73,18.53,6.67,14.26,31.83,Moderate
89.58,10.68,65.88,5.27,65.87,39.66,Moderate
54.05,7.79,135.16,7.88,65.78,24.62,Moderate
21.16,97.61,76.54,5.93,64.4,33.11,Moderate
15.86,96.05,85.63,5.25,11.12,29.91,Poor
93.17,14.46,84.01,6.23,40.63,41.33,Moderate
51.42,89.0,54.96,5.22,20.66,40.4,Moderate
13.26,25.82,54.37,7.13,36.31,15.55,Moderate
82.37,89.02,133.55,8.47,33.97,18.31,Poor
19.74,87.37,113.49,7.01,44.77,27.35,Moderate
79.15,39.57,73.83,5.34,18.24,20.7,Healthy
145.93,99.12,113.97,7.85,17.25,18.32,Poor
22.97,11.0,113.36,4.73,76.43,32.66,Poor
33.92,82.66,124.44,6.76,16.37,25.82,Moderate
86.8,75.66,48.28,7.99,27.55,41.95,Moderate
26.11,84.13,24.17,7.54,70.36,23.45,Moderate
24.19,99.99,145.8,7.53,37.05,18.63,Poor
68.53,73.43,27.09,4.57,73.28,33.9,Moderate
107.14,94.98,80.5,5.77,73.66,41.62,Moderate
12.86,36.41,57.55,4.94,25.51,15.66,Poor
107.5,15.16,133.71,6.84,34.93,36.84,Moderate
101.09,76.54,132.28,7.73,64.54,34.71,Moderate
62.85,66.92,87.03,8.35,45.07,20.99,Healthy
74.08,44.39,72.93,6.82,76.36,22.59,Healthy
145.68,79.06,31.52,5.62,73.65,36.64,Moderate
30.07,60.53,45.16,7.02,22.15,24.5,Healthy
64.39,56.08,39.7,7.41,66.65,32.28,Healthy
136.43,80.1,11.38,4.84,56.2,34.49,Poor
145.51,5.32,39.36,7.83,72.41,27.54,Moderate
77.73,86.09,71.7,7.65,76.41,22.07,Moderate
48.42,94.17,66.52,4.56,45.17,31.65,Moderate
44.26,74.1,38.78,4.98,27.46,29.42,Moderate
129.81,55.29,128.1,4.76,36.08,26.75,Moderate
122.24,63.01,118.83,5.85,75.38,36.97,Moderate
138.17,29.97,5.95,6.96,44.48,36.03,Moderate
23.65,61.57,33.84,6.56,21.08,39.63,Moderate
35.66,59.63,5.81,5.13,44.95,16.11,Poor
85.99,22.51,110.35,7.97,63.1,16.71,Moderate
79.49,15.56,64.31,7.86,12.88,21.79,Moderate
125.72,43.56,39.13,8.3,20.9,36.29,Moderate
34.93,96.49,118.98,5.61,78.85,18.09,Poor
130.34,71.45,30.21,6.69,10.83,30.47,Moderate
91.51,43.81,124.54,8.22,47.36,33.2,Moderate
30.42,99.82,129.4,8.3,64.46,23.72,Poor
41.04,53.55,16.98,6.71,35.89,34.65,Moderate
97.6,28.42,111.35,5.74,27.4,26.3,Moderate
32.1,35.89,42.68,4.59,31.06,27.6,Moderate
126.16,22.15,52.47,4.62,15.26,24.62,Moderate
79.99,76.08,115.66,8.16,73.55,17.74,Moderate
25.69,52.2,90.47,6.89,44.04,41.49,Moderate
81.25,93.85,148.29,6.28,19.36,23.8,Poor
60.2,89.39,144.45,5.18,11.41,37.43,Poor
88.21,76.36,53.09,5.13,28.53,16.31,Moderate
64.02,14.43,72.25,7.7,13.33,39.21,Poor
27.24,67.32,39.88,7.88,10.72,26.38,Moderate
144.67,15.72,115.29,7.41,32.34,16.63,Moderate
126.63,90.96,23.54,7.89,68.33,30.58,Moderate
119.69,8.75,76.95,8.37,64.27,22.24,Moderate
97.29,25.19,37.21,5.26,23.3,28.48,Healthy
53.37,78.91,134.65,6.45,23.39,41.95,Moderate
16.58,57.22,36.85,8.25,32.75,40.87,Poor
146.19,94.58,119.95,7.46,76.69,21.04,Poor
123.39,15.78,57.47,6.11,79.67,23.67,Moderate
87.66,65.18,103.29,4.98,49.14,32.14,Moderate
136.47,95.94,39.08,5.34,57.86,28.22,Moderate
114.1,85.6,6.55,8.01,28.58,41.17,Poor
70.24,85.98,33.99,6.6,14.43,34.84,Moderate
141.89,85.1,103.65,4.98,78.88,24.29,Poor
98.59,30.93,124.96,6.01,37.35,15.12,Healthy
90.55,28.82,138.67,7.63,76.65,25.52,Moderate
102.64,47.92,136.85,5.8,33.0,24.88,Moderate
79.69,89.33,35.08,7.11,31.42,17.23,Moderate
143.51,79.65,143.04,6.1,62.99,32.58,Moderate
96.66,8.83,15.4,5.28,62.48,36.56,Moderate
100.61,23.25,117.75,4.95,72.58,25.39,Moderate
111.79,21.1,50.57,6.48,44.74,17.62,Healthy
86.76,12.14,138.93,6.19,40.74,30.58,Moderate
119.43,11.61,106.93,8.14,40.74,15.36,Poor
44.63,94.4,22.11,4.55,75.51,38.3,Poor
74.45,5.51,89.65,7.77,30.02,19.66,Moderate
136.65,77.95,69.97,8.12,52.57,40.49,Poor
24.44,46.46,103.49,6.13,34.48,33.78,Moderate
94.8,31.84,69.38,7.33,53.88,27.23,Healthy
46.4,15.89,126.83,7.78,52.93,30.43,Moderate
29.09,47.44,75.16,6.35,26.95,18.34,Moderate
140.39,57.85,130.07,7.19,67.42,20.83,Moderate
24.84,63.32,84.66,4.89,52.79,19.91,Moderate
25.14,98.6,85.58,5.82,16.86,39.75,Poor
141.96,29.41,68.08,7.08,17.78,29.5,Moderate
40.61,26.4,92.44,5.74,48.52,22.08,Healthy
78.28,93.56,75.29,6.51,44.5,38.13,Moderate
105.44,7.91,22.1,6.81,63.21,18.16,Moderate
80.39,66.04,63.12,7.27,33.98,31.82,Healthy
117.2,95.8,97.64,5.91,60.49,36.72,Moderate
68.05,39.44,27.11,7.21,41.14,18.59,Healthy
88.6,99.04,12.44,6.56,75.51,40.9,Poor
57.84,21.3,66.01,5.77,43.78,31.09,Moderate
117.55,65.24,134.35,7.44,46.31,18.22,Healthy
122.53,72.85,53.74,5.43,56.07,17.27,Moderate
120.22,26.55,91.05,5.71,43.41,36.62,Moderate
50.18,8.14,16.22,4.8,42.13,17.25,Poor
67.77,71.3,132.58,5.39,71.37,41.41,Moderate
97.6,75.04,75.04,4.8,77.2,40.52,Poor
55.19,23.6,14.5,6.49,74.73,16.11,Moderate
95.62,84.38,60.06,6.95,41.07,16.77,Healthy
80.62,13.46,104.32,5.74,66.18,30.85,Moderate
140.9,75.09,110.1,5.72,40.93,35.13,Moderate
111.08,70.77,6.15,4.57,14.72,15.85,Poor
118.2,56.95,78.21,4.84,64.22,17.51,Healthy
41.05,82.8,105.42,4.87,15.17,25.98,Moderate
94.48,28.44,89.85,5.94,51.2,34.59,Healthy
128.04,23.61,17.34,4.97,21.58,23.76,Moderate
14.01,84.09,128.11,7.35,34.95,34.08,Moderate
90.44,67.92,17.74,8.0,34.41,22.27,Moderate
64.71,28.49,149.15,7.08,72.75,40.68,Moderate
91.37,81.05,136.27,5.1,28.84,25.84,Moderate
97.2,77.99,55.03,7.87,55.81,25.04,Healthy
105.3,85.94,53.71,6.05,58.43,26.61,Healthy
34.87,86.15,34.22,5.49,70.75,32.33,Moderate
70.43,41.27,31.57,4.77,73.66,16.21,Moderate
18.64,76.45,134.59,7.34,26.95,22.31,Moderate
144.59,71.51,125.03,6.29,64.36,41.48,Poor
59.94,35.45,11.23,7.45,26.85,21.86,Moderate
98.48,75.19,64.08,8.28,21.32,29.24,Moderate
96.43,63.65,100.24,7.04,65.42,36.98,Moderate
146.84,94.27,80.39,7.32,38.17,32.57,Moderate
11.04,39.92,137.61,7.2,11.21,29.11,Poor
61.22,81.83,21.65,6.92,59.84,31.08,Healthy
48.42,80.35,120.07,5.94,28.67,32.93,Moderate
61.49,37.81,70.33,6.33,68.07,40.73,Healthy
109.88,13.38,53.98,5.26,56.43,31.15,Healthy
147.54,47.53,20.29,6.89,35.69,19.81,Moderate
61.94,27.63,33.6,6.43,66.7,38.91,Healthy
46.44,47.6,127.22,8.45,69.5,28.34,Moderate
131.82,72.13,21.46,4.84,75.54,39.96,Poor
74.17,67.87,49.19,7.31,41.23,24.41,Healthy
71.68,48.28,141.7,8.04,23.61,22.52,Moderate
51.91,6.1,81.91,6.43,18.72,41.74,Poor
116.58,22.39,107.27,5.86,54.3,27.7,Moderate
29.44,48.71,144.44,7.49,53.86,37.78,Moderate
126.02,89.38,20.78,5.02,65.92,41.87,Poor
88.76,96.61,101.11,4.84,74.84,37.66,Moderate
85.02,75.67,55.98,6.96,38.93,29.23,Healthy
99.12,10.12,18.92,4.83,51.65,26.15,Poor
80.01,52.53,10.87,7.68,59.05,33.57,Moderate
14.8,66.91,77.57,7.54,16.78,35.16,Moderate
144.64,85.84,134.65,4.8,47.08,21.66,Poor
86.29,72.13,113.29,8.47,77.03,21.67,Moderate
138.19,88.98,109.9,5.53,23.18,26.76,Moderate
15.47,31.97,15.64,6.6,53.16,18.01,Moderate
132.35,14.2,62.45,6.5,50.75,23.62,Healthy
109.83,37.43,41.64,6.31,17.94,41.09,Moderate
87.01,18.69,120.43,7.38,40.14,41.56,Moderate
80.09,25.21,119.73,8.21,28.37,15.18,Moderate
95.3,74.61,42.82,8.35,21.73,36.63,Moderate
132.68,21.23,77.69,4.61,54.93,29.75,Moderate
118.96,52.62,56.31,5.05,13.58,29.28,Moderate
138.64,77.77,62.0,8.43,22.88,41.94,Poor
42.22,20.98,129.46,6.38,72.43,35.2,Moderate
31.94,16.58,69.78,6.75,39.62,20.72,Healthy
40.45,53.44,7.07,6.26,12.33,38.57,Poor
96.82,20.22,116.44,6.47,45.75,21.92,Healthy
65.13,88.42,26.34,6.99,25.18,27.01,Moderate
84.62,16.57,16.38,6.44,38.65,39.87,Moderate
107.72,90.2,139.6,4.58,71.59,40.88,Poor
73.37,65.42,55.17,4.89,28.38,17.17,Moderate
78.15,67.09,5.76,5.42,15.16,41.08,Poor
122.44,7.94,123.03,7.81,66.37,38.72,Moderate
75.58,27.74,131.21,7.84,29.23,30.68,Moderate
87.97,51.32,93.25,4.84,41.83,22.56,Healthy
10.33,54.32,57.88,6.22,17.79,28.65,Moderate
47.82,5.06,118.1,7.01,46.95,31.8,Moderate
55.31,16.69,56.75,7.66,52.58,36.36,Moderate
136.32,28.72,137.59,7.15,49.25,28.59,Moderate
75.62,12.02,12.92,5.82,24.25,17.34,Moderate
13.42,97.95,35.75,8.44,48.12,20.18,Poor
30.34,24.08,57.75,5.32,67.96,24.91,Moderate
83.77,52.62,100.63,8.49,41.05,23.71,Healthy
146.37,99.77,118.24,7.69,38.51,29.55,Moderate
59.25,63.79,124.73,6.0,47.46,35.92,Moderate
39.24,62.98,117.48,4.71,27.76,15.68,Moderate
10.9,50.37,106.6,6.03,53.48,20.17,Healthy
127.1,39.45,107.55,5.02,67.27,28.99,Moderate
145.84,43.51,131.58,6.15,17.55,33.57,Poor
35.62,80.99,53.56,7.53,43.7,29.5,Moderate
112.85,68.18,101.31,7.14,50.97,36.79,Healthy
52.0,22.25,111.6,6.66,73.04,41.06,Moderate
131.4,57.02,114.35,5.84,11.03,36.07,Moderate
119.41,5.76,130.22,8.03,32.45,15.47,Poor
132.64,11.7,38.67,6.67,67.16,36.11,Moderate
105.36,83.72,104.39,7.05,21.74,26.88,Moderate
73.19,6.76,63.8,5.41,16.28,29.75,Moderate
43.18,23.09,119.09,7.74,56.26,20.12,Moderate
98.58,72.77,38.83,5.03,40.35,26.46,Healthy
31.46,23.21,77.44,6.61,47.65,41.51,Moderate
15.55,79.7,56.01,7.51,61.48,31.74,Moderate
98.36,68.04,113.4,5.03,35.26,37.73,Moderate
86.7,18.01,144.44,8.45,45.89,29.4,Moderate
50.88,54.04,145.47,5.52,31.32,39.23,Moderate
63.82,97.39,55.69,4.52,76.76,21.4,Poor
107.18,9.5,113.5,5.38,66.02,41.1,Moderate
16.33,39.96,108.79,8.49,35.41,41.86,Poor
135.89,73.33,60.38,6.65,60.42,33.51,Moderate
50.38,57.94,126.08,6.4,49.64,23.84,Healthy
32.41,11.27,63.88,7.03,63.2,17.27,Moderate
54.59,81.75,21.28,8.47,54.29,40.38,Moderate
112.24,96.57,101.47,5.57,66.02,21.1,Moderate
89.1,40.44,120.87,7.54,70.47,21.67,Moderate
149.66,81.51,61.07,5.01,34.46,17.87,Moderate
96.15,15.73,67.42,7.17,41.71,38.8,Healthy
43.74,54.77,137.41,5.91,43.09,40.19,Moderate
79.9,87.1,141.37,5.52,65.01,32.65,Moderate
148.14,60.63,119.95,5.88,52.45,36.02,Moderate
145.37,28.92,16.44,8.41,52.18,15.47,Poor
82.8,93.92,147.74,5.8,64.73,27.38,Moderate
65.72,77.03,44.15,6.21,27.26,18.85,Moderate
63.1,96.13,65.74,7.23,29.96,38.36,Moderate
97.49,95.29,52.26,6.65,23.37,18.67,Moderate
91.95,81.32,33.97,7.31,57.01,28.03,Healthy
117.37,61.42,142.24,7.55,72.06,24.76,Moderate
123.54,99.24,28.7,6.54,70.36,25.71,Moderate
81.15,76.02,124.58,5.3,37.38,25.65,Moderate
31.4,13.66,112.98,7.91,76.63,40.82,Poor
149.26,12.88,62.54,4.83,57.45,41.25,Poor
15.14,55.0,82.32,5.15,68.34,25.66,Moderate
68.87,96.39,40.87,6.04,63.91,27.96,Healthy
94.48,50.39,46.08,5.15,69.51,22.43,Healthy
149.63,5.96,132.88,8.29,14.11,31.94,Poor
119.58,63.46,132.62,5.03,76.41,29.86,Poor
58.21,54.89,54.2,6.32,20.95,37.81,Moderate
64.55,49.37,136.89,8.13,65.17,15.81,Poor
136.89,22.93,68.55,8.11,16.65,18.59,Poor
90.65,49.43,61.5,7.74,72.63,41.77,Moderate
27.21,69.24,131.34,5.46,43.6,15.19,Poor
28.85,16.93,107.6,6.99,12.71,31.08,Moderate
19.54,24.21,135.7,6.29,64.69,23.49,Moderate
25.51,89.38,28.75,5.9,59.09,30.98,Moderate
139.92,98.83,26.26,5.41,54.74,18.96,Moderate
85.91,40.42,133.78,8.17,28.12,17.58,Moderate
148.75,19.24,30.15,5.51,33.86,18.99,Moderate
55.11,7.09,121.14,5.55,67.24,32.47,Moderate
77.28,97.37,61.07,5.21,50.42,18.78,Moderate
48.75,91.24,134.36,6.36,43.48,30.3,Moderate
21.79,29.05,89.1,5.78,24.94,32.48,Moderate
89.3,36.07,140.92,7.61,51.73,20.66,Healthy
100.73,70.34,89.28,7.05,21.36,24.04,Healthy
134.7,18.03,90.51,8.09,10.99,41.11,Poor
133.67,72.93,107.82,7.97,21.97,33.9,Moderate
58.08,88.19,82.33,7.56,21.69,21.54,Moderate
127.34,42.55,81.53,7.4,21.88,23.17,Healthy
55.59,92.08,24.95,5.99,77.15,37.54,Moderate
103.87,57.15,126.62,8.29,74.69,32.26,Moderate
111.9,78.65,122.36,7.43,22.6,35.51,Moderate
64.65,23.98,19.87,5.46,45.54,21.67,Moderate
103.23,96.62,11.39,5.02,27.31,36.72,Poor
47.98,23.2,27.17,5.1,60.39,34.12,Moderate
53.56,47.7,96.09,8.4,62.02,36.68,Moderate
146.88,41.2,15.02,7.49,18.48,26.84,Poor
113.37,58.04,58.24,6.56,27.17,17.0,Healthy
67.75,10.54,147.05,6.29,71.77,40.7,Poor
72.91,44.93,134.55,4.64,44.1,22.25,Moderate
115.39,84.49,94.9,6.13,48.85,30.5,Healthy
98.92,92.61,41.12,5.31,23.32,33.83,Moderate
136.68,36.04,66.0,8.37,20.17,38.75,Poor
144.3,80.95,53.78,7.11,30.4,18.26,Moderate
25.03,5.89,146.86,7.12,32.49,30.64,Poor
96.67,22.38,46.89,6.69,68.79,18.5,Moderate
130.17,62.85,76.0,5.08,48.49,24.55,Healthy
36.46,88.6,71.78,4.82,31.15,19.9,Moderate
141.49,28.09,78.43,7.48,21.1,26.81,Healthy
101.46,88.79,99.84,4.82,32.51,24.48,Moderate
64.36,94.45,10.18,5.71,44.47,17.33,Moderate
77.7,15.18,126.48,5.58,46.61,31.69,Moderate
52.8,38.37,79.02,7.72,41.69,28.25,Healthy
93.42,45.4,110.28,4.52,43.81,39.92,Moderate
96.23,51.21,116.94,6.07,42.71,20.27,Healthy
27.39,7.42,111.07,6.37,75.75,19.77,Poor
44.16,65.68,12.92,6.51,18.65,19.36,Moderate
81.69,59.06,35.75,5.58,29.89,18.83,Moderate
145.2,70.76,21.07,5.93,22.08,21.33,Moderate
141.53,17.99,132.57,7.87,62.06,28.41,Moderate
46.17,83.94,125.94,6.6,13.33,20.21,Moderate
17.85,22.08,78.72,7.92,55.73,31.22,Moderate
114.71,65.79,69.3,7.76,31.71,40.06,Moderate
26.27,65.58,77.57,6.2,40.08,16.14,Moderate
115.21,38.47,74.11,7.89,50.4,37.99,Healthy
29.19,31.77,38.05,8.05,64.71,37.52,Moderate
89.62,25.97,59.66,6.7,11.33,32.27,Healthy
129.68,35.94,103.57,6.43,10.28,22.67,Moderate
83.9,73.87,63.29,5.24,14.27,34.3,Moderate
61.11,66.47,37.15,7.52,34.11,16.41,Moderate
81.43,74.49,140.21,8.38,41.95,31.52,Moderate
88.01,55.69,21.61,7.18,77.57,18.42,Moderate
53.66,12.32,63.4,6.43,35.06,27.87,Healthy
122.42,25.32,114.91,7.67,50.68,23.51,Moderate
141.11,39.57,12.24,5.04,72.41,19.05,Poor
72.64,70.74,88.18,7.11,34.42,32.88,Moderate
11.27,30.01,22.92,6.32,20.21,29.78,Moderate
35.29,44.36,15.76,6.26,66.56,23.56,Moderate
108.88,45.47,38.96,5.71,31.18,35.04,Moderate
38.13,97.89,104.69,6.1,79.86,20.84,Moderate
116.81,30.74,83.82,4.72,69.25,24.89,Healthy
91.83,93.09,9.39,8.37,46.76,36.08,Poor
76.23,82.51,132.68,6.03,60.58,41.96,Moderate
116.0,95.9,111.81,5.82,67.9,32.99,Moderate
14.63,21.38,42.88,7.47,65.8,37.33,Moderate
19.41,11.85,48.42,7.22,68.95,38.47,Poor
39.05,77.9,97.91,8.21,64.1,29.27,Moderate
119.65,34.29,118.99,7.62,69.86,21.54,Moderate
128.86,21.06,116.93,8.22,12.51,31.9,Moderate
102.34,82.44,19.91,8.14,79.57,33.15,Poor
70.19,65.33,12.93,7.51,14.9,23.71,Moderate
29.52,73.97,91.19,7.3,14.52,25.0,Moderate
66.86,62.23,19.84,7.09,37.63,39.46,Moderate
72.97,14.7,19.99,5.52,26.79,36.51,Moderate
111.13,12.28,128.46,4.88,64.99,18.01,Poor
62.69,76.34,41.78,4.95,65.1,33.66,Moderate
134.78,65.95,15.72,7.05,67.58,17.26,Moderate
29.0,69.37,119.74,5.91,61.47,19.52,Moderate
72.16,76.06,33.85,5.9,54.03,24.34,Healthy
132.38,95.89,98.13,7.63,73.47,33.95,Moderate
118.26,12.62,124.45,5.6,14.96,30.92,Moderate
41.75,12.59,93.39,4.89,72.11,41.17,Poor
113.35,32.33,86.57,4.63,53.5,22.12,Healthy
73.7,21.99,148.05,5.33,39.19,21.87,Moderate
85.82,91.01,28.69,5.06,15.18,30.91,Poor
94.29,83.03,126.21,4.91,73.74,37.39,Moderate
100.61,37.97,113.11,6.98,34.71,15.36,Moderate
92.94,59.77,27.41,8.13,21.15,22.75,Moderate
62.08,69.88,16.84,7.31,39.01,19.94,Healthy
25.69,44.17,69.67,5.05,43.77,28.57,Moderate
147.34,72.76,6.76,6.41,11.51,28.8,Poor
57.31,90.83,76.53,7.9,50.87,25.71,Moderate
42.16,22.4,120.21,8.03,32.69,28.35,Moderate
50.25,48.25,131.08,5.05,30.4,33.77,Moderate
53.49,12.71,59.29,7.21,78.88,39.09,Poor
88.66,78.85,87.85,6.48,21.94,22.89,Healthy
73.29,98.63,93.24,8.28,28.11,16.86,Poor
146.97,36.31,82.62,4.78,70.23,15.02,Poor
136.84,20.71,31.6,7.8,37.04,21.91,Moderate
93.5,29.17,46.55,4.68,47.76,18.49,Healthy
127.2,76.35,46.39,6.64,50.42,32.99,Moderate
68.65,66.99,29.56,6.38,16.58,40.41,Moderate
66.2,63.66,76.02,4.61,14.39,22.14,Moderate
104.49,65.94,32.25,6.45,35.69,30.35,Healthy
56.86,90.14,73.5,6.21,59.23,36.08,Moderate
71.26,15.35,17.34,5.81,61.28,32.65,Moderate
50.28,5.42,98.19,6.76,64.07,33.53,Moderate
44.57,74.63,75.53,6.8,34.99,36.35,Moderate
37.45,24.43,39.43,7.66,60.97,22.28,Moderate
30.14,7.68,104.15,6.66,59.16,34.12,Moderate
128.27,44.52,124.95,6.24,59.55,29.88,Healthy
139.0,40.16,105.02,6.89,79.91,17.09,Moderate
93.74,27.08,133.21,7.68,56.33,27.97,Healthy
105.38,57.66,46.66,7.78,45.88,21.94,Healthy
103.01,6.77,109.41,6.38,54.4,19.24,Moderate
110.56,73.71,112.53,6.37,54.84,29.83,Healthy
42.63,7.19,64.97,7.76,32.56,35.22,Moderate
99.55,38.56,5.08,6.22,37.5,18.75,Healthy
124.62,95.77,22.58,5.42,54.27,40.67,Moderate
140.76,93.48,68.82,8.44,35.53,17.34,Poor
108.62,57.84,120.92,6.98,67.45,24.29,Healthy
50.31,76.94,77.17,5.22,36.25,36.62,Moderate
139.35,77.23,109.13,7.75,24.04,30.65,Moderate
93.19,94.86,7.22,8.38,60.83,15.61,Poor
82.63,11.63,92.49,6.31,64.07,30.64,Healthy
120.09,40.03,129.25,7.97,55.88,22.12,Moderate
148.8,82.68,128.49,4.55,67.83,20.88,Poor
81.16,71.91,64.49,5.47,45.01,23.09,Healthy
96.14,15.42,64.21,6.87,79.34,28.38,Healthy
69.62,98.98,139.18,7.19,48.13,22.31,Moderate
97.34,84.23,147.33,5.18,29.18,38.88,Poor
130.54,73.08,20.04,7.33,42.83,25.02,Moderate
45.1,35.21,82.69,5.15,45.65,16.3,Moderate
67.49,96.2,112.15,4.77,58.15,20.3,Moderate
76.38,32.95,140.45,4.72,71.67,33.94,Moderate
60.79,88.57,63.91,7.29,65.15,22.73,Healthy
20.12,87.47,38.54,8.23,32.05,26.2,Poor
70.24,49.45,144.6,5.48,52.58,22.94,Healthy
28.33,32.43,85.1,6.93,28.46,41.66,Moderate
60.78,84.04,10.08,7.28,31.24,29.5,Moderate
127.12,73.86,57.15,7.43,38.98,16.71,Moderate
103.18,94.0,17.13,7.25,68.78,31.11,Moderate
77.96,27.54,33.11,6.09,54.89,23.5,Healthy
78.38,62.0,35.45,7.47,54.01,30.98,Healthy
76.94,39.66,84.58,7.56,59.42,34.92,Healthy
39.32,79.07,53.63,5.43,18.51,37.42,Moderate
97.25,84.92,86.41,7.94,48.96,32.44,Moderate
17.89,68.62,91.67,5.47,17.89,24.37,Moderate
18.43,62.08,84.16,8.17,46.23,34.7,Moderate
102.96,71.47,50.48,6.16,18.38,32.56,Moderate
52.34,57.14,138.62,7.23,28.74,28.9,Moderate
94.3,85.76,120.1,5.76,74.37,18.98,Moderate
48.65,8.22,50.13,6.16,26.89,15.34,Moderate
11.47,92.78,111.55,7.29,65.0,33.74,Moderate
18.6,92.94,67.18,6.31,72.06,20.52,Moderate
53.79,86.23,80.35,6.18,76.82,39.0,Poor
134.23,25.16,127.37,7.13,58.41,16.29,Moderate
87.8,25.76,139.43,6.75,53.22,21.57,Healthy
68.99,55.29,122.75,6.95,17.91,27.17,Healthy
51.37,56.2,73.13,4.59,24.53,32.82,Moderate
86.21,10.06,91.66,6.51,20.51,15.05,Moderate
56.96,79.07,24.29,8.28,47.97,35.48,Moderate
146.76,29.95,89.51,5.86,15.92,36.42,Moderate
11.69,87.54,120.21,7.05,51.38,37.83,Moderate
17.8,74.96,31.16,4.58,31.86,23.83,Moderate
36.97,72.53,86.04,8.18,63.32,37.31,Moderate
136.35,81.6,22.13,5.24,38.13,23.97,Moderate
133.96,54.8,132.01,6.05,73.46,16.94,Moderate
72.38,90.61,70.2,7.43,35.26,37.39,Healthy
98.4,82.13,82.79,7.05,47.01,30.32,Healthy
106.48,16.48,116.44,5.92,10.88,32.38,Moderate
95.91,73.95,149.76,6.35,78.13,30.6,Moderate
60.1,69.39,33.49,8.37,40.87,15.29,Moderate
101.75,16.43,17.89,4.59,71.81,15.91,Poor
85.21,51.5,137.1,8.14,74.46,25.8,Moderate
76.29,83.44,22.42,4.96,74.52,15.79,Moderate
63.6,23.52,17.18,8.4,21.62,26.66,Moderate
45.86,51.66,116.2,7.14,50.02,28.79,Healthy
28.46,43.24,136.26,7.78,14.53,37.69,Poor
125.93,81.19,123.15,8.43,13.86,25.36,Moderate
145.58,57.5,103.93,5.95,24.83,41.42,Moderate
60.63,58.28,40.35,8.37,28.09,39.68,Moderate
50.85,94.96,58.26,7.99,51.99,18.07,Moderate
51.39,77.28,101.79,5.92,23.67,37.38,Moderate
97.13,69.79,74.46,5.9,36.76,15.84,Healthy
142.13,39.82,75.03,5.93,34.86,33.51,Moderate
103.85,81.97,15.41,8.0,76.97,41.71,Poor
28.03,51.24,141.16,7.54,14.21,38.5,Poor
127.4,79.12,64.72,7.03,60.11,25.71,Healthy
119.76,30.96,31.63,7.94,33.75,16.53,Moderate
126.58,80.91,121.35,5.86,52.23,15.38,Moderate
10.32,29.63,81.17,6.9,19.34,38.43,Poor
144.34,16.33,124.46,6.96,45.17,28.2,Moderate
114.98,24.85,93.3,5.55,15.96,29.93,Moderate
47.61,75.55,99.31,5.4,70.31,24.37,Moderate
109.27,30.4,33.51,7.94,74.31,24.51,Healthy
54.1,71.74,37.97,7.96,10.6,18.84,Moderate
26.9,35.19,130.59,7.06,17.52,17.13,Poor
50.38,63.88,91.09,4.96,63.26,32.07,Moderate
147.63,57.5,52.46,4.98,74.34,16.02,Poor
58.82,55.42,87.62,6.83,60.2,18.46,Healthy
110.71,89.5,9.41,4.64,79.4,23.42,Poor
73.71,34.46,85.69,7.35,63.2,24.6,Healthy
46.48,56.93,60.72,6.99,52.81,39.15,Healthy
10.54,14.68,119.08,6.83,14.38,40.45,Poor
101.06,51.17,118.04,6.88,36.13,23.01,Healthy
73.48,50.15,108.24,6.39,11.28,33.49,Moderate
19.75,85.4,107.7,6.89,41.79,19.65,Moderate
101.7,15.4,92.66,5.23,51.78,19.08,Moderate
23.23,49.73,107.91,5.45,44.84,36.57,Moderate
86.92,61.73,36.92,5.0,20.43,41.27,Moderate
22.13,19.39,34.83,7.65,37.86,36.35,Moderate
68.65,80.5,134.84,6.29,79.05,40.19,Poor
12.15,58.59,100.28,7.87,57.14,33.58,Moderate
50.55,82.95,14.18,7.13,24.14,35.67,Moderate
120.63,21.6,120.07,7.85,13.71,26.61,Moderate
36.98,17.01,121.52,5.67,55.08,15.1,Moderate
21.12,62.97,58.69,8.02,15.76,31.84,Poor
108.4,63.07,103.7,5.5,63.7,29.98,Healthy
120.33,16.57,23.42,6.08,37.29,18.47,Moderate
21.37,12.67,12.59,4.63,66.54,40.24,Poor
69.59,22.74,52.61,7.77,75.05,21.44,Moderate
14.29,34.32,60.88,4.51,57.7,18.36,Moderate
21.46,73.32,116.76,5.24,63.79,23.03,Moderate
53.14,16.63,37.84,4.66,57.04,37.99,Moderate
16.77,29.26,55.2,6.07,67.69,16.16,Moderate
95.98,55.57,126.58,5.72,17.13,18.53,Moderate
98.28,56.85,90.88,5.05,12.97,30.3,Moderate
21.35,93.32,121.48,5.22,51.85,18.56,Moderate
141.06,61.0,51.07,7.22,10.18,22.77,Moderate
42.78,37.89,17.37,8.37,42.75,38.12,Poor
18.33,85.26,99.69,7.22,66.44,29.2,Moderate
98.76,90.48,23.14,4.72,78.79,38.8,Poor
81.96,79.17,132.88,6.37,16.86,27.98,Moderate
59.19,7.2,144.06,7.36,65.01,31.11,Moderate
47.68,60.55,103.64,6.89,18.9,36.97,Moderate
51.66,42.69,84.85,8.41,31.88,16.13,Moderate
146.14,95.96,33.75,7.82,74.37,15.35,Poor
115.66,22.09,124.94,4.58,58.39,37.05,Moderate
14.99,76.92,22.22,4.82,74.45,39.92,Poor
113.76,89.57,7.42,6.55,71.01,39.1,Poor
61.38,35.84,106.5,4.74,64.64,21.74,Healthy
83.02,23.29,111.48,8.33,47.86,40.67,Moderate
66.29,32.21,126.6,4.65,29.68,33.64,Moderate
36.45,89.59,74.92,5.48,35.99,22.66,Moderate
108.13,15.44,128.78,5.1,29.77,31.92,Moderate
59.59,53.46,87.52,5.54,47.42,40.36,Moderate
10.35,61.64,51.43,7.95,16.76,16.64,Poor
66.69,69.01,5.94,7.74,33.56,39.85,Moderate
136.81,77.56,111.87,6.9,65.61,19.81,Moderate
124.4,58.69,118.39,6.48,54.17,24.22,Healthy
69.42,39.65,112.39,5.3,75.14,37.39,Moderate
130.64,91.83,68.22,8.07,41.09,17.74,Moderate
16.94,11.04,32.26,5.94,78.55,21.51,Poor
137.82,81.99,129.86,7.64,78.12,18.23,Poor
77.06,37.57,46.21,6.29,43.67,41.62,Healthy
47.06,91.61,29.21,7.16,31.38,40.93,Moderate
98.85,11.1,138.91,5.68,74.92,15.36,Poor
40.62,31.45,104.76,7.69,54.11,16.67,Moderate
70.71,51.93,57.01,6.18,43.78,29.96,Healthy
98.33,24.96,135.74,7.81,65.06,36.76,Moderate
83.56,95.54,58.06,6.18,67.14,38.46,Moderate
72.86,85.56,96.82,6.05,73.38,28.59,Healthy
128.88,82.18,19.01,7.98,21.37,36.97,Moderate
115.78,75.03,138.53,6.9,33.7,31.02,Moderate
107.46,39.64,41.87,6.46,72.88,32.02,Healthy
135.62,50.14,142.31,7.67,34.82,27.1,Moderate
149.69,95.6,64.48,7.83,73.68,21.8,Moderate
82.46,76.92,16.14,7.72,24.77,27.93,Moderate
62.53,75.32,38.81,6.37,28.59,16.48,Moderate
128.09,26.33,38.7,4.69,45.19,22.26,Healthy
89.17,73.74,11.66,5.3,37.36,38.75,Moderate
25.36,75.66,143.27,4.81,33.31,35.78,Poor
140.93,28.44,98.07,7.43,38.28,33.08,Healthy
86.88,94.03,83.11,6.57,56.85,19.11,Healthy
84.33,9.82,95.92,6.64,68.76,36.54,Moderate
70.56,67.6,48.98,6.05,15.46,17.72,Healthy
124.62,97.33,75.94,5.01,16.18,16.23,Poor
133.03,47.01,132.65,5.95,51.16,33.19,Moderate
17.0,69.75,120.96,4.59,14.12,29.1,Poor
145.99,97.46,20.89,7.54,65.53,38.68,Poor
16.09,97.38,124.15,6.93,14.68,21.48,Poor
58.53,86.45,115.36,8.26,39.58,39.75,Poor
135.4,6.76,39.69,7.7,56.56,21.02,Moderate
119.41,35.07,92.31,8.24,26.77,16.49,Moderate
102.42,74.2,50.32,6.37,45.08,37.03,Healthy
107.03,30.93,44.59,5.8,20.22,18.63,Moderate
124.44,84.01,42.71,7.9,49.95,34.23,Moderate
133.26,34.29,101.02,5.73,73.2,23.09,Moderate
97.55,23.15,58.62,5.91,62.52,22.74,Healthy
55.84,5.89,50.8,5.59,48.12,25.85,Moderate
147.27,56.88,15.55,7.74,13.73,37.61,Poor
66.77,10.86,146.72,6.48,69.84,26.36,Moderate
74.63,39.42,58.49,7.67,12.15,28.23,Healthy
47.18,57.89,36.21,5.9,47.33,35.03,Moderate
142.44,28.1,75.02,5.89,52.42,24.89,Healthy
23.58,63.37,10.16,4.67,71.9,38.5,Poor
88.78,6.71,54.75,5.89,60.46,36.92,Moderate
59.59,45.07,37.58,7.41,34.44,34.05,Moderate
108.97,19.84,133.39,7.8,50.81,17.33,Moderate
33.42,13.76,72.22,5.56,68.16,26.77,Moderate
73.29,92.58,88.78,6.05,78.84,27.49,Moderate
91.16,41.29,102.04,7.6,54.0,21.71,Healthy
141.92,53.61,124.77,4.54,46.24,40.26,Poor
106.35,15.85,107.95,4.56,35.81,21.39,Moderate
45.26,8.94,94.48,7.47,30.43,30.84,Moderate
79.64,99.35,122.79,8.28,67.7,32.76,Moderate
19.96,86.5,115.35,5.63,28.86,29.15,Moderate
49.62,97.21,33.07,5.11,13.05,29.92,Poor
113.65,60.7,35.2,8.19,36.55,18.8,Healthy
36.75,46.63,83.93,6.91,15.13,38.42,Moderate
57.1,29.64,104.7,6.95,79.5,26.08,Moderate
35.65,97.41,74.89,7.15,12.96,24.07,Moderate
148.21,96.62,147.7,7.8,45.04,30.44,Poor
20.48,80.36,113.62,7.33,36.78,22.18,Moderate
123.39,97.58,66.41,4.72,73.05,33.61,Moderate
104.0,94.7,102.22,6.97,59.71,28.07,Healthy
50.18,28.92,110.31,5.47,75.18,25.88,Moderate
98.7,9.07,70.1,6.1,62.83,16.5,Moderate
66.33,86.52,101.93,7.61,63.43,32.87,Moderate
64.78,42.94,12.42,5.28,49.07,39.17,Moderate
95.71,41.77,125.63,6.3,28.19,17.16,Moderate
126.0,63.52,89.22,7.38,52.35,24.46,Healthy
96.46,18.3,47.95,6.65,14.84,37.19,Moderate
16.25,40.37,70.89,7.22,20.84,37.18,Moderate
69.66,28.86,19.26,8.2,38.24,25.3,Moderate
35.23,53.1,51.38,5.16,62.7,39.25,Moderate
59.32,32.22,59.14,8.2,50.85,19.48,Moderate
98.55,43.12,7.52,8.38,18.04,26.16,Poor
102.07,60.67,5.61,6.93,60.91,37.93,Healthy
35.75,8.49,141.94,7.22,41.85,34.58,Moderate
31.99,96.05,99.87,8.01,48.97,36.62,Poor
55.87,17.64,56.3,8.09,58.87,27.32,Moderate
42.93,61.81,90.97,6.62,61.65,21.56,Healthy
81.54,34.3,34.81,5.83,66.21,18.07,Moderate
48.57,55.64,63.14,7.81,64.55,33.3,Moderate
49.55,7.02,50.52,6.9,17.1,37.24,Moderate
148.12,75.07,65.12,7.69,29.08,40.76,Moderate
61.33,70.54,7.74,7.02,30.72,17.76,Moderate
70.7,15.06,31.83,8.08,14.44,31.87,Moderate
18.44,73.21,146.79,6.22,77.77,32.32,Poor
93.37,21.26,143.09,7.95,19.22,15.77,Poor
60.27,20.15,53.74,8.33,70.33,26.88,Moderate
48.62,59.89,140.94,7.66,70.74,35.55,Moderate
80.51,18.44,123.7,7.1,64.09,34.82,Moderate
44.46,32.14,129.17,6.13,22.44,32.35,Moderate
51.76,66.05,90.56,7.15,79.54,22.49,Healthy
146.59,77.53,129.03,7.71,11.61,28.6,Poor
24.81,68.98,13.65,4.63,73.47,39.76,Poor
97.33,48.69,125.13,8.36,13.8,17.8,Poor
136.71,14.44,108.55,6.71,46.51,17.64,Moderate
112.02,62.19,139.68,6.42,73.87,19.97,Moderate
38.54,95.15,19.41,5.45,19.89,34.16,Poor
119.23,90.64,26.29,5.79,32.2,41.28,Moderate
91.61,37.06,48.32,5.78,59.85,29.83,Healthy
97.31,49.7,8.81,7.25,60.69,19.87,Healthy
100.91,88.37,92.4,7.17,59.05,23.76,Healthy
31.6,49.9,38.61,7.25,60.04,15.22,Moderate
143.59,92.88,24.13,6.41,24.63,41.03,Poor
89.24,71.52,146.79,7.19,70.95,21.49,Moderate
42.11,46.91,132.81,4.66,40.9,37.27,Moderate
34.84,63.49,15.14,4.54,32.32,36.75,Poor
15.79,39.66,110.65,5.98,43.52,28.51,Moderate
137.12,88.21,14.23,7.27,48.0,24.57,Poor
78.96,88.58,117.09,6.77,22.29,31.7,Moderate
79.72,47.45,141.86,8.47,76.6,34.95,Poor
93.84,35.35,142.34,6.32,24.11,17.99,Moderate
127.01,36.18,116.1,7.01,29.85,37.97,Moderate
128.28,21.32,22.65,6.9,26.34,23.97,Moderate
141.14,21.68,73.22,5.68,34.36,24.99,Moderate
46.4,77.53,122.72,6.66,72.95,18.69,Moderate
80.92,83.7,95.03,8.44,51.7,40.92,Moderate
23.82,9.05,56.69,7.87,13.54,21.81,Poor
147.9,65.89,62.0,4.81,62.87,39.98,Poor
113.82,16.06,82.12,6.11,73.28,35.58,Moderate
122.28,44.31,8.61,7.54,54.33,18.82,Moderate
115.95,19.18,112.25,7.35,10.53,35.92,Moderate
67.07,53.13,144.88,8.18,36.79,34.16,Moderate
81.83,83.11,51.35,6.38,17.87,40.02,Moderate
136.1,31.23,89.53,6.01,20.91,16.22,Moderate
125.2,32.47,79.74,8.11,11.39,29.78,Moderate
143.77,81.88,36.8,5.3,63.37,17.15,Moderate
93.91,27.24,126.69,6.02,39.05,36.45,Healthy
22.33,62.09,144.58,7.1,15.73,39.53,Poor
28.05,40.04,31.34,7.39,28.54,22.05,Healthy
67.9,32.18,118.76,6.61,48.91,19.36,Healthy
137.89,38.14,59.72,5.47,77.21,31.39,Moderate
18.53,23.3,74.66,5.25,52.35,23.31,Moderate
58.95,79.73,81.03,4.95,36.03,39.2,Moderate
128.46,77.19,127.31,4.87,18.55,15.5,Poor
27.5,83.24,10.5,6.36,27.3,37.48,Moderate
122.4,77.77,59.85,8.2,72.71,32.57,Moderate
95.76,37.01,111.7,8.25,32.14,22.72,Moderate
46.9,98.4,83.35,8.37,53.22,22.92,Moderate
92.1,19.77,69.97,6.27,50.36,25.46,Healthy
73.72,88.23,31.16,8.19,47.7,31.98,Moderate
24.6,18.8,111.22,8.1,46.32,19.52,Moderate
121.57,92.17,102.18,5.23,38.87,40.38,Moderate
36.82,21.22,106.76,6.67,24.33,31.65,Moderate
141.13,86.24,5.95,8.01,53.88,22.21,Poor
23.08,97.26,9.21,5.24,56.99,35.46,Poor
47.33,75.02,115.95,7.71,62.77,15.88,Moderate
134.92,58.46,67.5,4.6,51.36,19.39,Moderate
86.67,22.98,104.75,4.86,52.03,32.38,Moderate
65.33,92.13,81.35,7.5,41.12,36.38,Moderate
135.64,44.23,145.27,5.11,69.23,29.2,Poor
29.38,64.41,24.04,8.05,67.12,32.67,Moderate
42.62,96.47,128.71,7.36,35.58,28.07,Moderate
57.33,85.69,49.79,5.45,25.0,25.83,Moderate
97.22,84.01,139.08,4.82,13.3,24.79,Poor
123.41,91.2,29.43,5.64,73.14,30.55,Moderate
67.08,28.14,21.37,4.93,57.19,34.45,Moderate
61.2,62.57,27.63,4.58,16.99,17.86,Moderate
147.87,27.42,24.45,7.68,35.67,20.57,Moderate
40.85,18.21,16.59,7.22,40.8,19.01,Moderate
120.94,6.82,67.44,5.01,11.94,29.87,Poor
31.76,11.51,74.42,7.87,43.99,17.15,Moderate
52.61,47.38,45.77,5.85,45.01,40.45,Moderate
122.68,24.42,118.86,6.08,67.1,31.66,Moderate
105.06,39.4,108.41,6.76,53.3,29.77,Healthy
17.81,50.05,12.43,5.17,43.29,25.97,Poor
16.71,18.04,72.47,8.37,44.05,35.86,Moderate
72.03,23.21,8.07,6.0,74.36,23.77,Moderate
61.59,70.81,111.85,6.93,33.68,40.52,Moderate
59.35,32.74,127.26,8.24,76.96,29.4,Poor
131.73,22.45,133.9,7.53,37.94,21.62,Moderate
116.35,45.91,146.9,7.92,65.33,24.01,Moderate
109.63,76.81,64.37,4.88,61.47,22.95,Healthy
28.59,9.05,52.45,6.54,12.69,30.21,Poor
135.35,61.8,81.07,5.43,40.75,31.22,Healthy
131.11,88.77,70.53,5.23,59.52,40.67,Moderate
144.11,99.59,41.57,7.85,13.62,15.41,Poor
104.33,16.39,61.31,4.55,16.08,20.63,Moderate
87.63,36.53,86.76,7.1,10.24,37.89,Healthy
18.08,87.94,146.53,8.11,47.95,35.78,Poor
34.18,94.02,8.38,6.71,42.28,36.52,Poor
114.3,36.37,28.71,7.68,78.42,17.64,Moderate
112.6,53.99,50.24,4.56,60.68,18.56,Healthy
129.11,30.14,90.89,5.64,59.16,18.16,Moderate
58.02,53.35,89.89,6.82,15.56,15.91,Moderate
43.21,8.58,36.99,4.74,46.91,17.82,Moderate
68.13,78.11,117.0,6.75,12.15,29.49,Moderate
45.37,59.0,136.72,6.9,75.84,20.63,Moderate
47.57,19.13,16.36,4.54,74.96,27.2,Moderate
141.44,87.08,112.87,8.17,28.48,38.12,Poor
105.2,61.96,94.71,8.12,75.02,19.78,Moderate
21.31,30.9,122.48,4.89,56.32,25.78,Moderate
137.73,82.9,78.63,6.02,68.42,21.6,Moderate
86.07,93.51,92.54,8.22,40.94,31.99,Moderate
141.66,75.04,136.31,7.83,15.45,21.98,Poor
113.81,89.55,121.33,5.75,53.47,32.86,Moderate
71.22,60.83,147.97,6.68,23.61,28.61,Healthy
34.61,70.38,135.78,7.2,71.43,34.65,Moderate
71.24,56.13,82.22,6.07,16.5,33.95,Healthy
16.6,24.38,70.81,8.45,31.48,36.46,Moderate
68.73,26.05,8.85,4.85,39.17,25.8,Moderate
97.69,10.91,46.17,4.59,71.03,25.73,Moderate
91.8,72.5,43.86,5.04,50.62,39.39,Moderate
134.96,34.28,43.59,5.91,27.17,41.04,Moderate
14.85,23.18,9.1,7.92,43.01,21.16,Moderate
65.36,15.08,20.61,8.29,58.73,32.24,Moderate
76.19,51.53,116.95,4.71,56.72,29.86,Healthy
52.94,25.49,129.95,8.23,16.71,19.59,Poor
103.4,78.53,76.24,8.21,71.11,18.41,Moderate
29.94,13.16,131.94,6.73,75.9,34.69,Poor
112.48,16.89,20.88,8.22,43.78,41.84,Moderate
55.22,64.03,88.06,4.77,46.32,39.96,Moderate
73.54,49.9,106.62,7.62,67.96,27.2,Moderate
72.16,49.97,145.5,8.22,53.59,22.68,Moderate
136.06,21.24,20.48,6.16,57.97,16.42,Moderate
53.8,79.49,100.59,4.84,24.13,34.58,Moderate
26.33,5.92,148.94,6.96,40.03,31.12,Poor
103.83,52.07,100.42,7.33,22.56,26.44,Healthy
52.65,80.75,116.64,7.74,40.62,30.53,Moderate
108.79,35.6,146.76,6.01,47.59,37.32,Healthy
114.59,52.65,64.21,7.05,40.5,30.98,Healthy
122.0,16.57,106.12,4.72,61.38,20.65,Moderate
79.07,30.36,51.68,7.01,40.18,28.16,Healthy
149.85,16.55,60.72,6.62,66.96,22.62,Moderate
65.14,83.02,81.9,7.92,14.5,22.75,Moderate
88.09,16.59,74.86,4.57,45.33,39.85,Moderate
142.76,35.32,5.5,8.15,49.7,30.68,Poor
124.11,42.37,65.92,7.91,44.41,34.87,Moderate
136.7,42.39,133.9,5.81,75.07,23.24,Poor
42.79,73.48,138.69,7.57,61.81,41.27,Moderate
88.04,89.32,10.38,5.03,29.0,40.55,Poor
37.57,41.39,10.15,4.81,50.79,17.64,Moderate
135.89,89.15,95.22,6.09,72.15,28.17,Moderate
36.69,37.84,57.66,6.82,38.08,37.09,Healthy
97.71,28.95,63.3,7.39,26.96,17.47,Healthy
109.56,43.63,23.02,6.42,49.22,15.7,Healthy
120.76,51.69,8.7,7.95,50.97,41.01,Moderate
49.37,44.2,101.13,8.16,65.38,32.36,Moderate
121.37,14.01,110.01,6.81,29.2,21.44,Moderate
50.36,16.67,44.62,4.79,57.09,28.83,Moderate
27.88,71.23,30.81,6.48,74.41,35.54,Moderate
91.78,60.57,14.31,6.21,31.5,27.82,Healthy
143.2,79.72,93.45,7.32,61.14,27.32,Healthy
131.29,63.64,112.01,4.54,47.65,24.83,Moderate
17.76,66.38,139.67,7.43,15.59,16.53,Poor
58.3,27.66,9.0,4.66,34.16,18.61,Moderate
37.25,87.6,149.08,7.72,26.29,19.75,Moderate
90.99,79.47,100.33,7.72,44.09,41.67,Moderate
120.16,9.84,57.79,6.74,25.69,25.89,Moderate
98.15,57.46,129.91,5.55,74.48,23.7,Moderate
138.86,28.59,78.59,8.23,29.42,37.92,Moderate
80.17,44.88,101.23,5.29,56.12,19.77,Moderate
109.52,63.01,25.28,4.9,52.51,18.28,Moderate
97.51,99.91,22.83,6.4,74.71,40.3,Moderate
14.19,81.76,39.59,7.49,34.85,21.07,Moderate
75.9,21.71,66.51,6.08,77.4,29.64,Healthy
107.59,21.62,149.61,6.49,15.27,31.45,Moderate
54.54,32.92,50.97,6.3,30.1,36.02,Moderate
35.05,18.48,20.15,6.14,17.9,15.68,Moderate
51.22,98.1,6.58,4.76,50.82,28.44,Poor
24.6,90.0,102.79,6.48,48.06,36.5,Moderate
23.73,93.65,21.33,6.33,27.33,32.96,Moderate
127.58,63.58,37.48,7.62,75.99,19.35,Moderate
45.49,55.31,112.27,5.01,13.55,30.31,Moderate
121.61,33.27,89.53,7.71,12.02,24.08,Moderate
52.45,73.69,101.6,7.81,48.41,21.15,Moderate
70.63,42.62,101.82,8.32,42.04,32.25,Moderate
34.88,59.57,110.62,7.55,78.15,41.66,Poor
82.16,86.76,111.88,6.6,12.1,41.38,Poor
145.13,54.22,54.94,4.95,13.86,36.69,Poor
67.32,58.47,48.71,6.96,63.11,39.11,Healthy
79.45,33.52,16.14,7.92,69.75,24.54,Moderate
39.02,68.97,114.72,7.39,14.99,41.57,Moderate
86.23,62.79,11.57,4.55,18.84,25.56,Poor
142.27,74.16,149.89,7.22,16.98,33.75,Poor
99.79,89.2,83.92,5.48,61.29,35.34,Moderate
81.99,14.01,65.0,7.86,31.25,34.75,Moderate
45.49,36.23,53.87,5.04,34.58,34.54,Moderate
66.18,33.47,106.6,6.56,40.51,36.5,Healthy
63.47,56.71,9.61,5.86,26.58,38.92,Moderate
12.95,71.5,114.65,5.83,28.0,19.45,Moderate
48.79,91.82,11.28,6.33,28.51,33.79,Moderate
56.75,37.87,13.45,8.14,46.51,16.86,Poor
115.24,79.1,71.87,8.42,25.82,37.79,Moderate
128.5,54.52,83.32,4.95,19.32,26.42,Moderate
138.53,25.38,73.88,4.76,30.95,25.04,Moderate
144.8,23.34,19.6,4.72,46.54,29.03,Poor
37.42,28.51,51.23,4.54,67.19,35.86,Moderate
54.84,59.56,52.59,4.61,51.29,34.48,Moderate
56.74,27.93,43.31,5.9,42.73,35.38,Moderate
37.86,72.1,144.86,5.22,45.53,24.75,Moderate
94.06,88.68,133.52,6.27,63.01,28.81,Moderate
118.08,89.01,108.21,4.74,27.17,36.22,Moderate
12.75,54.2,93.51,7.78,66.46,16.98,Moderate
105.16,80.08,20.29,6.44,55.46,24.24,Healthy
61.87,14.77,117.28,5.45,40.44,28.94,Moderate
22.21,45.96,27.09,5.43,34.94,28.22,Moderate
70.79,11.8,55.8,4.66,27.56,17.3,Moderate
33.43,52.74,139.46,5.28,61.16,16.18,Poor
57.02,43.13,20.71,7.05,20.2,36.62,Moderate
92.81,75.42,28.81,5.77,59.38,27.24,Moderate
98.53,44.28,102.47,7.07,30.97,38.81,Moderate
112.53,11.48,10.47,7.36,54.24,39.96,Poor
104.57,24.78,11.1,6.63,44.74,40.31,Moderate
109.17,90.5,114.7,7.14,49.42,30.66,Healthy
81.04,84.7,39.02,8.16,49.16,26.81,Healthy
39.54,31.23,89.7,5.11,10.23,22.0,Moderate
52.57,94.42,89.36,6.12,78.81,24.92,Moderate
144.14,94.44,105.03,6.6,67.52,23.75,Moderate
61.5,24.65,42.03,5.05,69.55,15.03,Moderate
69.43,39.6,61.21,7.88,67.47,32.91,Moderate
106.48,81.34,60.83,6.3,27.13,21.43,Healthy
140.85,77.26,70.68,4.66,62.0,40.61,Poor
139.74,72.85,98.92,4.98,16.0,22.16,Poor
88.92,91.76,131.31,5.72,35.64,23.38,Moderate
84.22,81.85,118.55,8.05,46.52,32.77,Moderate
143.55,69.18,29.22,5.81,15.3,17.98,Moderate
78.86,75.16,32.4,5.78,33.56,37.68,Moderate
35.76,8.23,95.46,6.61,10.19,35.65,Moderate
69.34,57.04,102.27,4.71,22.08,27.5,Moderate
34.07,16.08,52.12,6.21,69.49,31.06,Moderate
140.12,48.43,73.5,5.75,15.71,19.64,Moderate
19.48,71.83,55.61,4.63,62.65,21.88,Moderate
135.09,83.19,49.05,5.44,79.52,37.13,Moderate
139.73,6.62,91.76,5.57,36.23,17.46,Moderate
114.77,54.94,119.84,4.97,79.81,24.41,Moderate
143.2,69.26,20.78,7.63,49.25,20.09,Moderate
36.21,95.55,149.79,6.8,23.1,24.19,Moderate
39.67,62.71,63.04,6.01,66.1,41.02,Moderate
37.58,44.37,82.8,5.48,38.13,16.51,Moderate
15.77,79.7,54.17,7.33,15.8,33.11,Moderate
101.47,83.04,34.67,6.7,73.08,20.94,Healthy
27.48,37.75,144.98,5.13,18.35,41.94,Poor
65.04,19.18,86.0,4.56,39.79,15.98,Moderate
89.15,64.35,5.51,6.55,76.15,25.75,Moderate
143.63,96.53,39.84,6.81,68.12,34.15,Moderate
116.42,29.79,138.14,5.44,55.14,38.89,Moderate
60.33,57.45,105.12,8.21,41.36,31.29,Healthy
29.85,11.2,8.11,6.41,48.2,17.33,Poor
35.35,30.3,134.23,4.9,44.28,36.3,Moderate
131.82,70.85,43.51,4.99,21.05,35.8,Moderate
51.51,37.1,30.45,6.24,33.42,24.64,Healthy
14.73,48.94,21.22,6.64,56.84,29.74,Healthy
30.51,63.57,64.86,5.94,20.41,41.85,Moderate
64.97,48.36,18.69,7.2,29.79,34.98,Moderate
19.4,33.2,113.12,6.08,12.4,36.32,Moderate
145.18,40.77,95.13,5.99,48.85,34.94,Moderate
98.61,34.9,33.3,6.68,56.16,30.51,Healthy
27.94,38.73,112.97,5.09,71.84,27.6,Moderate
120.76,37.38,57.09,8.37,49.71,17.75,Moderate
144.07,40.61,107.98,5.01,69.87,40.89,Poor
63.6,18.75,85.86,5.15,40.95,31.81,Healthy
29.5,95.06,107.31,5.95,39.1,37.9,Moderate
76.64,98.77,14.02,5.59,46.29,18.67,Moderate
59.87,54.4,42.84,5.16,28.78,17.23,Moderate
37.43,10.8,143.12,5.14,10.09,40.85,Poor
116.2,30.37,132.44,7.99,61.87,30.99,Healthy
91.86,97.05,72.45,7.73,17.87,33.92,Moderate
148.54,5.95,42.4,7.64,61.37,34.82,Moderate
147.54,14.11,102.89,7.06,24.4,20.75,Moderate
101.03,67.18,92.01,6.35,58.1,23.69,Healthy
43.01,61.57,94.51,7.75,39.13,35.63,Moderate
138.48,45.44,83.67,8.14,31.02,34.51,Moderate
90.81,44.33,130.31,5.13,12.48,20.59,Poor
132.68,37.64,104.18,5.42,44.36,29.12,Moderate
44.35,41.8,42.96,4.9,40.22,30.22,Healthy
22.61,39.0,72.09,8.23,52.72,40.44,Poor
83.41,81.31,18.96,6.76,34.71,34.67,Moderate
132.86,72.66,17.8,6.98,62.09,15.81,Moderate
33.76,69.63,50.66,4.75,72.26,40.71,Poor
62.29,99.32,129.2,6.72,62.31,40.28,Poor
111.82,37.06,32.99,6.23,23.07,15.58,Healthy
73.83,36.28,18.82,7.99,18.61,32.02,Moderate
89.7,98.0,41.81,5.44,53.9,30.07,Healthy
123.65,21.44,48.59,4.52,60.51,23.79,Moderate
43.05,62.47,41.5,4.73,26.54,37.94,Moderate
93.35,49.76,76.25,8.49,12.2,19.35,Moderate
131.17,55.81,149.28,7.24,60.64,30.65,Healthy
12.43,91.26,80.84,4.54,24.69,24.46,Poor
50.07,7.64,45.63,8.09,51.22,23.83,Moderate
22.34,76.37,109.16,4.51,79.54,22.17,Poor
46.74,33.6,144.45,7.86,54.61,28.35,Moderate
55.78,36.83,52.22,7.95,57.69,25.98,Healthy
149.1,21.86,16.12,5.97,78.73,15.65,Poor
21.34,37.44,148.18,5.87,57.47,38.33,Poor
103.88,13.53,26.54,5.54,65.72,36.65,Moderate
33.84,41.02,25.27,6.39,35.5,41.79,Moderate
64.42,9.75,80.47,8.13,35.86,37.1,Moderate
68.34,58.99,77.84,8.0,49.76,25.23,Healthy
117.38,9.78,44.52,5.65,49.83,37.52,Moderate
87.53,48.54,14.47,8.38,30.69,18.5,Moderate
126.6,89.58,48.3,6.69,64.84,15.59,Moderate
148.17,35.78,74.57,4.7,13.29,18.01,Poor
54.96,92.55,79.74,5.8,41.58,22.16,Moderate
97.36,53.18,59.89,7.24,37.42,36.78,Healthy
93.78,24.2,28.66,5.52,74.28,37.23,Moderate
146.11,75.71,137.59,5.92,53.39,25.57,Moderate
131.08,99.71,113.1,7.63,71.67,17.57,Moderate
77.45,74.59,92.73,6.66,37.01,20.95,Healthy
139.14,74.74,93.96,4.84,17.82,26.67,Poor
27.6,19.15,16.79,5.68,10.78,34.77,Poor
93.91,53.23,148.1,6.43,70.88,20.11,Healthy
47.07,36.21,148.6,8.13,41.4,37.8,Moderate
42.65,61.3,28.47,6.8,25.56,30.82,Moderate
70.01,58.08,28.37,6.53,32.15,18.89,Moderate
80.06,18.15,66.96,5.79,48.01,28.06,Healthy
28.84,31.51,85.73,7.84,14.15,17.45,Moderate
121.57,37.28,42.24,5.42,77.95,28.79,Moderate
32.53,43.57,42.79,5.17,78.5,27.02,Poor
106.77,90.36,34.82,5.01,28.22,34.24,Moderate
63.48,51.46,7.94,4.52,38.5,19.06,Moderate
120.75,95.37,139.23,6.36,30.08,28.06,Moderate
24.56,94.67,102.34,5.65,63.15,21.62,Moderate
115.2,43.17,130.27,8.46,32.41,29.88,Moderate
43.31,81.03,76.33,8.44,72.08,22.36,Moderate
26.73,63.89,51.12,5.51,48.16,29.53,Healthy
85.26,32.95,27.53,5.23,60.41,27.64,Healthy
75.71,97.79,138.1,4.76,65.84,21.69,Poor
111.12,21.47,26.08,8.26,49.08,24.44,Moderate
134.76,32.53,14.26,6.08,59.51,32.88,Moderate
76.32,53.47,81.77,6.0,15.81,19.26,Moderate
111.4,81.96,62.35,5.82,52.54,15.59,Moderate
89.73,49.56,69.08,4.51,76.0,19.68,Moderate
25.82,41.65,117.92,7.56,45.83,29.83,Moderate
73.73,7.4,45.29,6.06,48.81,32.79,Healthy
148.27,53.2,102.43,8.34,29.51,27.25,Moderate
110.94,58.69,134.51,6.76,74.57,19.01,Moderate
122.49,25.26,12.12,4.95,50.65,22.85,Moderate
30.15,64.76,75.75,6.02,47.5,38.26,Moderate
111.46,52.04,124.27,7.95,36.34,19.04,Moderate
26.11,65.69,140.76,4.65,44.81,20.24,Poor
84.41,86.38,119.11,8.39,43.92,32.91,Moderate
135.79,71.27,144.81,5.48,19.45,19.03,Poor
129.34,10.02,122.44,6.36,58.39,35.13,Moderate
69.42,18.88,94.46,8.33,11.79,21.13,Moderate
132.42,11.63,6.47,8.01,63.77,21.85,Poor
145.3,72.68,22.27,6.34,70.55,33.03,Moderate
92.01,44.61,40.97,6.95,20.77,36.87,Healthy
39.34,16.45,15.44,7.76,42.75,25.76,Moderate
82.97,60.79,132.7,5.88,23.1,38.46,Moderate
77.28,60.05,27.93,7.95,75.69,27.08,Moderate
12.82,7.57,48.83,6.47,40.3,30.36,Moderate
46.03,24.93,146.25,5.62,76.26,30.43,Moderate
19.8,61.53,147.9,7.86,31.25,17.58,Moderate
74.46,14.38,48.16,8.17,55.75,36.15,Moderate
85.68,20.97,26.81,7.56,40.05,28.5,Moderate
35.05,39.36,24.17,5.32,72.22,34.35,Moderate
129.27,88.05,90.49,5.72,44.48,15.51,Moderate
124.43,81.25,78.71,6.01,22.08,17.04,Moderate
55.5,94.06,14.97,8.3,47.01,26.9,Poor
27.21,11.78,83.95,6.89,40.39,22.76,Moderate
11.85,30.33,108.65,6.92,21.07,36.42,Moderate
30.79,80.57,79.33,7.37,15.81,35.01,Moderate
111.0,21.65,24.94,7.49,39.13,32.49,Moderate
11.27,22.45,113.16,5.3,15.62,19.73,Moderate
126.54,37.92,81.86,6.81,36.08,17.53,Healthy
45.95,19.99,136.88,7.46,67.61,36.93,Moderate
10.3,76.16,74.9,7.6,77.19,24.66,Moderate
94.67,33.94,134.6,5.52,34.59,38.97,Moderate
24.12,51.93,89.29,6.82,18.41,16.07,Poor
68.33,48.12,141.69,7.52,51.9,20.67,Healthy
136.2,23.39,142.37,8.28,78.45,22.64,Poor
29.25,64.73,66.31,6.05,48.94,33.62,Healthy
56.5,36.84,93.5,4.79,59.0,36.57,Moderate
133.17,76.61,78.48,8.0,44.37,36.25,Moderate
18.91,72.36,17.19,4.61,45.16,18.23,Poor
55.52,78.55,84.79,7.43,64.85,27.97,Healthy
147.99,24.2,17.31,5.77,63.38,17.6,Moderate
75.34,59.28,122.15,7.88,26.73,22.4,Moderate
105.76,86.68,29.41,7.39,26.64,19.88,Moderate
57.26,80.49,112.67,6.41,59.99,25.96,Moderate
39.47,85.09,12.8,8.1,65.22,34.54,Poor
89.68,81.95,9.09,6.86,28.27,32.26,Moderate
104.46,25.4,27.45,6.85,75.84,32.91,Moderate
77.78,93.87,123.74,7.43,40.62,28.27,Healthy
47.05,82.6,46.28,7.32,71.25,29.91,Moderate
31.91,7.36,102.62,5.4,12.73,24.27,Poor
91.5,57.4,29.27,6.92,38.75,27.9,Healthy
132.42,12.46,81.54,5.19,22.79,31.48,Moderate
103.76,62.59,138.91,7.68,23.9,32.17,Moderate
96.85,66.42,67.22,8.29,42.46,36.31,Healthy
77.38,79.81,62.37,4.5,44.99,29.8,Healthy
26.19,68.19,128.79,7.97,36.38,26.07,Moderate
130.17,99.84,12.63,4.75,13.8,27.49,Poor
119.84,13.9,104.9,5.18,12.31,31.08,Poor
93.14,31.91,51.72,5.92,75.05,38.39,Moderate
83.85,96.53,89.35,4.91,44.1,39.15,Poor
102.77,95.5,81.98,8.15,63.66,37.21,Moderate
148.8,33.71,96.07,5.53,69.77,30.82,Moderate
34.62,45.02,31.35,6.33,15.43,41.06,Poor
93.53,99.11,30.2,6.04,75.19,33.68,Moderate
19.81,88.9,32.38,5.55,61.22,34.19,Moderate
102.48,5.51,41.16,5.88,38.02,17.0,Moderate
104.55,89.67,148.5,7.69,24.18,28.8,Moderate
138.2,11.33,38.11,5.56,52.67,40.69,Poor
77.56,58.57,97.78,7.91,30.04,31.91,Healthy
139.54,94.2,60.48,4.95,74.71,39.87,Poor
23.61,12.73,31.85,7.09,31.18,21.49,Moderate
121.95,28.17,144.26,6.25,39.58,40.48,Moderate
26.82,15.92,67.87,6.85,45.56,40.78,Moderate
149.04,8.88,28.99,6.71,76.51,22.56,Poor
61.39,26.95,145.28,5.12,49.52,15.62,Poor
94.23,42.28,87.02,4.82,16.37,17.49,Moderate
126.93,73.8,23.61,5.76,40.55,17.66,Moderate
127.6,39.48,102.22,7.07,74.0,35.03,Moderate
14.82,19.73,69.51,4.87,37.43,41.39,Poor
38.77,71.95,42.69,4.64,16.89,17.81,Moderate
51.86,96.25,95.0,4.99,14.92,41.21,Poor
33.99,30.69,127.04,6.72,25.87,32.94,Moderate
62.01,60.25,19.03,8.02,51.68,15.12,Poor
88.27,39.4,136.3,5.05,33.36,35.64,Moderate
41.53,34.75,116.83,7.35,35.18,27.62,Healthy
87.33,89.36,100.92,6.87,66.77,23.22,Moderate
72.16,70.23,63.56,6.42,21.23,31.47,Healthy
99.63,86.34,17.38,8.1,16.02,35.12,Poor
92.46,43.58,138.9,6.33,11.73,29.06,Moderate
84.54,75.72,56.95,4.8,34.46,31.27,Moderate
86.27,85.46,44.18,6.78,78.29,23.47,Moderate
71.05,99.45,25.94,6.79,35.92,16.25,Moderate
116.51,23.89,134.35,6.17,20.12,21.64,Moderate
126.6,40.52,42.16,5.5,50.82,21.93,Healthy
140.95,9.69,27.6,6.22,24.58,36.02,Moderate
138.32,62.02,128.83,7.7,21.1,17.11,Moderate
98.06,98.34,125.63,6.97,17.77,36.05,Poor
105.62,93.72,107.86,4.91,52.64,25.9,Moderate
68.99,65.13,135.45,7.54,11.56,18.97,Moderate
60.85,70.05,96.96,6.51,40.11,36.32,Healthy
23.4,61.53,122.23,5.59,24.16,33.18,Moderate
34.59,51.38,138.81,4.74,73.64,20.14,Poor
77.53,17.56,107.93,8.49,31.15,39.97,Moderate
112.2,96.72,102.41,7.23,76.06,34.64,Moderate
128.64,32.03,29.49,7.06,27.68,26.61,Moderate
129.78,64.95,141.86,5.92,29.64,20.77,Moderate
146.69,45.82,138.41,5.88,30.14,35.81,Moderate
96.53,54.84,68.83,6.37,68.41,19.13,Healthy
17.15,5.57,76.78,7.77,56.97,41.74,Poor
95.4,53.36,89.34,8.03,11.02,27.6,Moderate
67.56,95.57,32.15,4.6,54.22,31.88,Moderate
54.71,56.28,91.52,5.91,39.44,18.83,Moderate
117.94,41.97,98.6,6.21,21.36,33.92,Healthy
68.43,22.61,140.36,8.07,60.9,30.55,Moderate
97.53,39.22,43.13,6.87,61.8,28.37,Healthy
135.38,41.9,59.59,6.2,59.29,15.74,Moderate
59.53,75.58,85.44,5.74,55.97,39.33,Moderate
80.72,75.23,33.77,6.39,30.39,41.81,Moderate
40.62,95.0,64.26,6.49,46.67,21.53,Healthy
43.45,40.72,113.05,7.3,79.83,17.39,Moderate
116.3,23.52,79.1,5.29,75.53,28.69,Moderate
75.73,34.2,70.1,4.94,57.89,30.41,Healthy
23.94,14.73,47.48,6.39,25.59,18.55,Moderate
23.49,33.99,96.29,7.21,29.8,26.9,Healthy
97.98,39.2,146.9,7.27,50.49,28.44,Healthy
78.87,32.71,16.2,7.85,73.38,41.31,Moderate
66.56,94.91,106.84,6.19,74.3,41.15,Moderate
84.75,79.07,117.61,6.94,39.59,18.63,Moderate
149.71,11.81,24.55,6.0,37.9,22.21,Moderate
20.93,90.44,79.42,8.38,71.46,28.34,Poor
64.35,29.23,148.99,6.92,68.85,41.59,Moderate
41.35,92.86,120.2,6.32,76.42,30.93,Moderate
65.12,20.19,110.54,7.6,24.48,25.04,Moderate
17.71,57.94,92.01,7.89,11.83,18.23,Moderate
14.42,94.72,79.37,5.48,11.34,17.61,Poor
110.82,50.63,111.49,5.56,40.77,31.84,Healthy
39.72,32.31,25.53,7.35,50.76,27.01,Healthy
89.43,21.13,122.87,7.52,22.74,38.91,Moderate
65.16,49.05,82.03,7.67,21.48,22.16,Healthy
141.1,94.09,122.3,5.17,51.65,27.04,Poor
21.3,12.18,129.24,4.86,29.0,19.07,Poor
90.51,77.2,43.45,7.63,22.25,24.63,Moderate
44.0,48.16,147.25,7.45,24.4,41.09,Moderate
105.39,48.15,137.86,7.55,61.04,20.43,Healthy
27.92,87.23,103.62,7.77,63.6,39.38,Poor
62.57,38.27,39.35,4.92,43.8,28.45,Healthy
26.02,62.33,57.69,6.32,45.7,23.38,Healthy
105.91,53.44,69.01,6.14,11.66,35.82,Healthy
145.31,17.44,46.97,7.89,59.61,23.43,Moderate
100.93,92.14,36.85,7.22,66.84,17.57,Moderate
140.83,96.14,111.29,6.56,52.28,32.51,Moderate
31.58,33.01,19.63,5.98,62.16,38.91,Poor
61.98,63.53,91.25,6.39,58.59,19.07,Healthy
20.48,38.06,145.55,8.31,54.32,30.63,Poor
98.65,45.79,46.82,4.52,11.34,41.25,Poor
114.24,70.56,127.44,6.93,56.73,36.33,Moderate
27.52,22.83,85.62,4.89,56.16,37.47,Moderate
127.26,35.71,34.39,8.33,73.87,23.46,Moderate
135.18,88.7,54.01,5.95,75.23,35.03,Poor
96.45,95.53,130.41,4.8,44.92,39.18,Poor
25.56,11.86,129.56,7.61,21.7,19.89,Poor
126.57,24.87,25.88,8.13,66.35,25.9,Moderate
97.65,45.89,44.8,8.45,48.19,32.21,Healthy
67.16,52.57,46.72,6.22,53.95,36.93,Healthy
122.33,6.08,82.56,5.99,52.49,38.81,Moderate
118.51,36.42,112.18,4.91,18.97,21.09,Moderate
65.96,53.51,62.69,7.01,18.69,29.08,Healthy
48.14,39.64,78.79,5.03,37.18,35.54,Moderate
48.86,77.63,38.48,7.52,23.61,40.68,Moderate
31.53,99.99,38.2,7.34,31.36,17.22,Moderate
13.48,18.99,64.17,6.82,43.5,32.02,Moderate
23.42,69.26,118.85,5.42,65.43,21.75,Moderate
72.17,81.55,104.65,6.51,35.88,30.22,Healthy
82.77,97.29,124.79,4.97,38.87,30.86,Moderate
108.75,21.85,125.46,7.02,14.72,16.6,Poor
106.06,76.78,50.01,5.15,25.39,25.59,Moderate
98.46,22.83,119.74,5.5,66.67,39.95,Moderate
32.98,92.18,107.28,8.05,34.28,38.32,Poor
76.75,23.02,149.5,8.29,18.74,27.32,Poor
148.07,57.1,77.08,5.28,39.37,28.45,Healthy
109.97,47.75,97.07,4.91,63.46,15.09,Moderate
99.9,83.5,116.18,5.09,69.1,17.14,Moderate
19.29,83.15,31.47,6.29,75.56,20.64,Moderate
119.28,60.52,63.83,6.34,38.72,37.34,Healthy
123.96,40.47,106.1,6.63,62.38,16.35,Moderate
57.04,36.9,91.54,5.33,47.22,41.46,Moderate
16.09,52.83,25.05,6.83,26.86,39.37,Moderate
54.52,96.04,5.6,7.83,28.32,20.44,Moderate
133.78,33.92,89.66,7.45,39.34,17.74,Healthy
139.13,66.51,134.4,7.57,64.18,30.93,Moderate
10.87,88.85,125.48,7.41,71.47,19.97,Poor
49.46,19.93,98.76,6.25,17.19,30.54,Moderate
57.46,51.6,42.9,5.14,41.56,21.11,Healthy
66.7,41.32,141.36,5.25,30.05,36.38,Moderate
51.42,50.62,115.48,4.52,76.96,27.5,Moderate
116.32,92.48,132.14,5.38,48.86,26.09,Moderate
84.53,79.06,56.4,6.41,52.56,22.31,Healthy
94.92,19.15,95.14,5.07,64.3,20.24,Healthy
100.46,60.21,66.67,7.08,69.26,18.24,Healthy
104.7,43.96,102.72,8.0,55.7,19.32,Moderate
68.26,57.2,23.4,7.07,59.93,35.59,Healthy
26.79,71.99,58.1,5.34,46.7,30.46,Moderate
73.95,84.88,27.59,6.13,28.69,16.32,Moderate
57.47,73.22,80.87,6.17,43.23,23.44,Healthy
27.1,61.09,123.23,7.66,26.33,26.73,Moderate
87.3,81.23,33.49,5.03,75.21,18.93,Moderate
148.48,61.9,77.35,5.26,70.24,19.65,Moderate
66.18,9.56,8.27,7.42,24.54,31.22,Moderate
111.28,51.72,100.18,5.46,67.25,20.57,Moderate
92.69,84.41,120.01,4.71,35.7,38.02,Moderate
129.13,65.46,20.74,6.12,77.28,17.88,Moderate
122.2,44.69,112.99,4.72,10.72,23.12,Moderate
131.83,69.58,93.71,8.49,34.31,37.96,Moderate
25.35,21.22,74.32,8.34,59.24,18.04,Moderate
143.69,77.74,111.81,6.71,37.55,17.97,Moderate
96.77,17.13,90.54,6.66,51.76,37.32,Healthy
67.56,46.48,13.7,5.65,15.67,18.83,Moderate
69.75,43.68,140.7,4.98,20.45,35.27,Moderate
13.14,66.84,113.4,7.02,30.15,17.8,Moderate
149.18,86.64,110.94,5.25,40.16,34.17,Moderate
24.2,95.95,143.51,5.1,23.79,24.83,Poor
73.1,46.87,104.79,6.38,22.9,22.05,Healthy
67.57,54.33,138.84,4.88,66.3,23.39,Moderate
111.78,29.53,60.85,6.27,62.55,19.49,Healthy
58.52,55.21,100.35,4.8,16.63,34.4,Moderate
61.26,20.73,43.16,6.89,76.73,34.76,Moderate
121.59,62.8,58.82,8.35,15.69,36.83,Moderate
46.16,62.75,147.45,7.87,69.51,37.22,Moderate
73.53,42.34,80.19,5.64,43.47,18.42,Healthy
134.95,74.89,13.99,7.14,63.11,38.26,Moderate
56.08,64.92,45.03,7.9,71.26,17.07,Moderate
49.91,14.77,62.82,4.52,64.8,26.65,Moderate
84.8,75.55,108.29,5.76,64.79,32.3,Moderate
40.54,7.78,114.64,5.16,17.88,26.35,Poor
139.04,73.22,120.72,5.58,68.45,26.22,Moderate
147.12,59.13,92.9,8.16,76.39,15.48,Poor
42.54,63.35,5.52,5.77,23.74,29.13,Moderate
93.62,22.96,82.78,6.09,79.37,16.76,Moderate
127.7,99.95,83.53,7.22,18.96,24.47,Moderate
35.41,60.42,141.6,4.62,44.61,34.54,Moderate
70.29,56.19,70.68,6.89,14.8,29.76,Healthy
81.65,22.28,82.54,6.35,51.52,30.22,Healthy
66.64,79.21,56.83,6.4,39.85,28.12,Healthy
122.03,72.42,11.12,6.48,18.73,34.69,Moderate
148.14,63.79,60.08,4.79,33.28,29.18,Moderate
133.32,53.73,147.74,5.98,10.03,31.97,Moderate
40.68,28.16,7.53,6.63,27.33,41.85,Moderate
126.99,73.51,56.31,4.79,56.83,15.6,Moderate
71.82,10.01,86.16,6.74,47.14,34.29,Healthy
41.94,28.01,65.34,7.31,18.17,38.92,Moderate
45.31,17.15,91.85,5.6,38.61,16.65,Moderate
75.09,33.85,29.62,6.05,63.9,35.62,Healthy
60.47,97.55,23.25,7.92,78.53,30.47,Moderate
18.42,92.5,68.36,5.19,72.4,26.53,Poor
79.91,59.25,136.46,6.51,72.17,19.6,Moderate
96.34,54.92,52.13,5.35,14.9,22.07,Healthy
105.28,31.43,110.58,8.0,58.6,36.74,Moderate
90.25,94.93,115.63,5.79,60.63,33.14,Moderate
115.2,35.34,78.89,8.02,78.3,24.72,Moderate
78.14,36.43,109.1,4.66,76.77,29.83,Moderate
47.93,8.54,86.31,6.84,58.67,29.19,Healthy
82.2,33.89,33.14,5.5,36.23,35.88,Healthy
26.56,66.15,10.5,4.67,29.16,24.64,Poor
36.58,89.19,49.18,6.37,79.59,21.86,Moderate
96.63,75.92,44.3,4.73,65.4,22.8,Moderate
54.98,44.4,10.66,7.91,70.43,38.53,Moderate
35.57,97.74,100.92,6.87,60.56,35.41,Moderate
68.26,60.47,89.85,4.53,10.68,27.71,Moderate
88.19,72.19,114.14,6.84,29.91,31.72,Moderate
46.37,82.67,66.38,8.08,18.96,34.05,Moderate
70.1,17.1,86.06,5.35,30.46,27.32,Moderate
61.01,41.93,62.57,4.57,35.71,25.62,Healthy
92.98,50.69,30.02,6.85,12.46,24.0,Healthy
96.82,64.28,31.16,5.86,42.04,26.11,Healthy
105.96,75.32,10.92,7.48,71.5,39.68,Moderate
17.84,88.95,28.74,5.85,36.72,23.07,Moderate
51.26,21.09,100.56,6.82,52.95,29.08,Moderate
40.92,60.7,99.79,4.71,79.14,30.65,Moderate
99.37,59.12,105.15,7.13,65.94,19.36,Moderate
32.92,25.86,144.7,5.93,32.13,21.19,Moderate
77.4,91.01,102.76,5.25,68.61,40.53,Moderate
109.83,61.39,102.41,7.44,70.16,32.78,Moderate
84.41,22.33,59.26,4.84,61.0,41.79,Moderate
23.44,46.82,106.51,4.62,40.77,36.46,Moderate
51.05,67.67,93.06,7.3,26.81,19.55,Moderate
12.37,50.63,32.09,7.1,48.44,37.51,Healthy
122.27,39.32,47.96,4.83,62.95,28.4,Healthy
57.08,71.84,44.75,6.41,40.52,22.3,Healthy
120.66,72.2,80.33,7.26,16.26,26.61,Moderate
94.02,42.41,108.55,6.59,36.8,26.21,Healthy
110.27,11.25,126.53,4.73,19.29,36.88,Poor
62.42,48.65,59.05,4.87,52.6,33.6,Healthy
36.59,76.45,19.47,7.6,59.09,39.63,Moderate
123.89,85.23,143.87,7.88,65.75,20.3,Moderate
115.71,65.11,144.43,7.38,28.17,19.43,Moderate
49.39,50.61,99.61,5.36,26.3,23.15,Moderate
123.02,39.71,16.37,6.68,10.42,33.19,Moderate
127.89,20.81,127.47,7.22,16.9,21.15,Moderate
41.83,24.54,53.51,8.13,25.69,40.02,Moderate
86.95,54.12,102.7,7.72,77.03,15.07,Moderate
65.74,22.01,27.0,5.09,59.68,16.38,Moderate
127.14,76.49,64.34,6.2,57.49,15.29,Moderate
64.2,22.11,31.21,6.7,27.22,25.13,Healthy
110.42,63.96,52.85,4.7,11.87,28.16,Moderate
69.01,80.66,16.89,7.9,24.88,24.47,Moderate
130.39,84.58,79.66,4.83,51.33,35.57,Moderate
46.72,22.39,77.07,7.5,45.34,21.47,Healthy
131.65,87.84,100.46,4.8,26.25,31.7,Moderate
119.38,50.05,49.09,8.04,36.69,39.74,Moderate
84.53,63.36,23.12,5.57,78.23,34.4,Moderate
76.79,54.54,17.73,7.63,15.0,25.45,Moderate
67.49,62.29,65.25,8.34,65.85,40.9,Moderate
82.62,33.71,147.29,4.82,74.9,17.59,Moderate
122.97,79.09,100.66,7.63,16.16,25.08,Moderate
57.11,98.25,73.52,4.7,28.15,37.79,Moderate
134.83,93.1,25.9,7.25,38.16,34.86,Moderate
125.41,29.82,77.55,5.81,41.91,22.85,Healthy
57.55,30.87,48.27,6.81,52.02,39.86,Healthy
64.68,67.46,144.99,6.37,64.54,41.18,Moderate
120.57,12.65,33.0,5.68,58.04,33.13,Moderate
29.2,47.69,66.16,7.26,28.27,21.42,Healthy
93.54,12.87,101.98,6.26,47.54,36.65,Moderate
35.34,24.94,135.66,7.46,28.39,34.46,Moderate
74.01,63.64,119.06,4.68,52.78,24.14,Healthy
82.26,39.56,141.45,6.89,69.26,21.93,Healthy
61.05,79.77,38.99,8.5,56.21,39.21,Moderate
24.63,44.31,53.71,8.38,20.13,35.2,Moderate
98.32,85.88,146.71,7.72,27.65,37.52,Moderate
83.75,67.06,45.66,7.76,41.11,36.83,Healthy
69.82,63.57,19.93,4.87,76.71,34.6,Poor
34.18,61.78,118.27,6.89,41.39,37.55,Moderate
17.11,65.17,73.59,7.09,30.33,19.39,Moderate
146.39,87.1,136.8,7.58,14.54,31.95,Poor
63.4,36.76,41.14,5.22,19.76,18.27,Moderate
109.62,93.39,60.15,4.92,25.48,35.17,Moderate
58.79,67.97,34.82,7.53,55.86,21.0,Healthy
140.48,54.65,36.88,6.77,39.07,39.76,Moderate
53.38,89.2,112.65,7.22,22.87,17.33,Moderate
131.02,59.2,144.97,6.57,51.4,41.92,Moderate
110.22,39.2,125.03,5.68,46.76,21.42,Healthy
149.26,93.78,131.71,6.1,61.0,22.04,Poor
64.6,81.43,13.18,4.7,56.28,35.91,Moderate
63.7,69.09,135.93,4.9,68.14,30.71,Moderate
69.13,9.91,60.69,7.68,47.94,19.76,Moderate
42.51,85.52,67.77,4.88,78.13,21.84,Poor
121.51,6.22,42.19,5.85,70.16,35.19,Moderate
53.12,79.81,122.46,6.55,45.55,28.76,Moderate
33.44,82.21,108.62,7.9,67.1,36.21,Moderate
119.25,94.72,92.78,7.81,66.09,22.3,Moderate
89.2,74.32,20.0,6.62,10.2,21.49,Moderate
78.09,34.16,116.81,7.05,28.73,15.46,Moderate
45.66,54.31,115.52,6.91,13.91,27.6,Moderate
144.33,90.88,112.65,5.64,11.55,27.32,Poor
62.42,69.21,15.24,8.19,61.51,41.22,Poor
131.14,45.87,101.06,7.88,24.27,15.26,Moderate
53.06,46.56,95.56,5.55,40.94,32.51,Moderate
125.42,26.56,120.99,8.26,38.67,29.9,Moderate
11.4,72.47,131.44,4.58,69.06,19.02,Poor
127.89,56.48,58.67,8.27,52.87,16.04,Moderate
117.24,22.33,138.87,5.17,44.14,29.11,Moderate
88.93,55.66,68.66,7.35,20.89,36.26,Healthy
15.24,85.0,113.73,7.68,30.79,37.94,Moderate
106.76,97.01,7.9,7.66,53.63,41.7,Poor
72.03,31.57,132.56,5.8,59.2,23.96,Healthy
142.4,54.98,51.37,7.79,14.37,17.53,Moderate
127.14,35.72,30.6,6.85,27.82,41.65,Moderate
124.88,89.47,125.87,8.04,33.66,33.18,Poor
136.98,70.17,149.59,7.96,14.97,28.54,Poor
48.58,88.13,140.9,6.77,14.07,24.36,Poor
36.4,55.28,147.8,5.87,61.38,37.44,Moderate
126.22,19.21,39.43,5.39,30.81,16.26,Moderate
85.51,75.39,42.82,7.06,48.19,17.68,Healthy
43.57,27.94,75.86,7.01,31.1,18.43,Moderate
47.69,8.82,113.56,7.3,56.95,31.68,Moderate
51.68,15.97,91.86,7.43,66.76,34.62,Moderate
102.21,83.32,115.46,8.28,10.42,18.96,Moderate
91.17,43.1,54.37,7.48,47.49,29.22,Healthy
16.98,48.82,93.16,5.62,26.73,29.87,Moderate
137.67,16.06,49.82,4.73,32.78,33.76,Moderate
54.61,42.86,140.65,5.89,47.77,40.21,Moderate
81.19,21.16,25.75,8.1,71.99,21.78,Moderate
97.25,20.82,38.57,8.18,38.12,20.63,Healthy
83.38,85.85,125.78,7.15,66.94,36.05,Moderate
144.91,67.3,91.7,8.12,35.31,28.31,Moderate
130.28,98.0,66.08,6.86,68.64,29.01,Moderate
66.64,11.16,35.75,5.83,38.12,35.96,Moderate
33.35,11.88,90.23,4.53,75.16,21.91,Poor
126.71,41.06,149.83,6.51,77.4,27.66,Moderate
110.0,11.05,69.52,5.58,65.52,29.38,Moderate
99.6,29.11,21.94,7.22,40.96,26.26,Healthy
144.95,16.23,98.36,4.74,57.94,30.11,Moderate
111.77,76.33,24.15,5.6,27.67,31.42,Moderate
46.17,54.01,69.11,6.84,34.6,39.97,Moderate
145.1,38.33,137.57,7.67,25.83,30.2,Moderate
62.87,81.09,134.62,6.99,54.11,34.47,Moderate
79.31,49.71,86.66,7.77,55.32,18.89,Healthy
29.66,44.51,100.57,6.06,36.72,39.18,Moderate
131.55,50.19,109.15,6.31,52.22,22.41,Healthy
79.65,66.04,69.06,7.54,28.71,15.35,Moderate
138.0,39.3,41.55,6.4,27.46,34.8,Moderate
52.95,99.21,45.05,5.95,47.69,15.09,Moderate
10.58,27.21,16.84,7.54,71.03,26.16,Moderate
82.31,63.21,18.76,6.38,77.16,20.61,Moderate
21.77,31.65,84.45,7.97,34.84,24.31,Moderate
58.03,84.89,73.05,5.83,22.39,18.39,Moderate
146.38,51.21,15.47,8.13,76.79,21.4,Poor
54.25,96.25,7.29,5.8,40.11,35.8,Moderate
61.49,37.15,110.76,7.9,16.53,18.85,Moderate
102.37,34.86,101.92,5.2,66.28,23.68,Moderate
56.92,21.99,35.65,6.89,50.71,37.26,Moderate
98.24,45.65,121.5,4.57,59.13,29.67,Healthy
40.93,65.56,148.07,5.89,54.7,26.86,Moderate
64.94,34.18,38.2,5.44,64.2,23.74,Healthy
84.14,25.28,35.81,6.85,50.79,28.64,Healthy
107.05,65.52,34.01,4.72,28.88,26.64,Healthy
39.16,50.83,10.32,6.41,34.61,40.9,Moderate
132.74,95.36,100.53,8.39,23.27,29.37,Moderate
114.05,50.82,35.99,7.12,77.98,29.13,Healthy
44.74,8.85,20.1,7.61,43.97,20.63,Moderate
130.41,46.43,120.38,7.75,60.25,41.26,Moderate
135.57,16.92,54.84,8.32,55.89,26.98,Moderate
130.7,65.69,58.73,5.58,69.58,37.86,Moderate
138.56,79.53,31.79,6.05,32.97,21.96,Moderate
121.26,16.84,74.49,7.96,65.23,22.22,Moderate
14.98,44.32,91.06,7.92,46.98,22.18,Healthy
106.71,43.16,124.66,4.59,39.33,26.4,Healthy
92.26,39.07,63.32,7.44,21.99,21.44,Healthy
24.33,29.48,78.28,5.26,15.15,41.9,Poor
73.73,84.0,112.12,5.16,45.86,30.33,Moderate
32.1,15.63,43.17,5.55,29.43,21.82,Moderate
86.55,32.97,116.89,4.71,53.51,35.86,Moderate
71.2,35.34,48.95,5.81,18.22,30.69,Healthy
97.29,42.02,143.6,8.15,30.85,34.77,Moderate
26.28,76.99,111.68,5.93,37.09,30.82,Moderate
49.23,59.41,133.71,6.28,24.29,30.07,Moderate
101.4,54.97,8.43,7.18,12.58,26.27,Moderate
68.02,85.41,130.09,7.6,67.38,20.91,Moderate
110.28,76.18,117.82,7.68,21.43,21.94,Moderate
119.72,19.0,22.97,8.41,77.75,24.09,Moderate
11.2,42.83,8.75,5.07,25.69,37.66,Poor
62.54,5.78,97.35,4.78,72.59,21.62,Moderate
43.28,42.72,20.58,4.59,74.01,38.32,Moderate
138.28,69.28,6.89,8.39,59.61,26.21,Poor
112.55,58.87,102.39,7.8,75.53,36.51,Moderate
135.42,58.91,54.07,7.18,48.94,16.52,Moderate
90.62,44.65,58.59,7.4,71.96,20.32,Healthy
121.29,21.11,88.58,7.89,73.41,23.33,Moderate
124.64,88.48,30.05,6.04,64.34,15.4,Moderate
97.61,44.39,80.04,6.17,23.68,24.41,Healthy
130.55,63.04,74.2,7.32,22.86,17.25,Moderate
86.8,6.09,26.49,7.37,73.11,22.7,Moderate
63.57,69.7,121.71,5.54,67.83,41.26,Moderate
22.31,26.31,110.29,4.65,29.88,37.8,Moderate
105.43,65.87,93.74,6.51,63.67,38.36,Healthy
121.37,50.86,117.89,7.52,41.9,24.02,Moderate
67.42,51.85,26.31,5.37,17.13,16.95,Moderate
89.26,71.32,93.97,7.41,38.46,36.58,Healthy
114.68,72.55,116.07,5.43,49.86,35.92,Moderate
23.84,28.47,76.17,6.16,74.0,35.27,Moderate
15.72,49.2,115.57,7.18,47.64,17.3,Moderate
138.12,44.43,26.04,4.84,64.94,31.54,Moderate
45.24,55.64,142.24,6.47,37.34,23.31,Healthy
35.52,91.48,29.9,4.72,19.99,19.93,Poor
69.48,91.42,24.55,5.08,40.61,39.4,Poor
139.8,95.33,23.4,7.32,55.32,15.82,Poor
104.12,71.21,100.22,5.36,33.27,29.95,Moderate
29.38,20.08,106.32,5.16,11.17,20.0,Poor
20.57,31.81,115.25,7.64,14.99,30.4,Moderate
22.33,22.77,118.71,8.39,29.01,35.97,Moderate
57.89,79.53,87.69,6.69,66.61,33.8,Moderate
145.91,39.45,143.48,7.81,44.55,28.52,Moderate
136.27,60.81,53.98,4.67,30.97,20.87,Moderate
28.06,68.9,62.38,4.88,32.89,18.79,Moderate
93.8,45.56,140.46,6.93,63.56,24.05,Healthy
115.63,74.8,148.68,7.14,74.13,38.41,Moderate
138.62,59.45,37.48,6.84,74.52,41.27,Moderate
142.46,46.9,121.63,6.45,58.42,26.65,Healthy
52.36,46.98,49.51,6.19,57.44,20.42,Healthy
104.74,11.99,5.23,5.43,24.17,37.5,Moderate
115.85,68.31,107.41,7.15,67.85,29.42,Healthy
12.47,87.02,73.21,8.21,72.51,25.78,Poor
140.63,10.57,101.04,7.23,68.81,27.73,Moderate
43.68,9.2,72.76,6.31,34.95,32.18,Moderate
84.39,15.98,11.98,8.06,61.95,27.51,Moderate
79.45,15.87,43.21,7.8,18.84,17.82,Moderate
88.14,84.83,59.97,7.08,73.15,39.06,Moderate
75.5,33.08,88.14,8.2,57.66,40.79,Moderate
91.08,7.02,69.95,8.11,12.36,31.69,Poor
62.91,43.34,87.3,6.15,74.41,23.2,Healthy
116.3,13.75,53.26,5.13,25.39,30.24,Moderate
57.89,9.63,130.19,7.2,76.87,36.61,Poor
88.31,48.74,142.26,6.2,48.14,24.01,Healthy
49.29,85.33,40.82,5.08,60.96,37.71,Moderate
139.88,68.37,55.51,6.54,23.04,20.73,Healthy
135.48,85.64,45.45,6.02,77.12,25.58,Poor
55.84,24.06,64.11,5.95,61.44,24.37,Moderate
74.16,35.53,51.31,5.5,44.87,26.58,Healthy
18.06,93.4,55.58,7.53,73.49,15.31,Poor
27.26,23.1,133.44,6.68,31.77,16.19,Poor
14.97,59.86,106.95,6.04,30.13,36.78,Moderate
131.18,41.43,113.49,7.98,36.64,19.34,Moderate
61.58,10.91,10.16,7.8,69.69,32.48,Moderate
129.94,93.87,104.53,8.15,74.37,22.41,Moderate
142.99,98.47,45.56,7.01,25.41,25.63,Moderate
97.37,8.56,98.73,6.44,18.66,33.48,Moderate
141.95,5.21,68.47,5.0,24.49,28.27,Poor
50.78,66.67,43.29,7.6,22.84,39.5,Moderate
66.02,10.27,19.46,6.63,73.77,28.91,Moderate
73.02,78.42,37.89,7.21,25.28,37.82,Moderate
133.39,23.48,25.82,7.39,55.7,31.78,Moderate
81.31,17.26,109.32,5.15,48.0,24.36,Moderate
56.43,84.06,71.15,6.47,72.73,30.08,Moderate
122.18,86.97,105.8,5.08,18.35,26.72,Poor
18.85,33.57,35.23,4.65,37.94,21.73,Moderate
24.27,74.38,137.32,6.98,75.05,19.49,Poor
117.53,43.82,75.98,7.16,64.85,16.62,Healthy
64.35,77.67,82.57,5.87,12.84,15.2,Moderate
69.51,50.94,38.23,7.7,60.64,20.08,Healthy
36.32,87.16,138.28,8.44,58.05,40.08,Poor
30.79,19.79,11.02,6.65,25.49,30.36,Moderate
11.08,55.25,133.89,7.4,35.69,16.84,Poor
44.32,52.82,42.32,7.61,75.46,19.76,Moderate
10.78,12.99,121.41,4.71,62.24,25.94,Poor
69.65,74.42,51.4,7.74,16.61,34.4,Moderate
136.52,20.6,85.45,7.06,19.29,29.67,Moderate
45.32,76.59,87.36,6.14,61.98,34.76,Moderate
39.47,7.43,41.0,8.03,37.78,20.44,Moderate
61.64,41.4,70.84,6.3,30.87,23.09,Healthy
121.97,67.99,103.51,5.26,79.43,17.35,Moderate
105.55,75.62,43.74,4.81,61.62,30.27,Healthy
145.19,74.13,139.8,7.04,44.86,40.51,Poor
124.64,8.33,89.54,5.1,76.36,33.25,Poor
73.19,96.19,53.77,6.28,37.93,18.56,Healthy
30.98,61.15,15.08,8.22,32.93,23.67,Poor
29.56,38.34,105.22,8.33,23.48,19.8,Moderate
29.46,59.53,21.96,4.85,62.08,36.42,Moderate
54.04,60.24,112.64,4.7,54.43,22.73,Moderate
67.28,38.84,109.16,6.38,63.2,23.51,Healthy
85.78,91.16,68.52,6.81,56.94,39.63,Moderate
99.06,63.18,125.86,8.47,72.93,18.37,Moderate
104.7,36.21,65.1,7.08,20.16,33.7,Healthy
51.09,82.83,58.9,4.7,51.91,35.24,Moderate
96.34,78.98,121.6,4.67,10.13,21.06,Moderate
41.46,58.48,38.22,5.96,41.76,31.22,Healthy
149.54,70.41,43.54,5.9,13.06,26.33,Moderate
92.48,95.2,43.85,5.47,11.21,30.52,Moderate
149.42,40.25,77.19,4.73,49.98,20.67,Moderate
12.16,69.97,26.42,4.9,25.97,18.71,Moderate
97.2,30.37,102.29,6.68,34.75,20.22,Healthy
104.18,54.82,109.52,6.52,66.14,29.84,Healthy
123.87,57.22,144.45,7.91,27.79,34.66,Moderate
28.48,91.55,55.1,6.41,11.44,38.43,Poor
142.72,49.7,32.25,7.28,30.79,40.92,Moderate
53.56,59.69,12.17,8.46,50.33,41.33,Poor
52.1,55.08,7.67,7.58,21.66,26.48,Moderate
103.81,12.8,118.63,7.72,47.19,31.33,Moderate
23.19,47.64,126.97,4.86,79.21,28.12,Poor
11.79,37.29,77.59,8.34,59.37,30.69,Moderate
145.31,33.02,60.06,7.57,51.61,20.91,Healthy
115.15,30.39,86.04,7.92,29.26,35.55,Moderate
130.59,35.13,33.51,7.96,42.65,23.41,Healthy
11.45,23.43,79.34,7.82,45.16,22.46,Moderate
140.08,40.08,28.62,8.28,37.75,28.03,Moderate
126.18,32.34,81.66,7.97,27.93,39.15,Moderate
36.81,86.17,62.05,6.69,48.6,20.53,Healthy
34.22,72.58,124.69,5.05,62.61,23.83,Moderate
93.22,55.79,112.79,6.67,16.54,22.54,Healthy
65.71,59.34,29.58,5.85,14.43,23.71,Moderate
81.71,93.96,30.77,4.61,36.4,31.4,Moderate
95.07,37.83,10.45,8.18,45.12,35.97,Moderate
65.57,83.99,118.78,4.88,13.59,19.04,Moderate
125.2,30.6,62.39,6.81,55.63,26.51,Healthy
72.88,36.17,18.63,5.09,72.29,41.32,Poor
125.56,34.05,30.86,6.54,16.62,39.7,Moderate
117.52,97.49,129.11,6.14,32.0,37.52,Moderate
92.31,88.48,52.15,6.69,42.36,19.95,Healthy
85.75,12.92,59.37,6.63,20.17,35.35,Moderate
36.71,74.21,8.47,7.26,38.03,36.33,Moderate
88.68,41.1,101.25,6.05,34.93,26.49,Healthy
109.46,63.42,137.89,4.5,21.27,28.34,Moderate
103.75,13.52,47.66,8.45,32.94,25.26,Moderate
43.43,6.66,46.38,5.14,36.67,21.28,Moderate
66.54,30.6,137.76,5.67,23.2,35.57,Moderate
123.64,58.49,55.0,7.84,56.89,25.29,Healthy
64.83,5.23,13.38,5.04,27.31,40.0,Poor
125.03,8.87,7.16,6.84,36.35,36.65,Moderate
146.2,51.95,30.72,8.07,39.55,26.26,Moderate
108.55,40.14,39.05,7.47,23.01,16.06,Healthy
79.67,8.22,119.69,8.41,76.4,19.02,Poor
140.48,15.62,56.39,4.84,67.59,21.04,Moderate
103.09,77.46,60.21,7.66,32.79,19.0,Moderate
74.38,72.48,10.76,7.72,27.89,33.39,Moderate
25.97,42.0,72.43,6.37,29.13,29.29,Healthy
48.83,20.82,24.33,8.08,19.15,25.67,Moderate
45.27,63.52,55.13,5.65,77.83,41.91,Moderate
28.57,70.81,134.03,8.38,30.87,36.18,Poor
55.88,64.05,79.38,7.33,73.89,18.04,Moderate
41.2,60.65,56.8,6.73,64.8,33.89,Healthy
117.32,20.31,9.4,7.99,41.61,32.16,Moderate
20.21,72.23,19.74,7.65,14.25,17.25,Poor
58.06,25.14,147.75,6.31,42.82,16.25,Moderate
78.79,11.08,96.08,8.43,33.07,36.82,Moderate
145.17,96.96,113.16,7.98,34.6,30.76,Moderate
102.8,25.65,50.44,5.95,14.6,27.33,Healthy
119.67,66.73,95.64,6.92,11.58,15.09,Moderate
33.68,91.76,129.28,6.81,36.98,41.02,Poor
19.24,14.23,95.05,6.69,78.69,36.67,Poor
141.35,73.56,139.39,7.25,46.8,30.66,Moderate
136.17,14.94,86.98,6.07,56.41,31.3,Moderate
65.95,70.48,82.72,5.25,54.66,15.72,Moderate
125.22,91.12,16.3,5.53,18.88,35.84,Poor
19.95,56.41,61.29,7.5,54.74,29.69,Healthy
80.49,78.63,74.2,6.18,11.77,22.25,Healthy
61.78,59.98,102.61,8.35,29.37,29.7,Moderate
115.85,34.5,84.54,6.17,37.81,16.69,Healthy
13.39,33.06,137.28,5.27,14.41,31.75,Poor
144.2,10.43,113.09,4.93,19.47,40.27,Poor
108.17,58.13,28.87,6.74,14.36,25.65,Healthy
108.62,58.99,102.9,4.96,63.1,40.82,Moderate
137.05,13.35,19.3,6.55,46.68,38.14,Poor
61.64,53.88,34.54,8.29,18.46,39.41,Poor
134.7,9.8,117.44,5.85,25.73,25.87,Moderate
139.35,42.9,40.19,6.6,38.67,15.51,Moderate
36.08,6.64,80.72,7.07,60.28,20.61,Healthy
122.7,44.05,12.13,8.21,58.54,30.19,Moderate
15.63,6.33,86.9,8.02,55.32,15.15,Poor
99.32,38.12,22.69,7.75,50.35,34.55,Moderate
33.11,16.03,79.6,6.61,50.74,35.09,Moderate
102.9,69.24,30.37,6.17,52.0,29.0,Healthy
52.59,94.71,25.33,8.4,64.74,31.1,Moderate
27.85,58.57,17.75,8.23,29.99,25.79,Poor
99.15,6.78,83.58,7.36,24.51,19.16,Moderate
78.27,55.97,68.66,5.68,38.69,23.43,Healthy
44.95,49.85,62.37,6.24,10.02,33.7,Moderate
16.56,24.64,121.5,8.44,79.4,30.99,Poor
46.32,84.31,99.3,8.44,48.44,29.21,Moderate
16.13,23.47,101.7,8.48,43.29,15.79,Poor
65.93,17.0,144.16,5.07,18.25,27.36,Poor
85.87,73.14,58.36,8.09,51.9,16.28,Moderate
14.78,49.53,68.72,6.31,14.0,16.44,Poor
18.51,74.72,92.21,5.05,40.17,40.46,Poor
19.68,22.97,61.49,5.44,21.1,41.28,Moderate
117.3,74.27,140.18,5.25,72.28,41.53,Moderate
92.08,90.81,123.34,5.77,33.26,33.25,Moderate
87.3,41.57,11.82,4.59,16.86,25.91,Poor
13.84,19.08,145.37,6.3,75.33,20.13,Poor
60.19,68.76,148.53,7.3,73.15,16.33,Moderate
52.54,88.87,80.87,5.18,21.89,35.48,Moderate
32.11,52.28,31.29,5.33,37.81,18.19,Moderate
102.31,20.78,114.04,6.59,34.25,31.58,Moderate
67.07,12.84,49.82,6.6,17.3,34.77,Moderate
59.9,24.45,6.17,4.84,26.61,24.91,Moderate
31.46,56.77,33.19,8.32,49.54,36.51,Moderate
69.06,24.46,70.19,6.15,53.66,39.59,Healthy
43.21,14.17,108.72,4.5,65.62,34.65,Moderate
125.61,13.61,34.54,6.71,32.91,37.84,Moderate
74.17,45.8,31.79,6.75,34.22,27.16,Healthy
47.98,62.84,126.52,4.58,26.16,33.29,Moderate
108.93,32.96,46.5,7.49,49.09,25.5,Healthy
17.76,67.04,47.48,6.81,60.57,27.51,Healthy
45.46,25.34,107.21,8.07,78.6,36.69,Moderate
94.38,87.11,61.5,8.03,40.12,31.07,Moderate
33.79,52.23,54.52,5.97,51.87,38.81,Moderate
125.63,38.15,111.41,6.69,34.38,39.52,Moderate
32.58,81.49,35.77,8.07,60.49,27.55,Moderate
20.82,22.12,28.92,7.55,53.54,20.88,Moderate
61.47,34.39,99.61,5.82,63.8,33.76,Healthy
43.96,35.76,84.67,8.13,17.8,24.68,Moderate
93.88,35.83,46.99,6.23,23.48,31.29,Healthy
132.96,91.52,73.36,5.67,36.77,21.17,Moderate
93.8,17.8,51.14,5.18,24.37,33.13,Moderate
148.98,69.16,40.4,6.13,53.96,38.42,Moderate
110.0,18.81,92.57,5.29,36.2,41.05,Moderate
134.89,29.39,110.64,5.82,10.55,37.95,Moderate
125.15,32.95,116.95,4.63,47.78,41.5,Moderate
120.39,59.68,58.04,7.44,78.28,20.19,Healthy
16.93,40.84,79.95,5.48,53.16,23.26,Healthy
147.47,30.21,121.43,8.36,44.97,20.38,Moderate
134.65,43.22,83.9,4.7,34.37,30.01,Moderate
107.02,95.36,89.61,5.59,49.0,16.91,Moderate
30.73,38.42,8.23,4.8,10.51,19.91,Poor
125.58,38.38,135.86,8.04,70.44,20.72,Moderate
57.94,49.49,67.58,4.82,26.72,31.75,Moderate
104.72,39.64,48.06,6.84,56.44,34.2,Healthy
123.53,60.47,59.94,5.89,12.4,26.24,Moderate
131.63,64.63,90.99,5.4,51.73,19.87,Moderate
57.74,60.53,11.58,5.75,16.2,19.43,Moderate
59.3,70.82,43.78,4.58,37.93,20.97,Moderate
118.96,83.09,102.29,6.95,61.14,25.15,Healthy
101.16,44.87,67.33,7.65,65.38,25.81,Healthy
141.2,56.45,75.64,6.51,64.56,41.12,Moderate
106.61,37.42,79.94,5.73,55.76,41.98,Healthy
131.09,49.91,54.62,6.31,32.14,41.77,Moderate
38.27,81.93,65.08,7.11,74.6,30.99,Moderate
96.36,8.42,23.68,6.66,35.95,31.45,Healthy
63.79,21.62,120.53,7.88,77.76,20.42,Moderate
53.61,31.68,139.87,6.89,74.57,39.04,Moderate
44.34,45.64,64.98,6.45,79.84,19.69,Moderate
118.14,26.62,112.21,5.31,46.9,33.03,Moderate
70.46,96.79,107.3,5.13,36.05,23.48,Moderate
51.37,25.12,31.93,7.98,79.25,19.32,Moderate
120.78,26.62,80.64,5.29,28.98,26.09,Moderate
108.71,50.03,122.46,4.89,50.03,17.88,Moderate
26.49,34.35,20.22,7.6,45.52,32.4,Moderate
17.88,26.36,80.88,4.83,21.24,15.59,Poor
137.61,45.97,11.53,6.34,72.13,20.13,Moderate
43.3,98.31,128.82,6.69,23.02,20.93,Moderate
130.6,69.18,55.89,4.6,19.52,34.69,Moderate
100.82,39.08,90.83,7.52,55.07,21.47,Healthy
143.21,7.24,85.66,5.39,59.53,30.17,Moderate
37.4,53.06,80.36,6.18,12.95,20.58,Healthy
145.63,22.91,71.52,5.68,62.98,30.61,Moderate
110.16,65.51,78.04,8.34,59.22,33.6,Healthy
106.67,49.35,98.19,6.92,72.18,41.43,Healthy
77.63,62.08,47.09,7.88,59.75,39.95,Healthy
94.7,72.32,18.8,6.93,36.37,28.72,Healthy
55.72,32.29,124.0,6.73,27.72,35.7,Moderate
20.47,32.85,53.76,5.21,68.99,33.2,Moderate
103.84,61.31,59.85,7.14,61.54,29.54,Healthy
75.9,26.23,17.18,4.67,60.0,24.41,Moderate
109.18,53.25,69.8,7.02,22.83,41.45,Healthy
56.23,78.07,40.94,6.37,44.95,23.28,Healthy
58.81,46.35,126.25,6.5,16.2,20.85,Moderate
148.04,13.54,98.92,5.34,40.24,24.64,Moderate
146.8,57.37,41.24,6.91,15.0,40.02,Poor
58.19,88.92,122.33,5.25,77.36,41.78,Poor
122.74,47.89,102.52,4.82,74.48,20.99,Moderate
110.34,81.15,145.59,7.8,67.26,34.05,Moderate
90.73,8.98,146.04,6.3,65.78,25.19,Moderate
73.85,48.92,148.55,5.35,45.12,19.18,Moderate
79.18,56.87,24.81,7.29,67.96,37.03,Moderate
112.09,18.38,95.11,7.29,63.15,34.15,Healthy
98.03,74.14,128.59,6.78,20.17,37.03,Moderate
102.54,70.23,47.66,5.1,64.65,16.33,Moderate
66.33,53.34,7.53,6.89,18.37,21.52,Moderate
149.1,58.23,145.4,6.47,66.24,16.03,Poor
50.78,31.91,15.12,8.31,45.33,31.01,Moderate
82.86,28.61,139.02,7.18,18.65,27.47,Moderate
10.21,69.1,80.92,8.12,76.31,17.65,Poor
22.53,90.41,79.25,6.38,49.96,27.59,Moderate
96.0,95.16,92.87,5.78,24.94,41.09,Moderate
91.12,58.83,9.83,8.17,42.87,41.99,Poor
33.5,35.99,35.46,6.02,78.36,26.2,Moderate
125.79,76.75,48.2,6.82,69.62,31.51,Moderate
47.09,87.0,85.64,8.42,55.89,27.12,Moderate
71.03,88.61,147.19,6.14,21.41,16.07,Poor
55.13,37.49,66.75,5.08,44.49,40.47,Moderate
42.55,70.05,10.51,7.08,75.63,22.62,Moderate
124.27,12.83,56.94,4.53,34.86,23.37,Moderate
106.99,32.98,124.35,5.67,25.63,28.35,Moderate
101.9,89.43,122.96,6.6,78.48,23.01,Moderate
149.92,41.59,43.05,6.03,51.01,27.8,Healthy
17.03,38.82,76.31,7.15,76.71,40.81,Poor
81.96,59.06,106.21,7.84,62.17,34.45,Moderate
72.62,87.55,101.07,5.14,51.89,23.39,Moderate
38.43,66.64,98.13,8.32,78.34,26.04,Moderate
34.99,18.34,146.27,6.08,33.99,31.77,Moderate
18.02,66.44,131.98,7.4,39.22,18.14,Moderate
43.77,30.22,60.81,5.03,50.3,24.89,Healthy
79.49,32.09,70.81,7.35,16.18,28.77,Healthy
96.57,68.43,138.8,7.62,61.73,38.44,Moderate
138.02,84.74,94.03,7.87,32.85,40.7,Moderate
34.28,26.78,27.99,7.61,40.41,34.93,Moderate
81.41,43.31,134.97,6.23,53.29,38.18,Moderate
39.76,43.26,26.01,6.67,65.27,16.49,Moderate
18.45,75.41,107.89,6.11,35.25,22.61,Moderate
18.65,53.79,94.33,7.96,47.93,19.1,Moderate
53.14,79.58,94.64,7.58,38.94,16.82,Moderate
134.9,38.18,17.09,6.85,62.08,27.91,Healthy
95.94,44.64,122.98,7.63,60.4,15.54,Moderate
82.29,79.61,40.51,5.54,73.3,37.73,Moderate
148.34,52.26,23.01,4.53,59.43,37.05,Moderate
69.96,45.45,126.84,5.24,14.44,41.07,Poor
85.94,78.38,143.44,7.74,42.73,32.5,Moderate
98.51,92.93,25.46,7.28,70.4,24.7,Moderate
109.16,28.74,17.76,4.6,47.1,16.4,Poor
92.94,40.67,6.0,5.41,61.69,25.23,Healthy
111.58,82.42,120.56,7.18,62.26,30.38,Healthy
75.07,10.86,146.39,7.86,57.03,32.39,Moderate
90.75,13.97,51.31,5.86,65.56,31.33,Moderate
65.74,36.17,128.81,7.64,66.92,25.68,Moderate
77.09,59.46,32.81,5.95,44.38,33.1,Healthy
72.93,19.69,66.64,6.63,55.55,38.05,Healthy
42.55,58.17,65.52,7.25,71.2,27.88,Healthy
128.18,5.19,137.27,7.65,19.37,33.23,Poor
81.99,97.22,49.13,6.94,46.6,20.97,Healthy
123.91,75.59,83.9,8.28,74.87,37.09,Moderate
31.33,89.94,49.34,6.78,78.23,21.24,Poor
37.97,85.93,6.89,5.2,32.91,34.93,Poor
77.27,42.37,138.22,7.52,54.3,24.18,Healthy
130.24,29.04,142.16,5.54,67.41,39.68,Moderate
41.71,26.8,16.4,5.87,45.02,17.32,Moderate
30.49,45.1,31.12,7.59,32.57,16.25,Moderate
31.63,34.19,26.14,5.36,24.46,26.3,Moderate
83.37,64.14,136.86,7.25,23.9,27.13,Healthy
112.13,57.74,29.56,7.65,23.77,24.3,Moderate
112.71,97.09,134.1,8.38,37.77,26.77,Poor
32.8,49.9,118.16,4.78,32.33,39.99,Poor
35.56,33.23,140.58,5.88,68.16,22.75,Moderate
45.98,22.77,14.09,6.16,59.94,28.64,Moderate
67.03,24.42,104.11,5.51,12.25,41.04,Moderate
141.95,25.37,39.6,6.82,39.92,38.97,Moderate
69.77,17.9,84.27,4.95,41.3,30.59,Healthy
142.35,32.87,99.17,4.5,71.0,23.56,Moderate
43.72,14.74,118.86,4.73,53.25,23.52,Moderate
109.56,96.75,44.86,6.98,35.94,28.75,Healthy
21.66,24.41,120.16,5.88,10.07,23.66,Moderate
103.76,97.3,128.85,7.53,75.05,32.8,Poor
82.68,56.26,141.91,4.51,46.1,35.77,Moderate
15.34,83.2,127.38,6.59,68.01,18.85,Moderate
142.03,9.64,10.4,6.6,61.47,33.9,Poor
87.03,79.44,93.12,7.9,18.11,41.5,Moderate
133.3,90.05,57.72,8.29,19.91,17.1,Poor
65.82,93.64,145.34,6.47,62.63,29.53,Moderate
25.88,67.05,26.3,7.12,26.83,22.11,Moderate
104.49,49.17,125.38,7.22,30.65,35.98,Moderate
19.05,74.81,60.88,5.71,46.59,39.49,Moderate
45.94,99.94,90.39,5.51,58.38,34.86,Moderate
84.41,17.41,123.19,7.74,63.57,35.4,Moderate
63.39,51.81,100.91,5.16,52.3,17.98,Moderate
128.7,16.38,117.0,5.39,74.99,32.76,Moderate
70.36,9.15,93.04,6.01,65.88,36.4,Moderate
106.18,30.44,30.08,6.49,41.66,33.17,Healthy
84.59,52.02,74.72,6.52,71.05,19.61,Healthy
12.63,26.08,49.99,6.95,68.98,34.25,Moderate
149.76,5.07,32.57,4.85,56.45,26.53,Poor
53.58,34.7,134.48,4.8,31.94,28.5,Moderate
67.62,70.31,93.09,7.7,69.09,25.8,Moderate
131.25,65.06,129.75,6.36,11.79,32.77,Moderate
145.24,93.38,27.05,6.46,71.1,26.25,Moderate
82.54,99.77,74.98,5.26,12.71,27.46,Moderate
82.04,92.39,119.84,4.75,67.18,16.88,Poor
11.97,56.96,81.82,5.77,42.24,39.85,Moderate
104.69,37.53,140.42,5.15,22.26,21.29,Moderate
42.55,11.74,49.9,6.69,25.59,17.88,Moderate
101.07,44.9,99.73,5.49,62.93,41.26,Healthy
46.57,65.74,115.93,6.67,30.38,20.79,Moderate
100.52,50.59,126.41,4.86,12.29,25.01,Poor
76.41,65.76,21.54,6.85,66.91,39.56,Moderate
135.97,54.25,135.39,6.65,15.14,41.29,Poor
10.36,32.15,11.73,6.67,49.72,32.22,Moderate
29.65,6.66,43.52,4.71,12.47,22.13,Poor
149.84,81.32,57.45,6.0,75.09,32.87,Moderate
127.18,87.12,29.55,4.56,28.78,31.05,Moderate
137.2,34.32,128.27,7.15,55.82,34.34,Moderate
81.61,68.99,120.03,6.86,12.75,28.79,Healthy
93.58,88.16,5.76,4.69,35.76,36.68,Poor
77.81,34.0,105.52,6.52,50.16,26.56,Healthy
111.51,6.48,5.24,7.23,11.87,24.1,Poor
61.29,63.31,117.0,7.79,29.61,19.38,Moderate
147.31,9.16,123.0,4.58,43.96,32.32,Poor
76.88,58.65,8.68,5.12,48.73,37.35,Moderate
86.78,52.45,148.29,6.06,36.98,17.0,Moderate
119.65,11.43,24.74,4.73,23.47,26.85,Moderate
15.88,44.09,74.75,4.94,13.86,23.49,Poor
101.07,62.68,23.36,4.87,23.08,38.61,Moderate
140.43,54.55,135.83,5.03,56.01,32.52,Poor
72.91,75.09,73.87,7.93,19.51,15.47,Moderate
62.94,17.22,30.97,4.69,40.14,34.91,Moderate
87.93,38.89,6.7,6.54,32.94,21.45,Healthy
73.22,21.16,51.63,8.2,52.76,41.72,Moderate
97.9,14.21,101.54,7.96,73.89,29.97,Moderate
26.82,66.09,25.73,4.72,24.82,17.62,Moderate
72.36,94.67,100.76,7.28,66.25,21.46,Moderate
90.14,72.73,49.09,6.05,59.09,36.83,Healthy
60.63,64.44,101.32,8.22,65.12,20.25,Moderate
97.59,95.98,59.85,7.56,47.74,26.82,Healthy
89.84,45.39,51.11,7.54,47.29,40.24,Healthy
11.22,78.09,27.81,7.54,70.92,36.17,Moderate
93.14,16.66,144.26,5.81,11.98,15.05,Poor
113.41,84.14,121.44,6.74,54.23,39.48,Moderate
102.91,38.36,142.81,8.36,53.95,30.28,Moderate
141.16,78.92,22.21,8.33,60.71,34.95,Moderate
66.13,5.8,44.4,5.82,41.91,33.94,Moderate
73.09,40.35,40.98,7.57,65.13,24.81,Healthy
40.46,25.9,101.11,7.59,64.95,38.51,Moderate
115.63,51.16,43.77,6.0,29.86,17.69,Moderate
30.15,6.21,33.53,7.84,47.6,25.51,Moderate
43.23,61.04,146.14,5.89,69.33,40.36,Moderate
120.17,61.19,48.79,4.63,61.56,40.81,Moderate
106.49,8.44,25.22,6.07,79.25,17.29,Moderate
54.5,57.43,21.23,4.97,14.81,28.58,Moderate
50.11,8.75,77.76,7.42,56.82,33.48,Moderate
87.09,79.22,14.05,5.26,59.23,24.07,Moderate
43.44,7.57,130.93,7.85,14.23,23.22,Poor
40.04,24.64,42.42,5.69,59.46,41.19,Moderate
16.36,35.67,101.78,5.72,23.38,19.53,Moderate
93.71,19.35,19.0,7.5,34.06,39.15,Moderate
79.5,17.52,32.95,8.03,18.79,23.52,Moderate
52.48,98.83,146.29,7.27,26.49,19.84,Moderate
18.41,10.82,141.42,6.91,23.88,36.1,Poor
20.7,54.63,33.39,6.29,26.03,18.69,Moderate
139.76,92.39,76.53,7.64,24.12,25.72,Moderate
41.58,12.96,66.46,7.48,62.14,26.97,Healthy
72.48,62.28,140.3,5.1,38.34,39.45,Poor
86.82,80.33,72.08,8.18,72.32,27.04,Moderate
10.7,58.79,34.57,5.46,40.08,27.15,Healthy
130.49,7.97,47.79,7.03,53.54,23.58,Healthy
34.91,31.32,134.39,5.55,44.42,40.44,Poor
26.58,87.72,112.79,6.44,76.43,17.01,Poor
129.64,23.78,56.36,4.99,44.67,19.57,Moderate
45.71,10.66,49.24,5.16,57.97,32.23,Moderate
103.16,69.22,19.96,5.36,61.62,28.02,Healthy
98.21,10.38,61.02,6.25,58.46,39.63,Moderate
90.43,77.31,98.31,8.14,66.75,21.68,Moderate
41.12,91.63,91.63,6.3,59.01,22.61,Healthy
123.2,55.14,131.29,7.07,28.22,41.07,Moderate
66.34,77.76,42.05,6.17,61.68,33.8,Healthy
141.46,80.79,52.01,7.95,74.47,40.76,Moderate
136.06,71.06,120.39,7.09,32.38,37.03,Moderate
41.86,45.97,54.81,5.19,65.92,27.74,Moderate
83.78,52.69,104.96,5.2,45.06,22.03,Healthy
146.03,10.72,139.62,4.74,17.65,39.47,Poor
100.7,35.82,90.31,5.16,14.54,16.33,Poor
47.8,22.04,63.48,8.01,36.5,25.76,Moderate
26.91,98.93,26.06,5.85,76.2,27.28,Poor
57.33,72.94,9.79,5.78,50.62,41.76,Moderate
145.46,64.49,54.32,6.7,75.37,33.01,Moderate
30.89,97.3,135.82,5.37,55.98,38.71,Poor
40.87,92.75,31.11,5.93,76.02,40.56,Poor
13.26,87.31,105.59,7.99,42.33,41.5,Poor
114.75,77.14,66.91,6.07,24.39,16.57,Moderate
136.2,61.12,85.93,5.85,61.78,25.99,Healthy
123.31,12.58,40.88,5.63,11.63,32.91,Moderate
108.23,44.27,120.34,8.31,61.57,33.18,Moderate
72.95,57.58,46.78,5.48,11.83,27.98,Healthy
41.51,49.4,122.79,5.97,32.53,27.06,Moderate
79.37,30.9,91.99,4.62,44.03,32.52,Healthy
75.28,97.93,27.48,6.31,30.43,39.39,Moderate
35.14,54.54,66.53,8.17,49.03,27.57,Healthy
92.12,72.58,9.64,5.49,26.5,26.22,Moderate
90.69,92.01,87.04,5.23,46.81,26.57,Healthy
100.4,65.5,100.72,8.49,11.93,35.58,Moderate
129.68,28.29,114.82,4.92,47.98,23.7,Moderate
41.92,66.48,63.38,5.16,52.46,28.68,Healthy
15.91,82.97,148.08,5.87,79.11,41.89,Poor
75.01,92.46,118.43,7.84,18.58,36.07,Moderate
43.12,76.01,39.21,7.64,72.56,28.55,Moderate
70.65,18.84,39.22,8.47,61.16,35.77,Moderate
123.96,60.45,68.96,5.89,11.91,36.86,Moderate
131.08,37.58,79.68,6.81,56.02,32.55,Healthy
37.54,70.23,114.12,4.57,53.25,26.25,Moderate
133.92,94.65,89.64,6.1,75.66,22.28,Moderate
78.96,38.55,27.28,8.08,27.53,36.47,Moderate
115.45,68.35,20.8,6.1,74.88,24.88,Healthy
12.84,73.93,104.7,6.82,35.4,23.72,Moderate
42.14,61.22,149.44,7.63,55.84,30.38,Moderate
108.75,52.68,127.88,6.83,27.32,30.21,Healthy
44.36,55.89,121.67,7.41,28.92,34.69,Moderate
27.33,66.31,50.66,6.97,70.37,18.61,Moderate
107.51,69.92,114.75,8.38,43.81,18.68,Moderate
107.43,56.8,122.73,7.67,61.32,25.72,Healthy
76.6,92.02,68.22,6.85,57.85,18.12,Healthy
117.72,6.42,147.4,6.77,21.76,36.17,Moderate
128.23,24.45,10.98,6.6,54.84,19.54,Moderate
88.62,55.01,130.22,7.76,19.24,34.09,Moderate
80.4,49.29,28.54,7.49,70.79,20.55,Healthy
14.12,62.87,147.29,7.22,27.69,38.56,Poor
85.33,53.43,13.31,4.74,50.55,36.78,Moderate
115.44,94.37,77.9,6.98,53.9,25.27,Healthy
10.4,84.7,14.73,8.34,69.07,17.8,Poor
27.08,75.03,83.83,7.1,30.3,38.86,Moderate
86.02,58.72,148.63,7.59,58.22,38.4,Moderate
148.73,82.19,121.93,5.27,71.13,38.79,Moderate
93.59,66.81,95.45,6.68,22.84,32.76,Healthy
63.12,55.97,135.66,4.94,76.88,30.34,Poor
142.98,24.06,12.87,6.98,46.88,34.84,Moderate
94.2,53.86,135.87,5.79,29.01,36.71,Moderate
59.23,58.49,94.04,5.68,34.9,16.1,Moderate
49.14,35.98,7.44,7.79,71.97,19.79,Moderate
94.76,46.99,23.53,4.6,56.45,17.15,Moderate
134.74,80.02,110.02,7.87,17.46,31.93,Moderate
38.9,54.38,56.99,4.99,61.42,23.15,Healthy
27.21,88.54,24.52,5.32,11.66,29.0,Poor
125.54,85.87,112.85,6.39,72.26,35.71,Moderate
134.49,27.75,92.19,4.59,46.5,38.68,Moderate
113.39,78.74,50.98,6.09,79.04,22.22,Healthy
22.07,41.96,116.25,6.59,13.06,32.95,Moderate
112.98,62.26,29.84,5.26,38.51,24.67,Healthy
24.26,86.64,139.07,5.08,49.36,26.6,Poor
67.26,60.13,70.96,6.31,20.05,34.19,Healthy
91.19,10.32,59.44,5.37,37.3,18.21,Moderate
95.48,60.24,90.95,5.96,60.54,37.75,Healthy
68.29,46.14,135.27,6.92,45.68,34.9,Healthy
53.42,8.11,106.78,7.08,40.0,16.24,Moderate
141.61,74.42,60.9,5.3,48.87,15.57,Moderate
74.01,98.9,112.18,8.44,37.72,17.35,Moderate
145.12,87.2,86.57,5.42,61.71,15.52,Poor
138.02,71.23,30.49,5.16,14.06,35.8,Poor
27.9,54.41,56.94,6.7,58.64,20.67,Healthy
38.07,37.07,140.6,6.28,27.99,29.03,Moderate
35.25,77.69,51.29,8.43,54.09,31.51,Moderate
50.67,21.95,16.28,7.92,78.57,20.81,Moderate
149.08,63.51,119.07,8.45,78.27,30.34,Poor
83.79,69.2,36.87,6.06,67.93,17.96,Healthy
74.27,34.99,89.46,5.26,74.96,36.38,Moderate
21.38,35.96,11.26,4.99,39.65,23.9,Poor
82.89,32.64,53.17,8.33,71.24,15.36,Moderate
94.32,18.51,119.47,7.84,56.23,33.18,Moderate
129.2,14.67,107.61,4.98,12.96,32.24,Poor
48.09,9.36,14.15,8.42,25.62,26.01,Poor
47.31,93.86,15.7,6.67,43.45,33.69,Moderate
135.76,5.04,7.4,6.01,38.11,39.04,Poor
49.04,85.59,17.94,4.81,62.16,35.59,Poor
23.23,99.34,16.67,8.04,23.57,15.59,Poor
129.67,22.51,81.77,7.81,20.83,35.01,Moderate
84.42,29.31,11.03,5.55,39.73,24.93,Healthy
110.37,43.93,60.15,7.75,42.47,41.61,Healthy
90.42,94.03,132.92,6.16,52.89,18.8,Moderate
83.78,45.28,75.14,5.24,70.64,17.16,Moderate
119.37,94.69,20.42,6.23,50.95,41.77,Moderate
131.15,44.35,145.35,5.83,33.8,28.67,Moderate
119.14,23.26,112.66,4.51,28.37,41.31,Moderate
101.91,48.94,111.11,6.24,17.47,28.43,Healthy
143.76,30.9,12.67,7.47,41.81,24.04,Moderate
78.26,93.35,41.29,5.3,47.37,27.51,Healthy
30.97,60.16,88.3,6.92,38.95,22.83,Healthy
55.97,84.26,95.64,6.09,52.93,24.44,Healthy
130.77,74.13,19.64,4.72,12.34,15.74,Poor
79.57,22.18,102.81,6.43,16.54,15.16,Moderate
15.14,55.67,90.06,5.91,15.52,40.24,Poor
66.8,45.78,60.31,4.74,59.73,32.95,Healthy
33.03,30.52,84.3,6.01,79.86,28.4,Moderate
133.51,24.44,85.65,5.79,75.42,29.88,Moderate
101.55,12.22,75.71,6.82,30.33,34.87,Moderate
75.32,58.32,57.33,7.21,17.22,28.67,Healthy
135.39,27.34,130.92,8.04,26.13,17.18,Poor
117.02,96.07,42.08,8.15,24.57,24.7,Moderate
134.03,33.89,114.58,5.09,36.51,40.4,Moderate
41.68,71.66,138.34,7.64,76.36,40.48,Poor
25.91,62.16,66.9,7.23,61.98,21.62,Healthy
121.98,43.87,100.23,6.21,34.23,33.74,Moderate
85.87,86.03,118.97,7.97,63.6,39.75,Moderate
31.93,65.85,16.95,6.5,70.29,34.59,Moderate
91.61,70.93,30.13,8.22,24.87,19.51,Moderate
29.6,93.94,71.82,6.63,36.53,15.74,Poor
19.33,6.5,83.15,5.27,38.15,27.43,Moderate
84.56,89.82,11.27,6.48,19.23,40.02,Poor
138.44,18.29,22.02,4.94,16.87,19.27,Poor
31.8,20.53,26.54,6.01,27.77,26.26,Moderate
135.12,38.44,46.54,8.16,32.51,18.29,Moderate
96.66,31.77,80.39,7.57,49.59,36.84,Healthy
58.26,21.02,62.23,6.15,60.12,33.54,Moderate
53.31,93.29,44.96,8.49,12.29,33.19,Poor
96.83,60.57,117.98,6.86,52.69,38.69,Healthy
36.14,55.46,108.25,5.73,25.36,18.48,Moderate
46.78,68.28,94.17,5.19,44.38,20.77,Healthy
141.04,73.79,30.13,5.66,69.72,30.04,Moderate
59.83,61.85,61.47,8.15,71.15,19.33,Moderate
104.84,84.57,35.63,7.99,39.37,23.31,Healthy
147.77,70.36,47.12,6.62,55.04,34.22,Moderate
39.31,63.58,127.85,7.71,30.6,41.2,Moderate
11.76,79.01,50.98,8.26,70.27,38.79,Poor
45.26,80.66,53.23,6.29,73.3,34.45,Moderate
99.68,17.25,83.05,4.99,15.25,40.56,Poor
92.94,5.58,73.01,5.65,20.77,37.12,Moderate
31.51,20.8,38.73,7.35,23.35,23.68,Moderate
136.33,58.69,30.09,7.94,45.85,37.52,Moderate
21.02,20.37,18.31,6.42,37.12,26.23,Moderate
61.32,45.29,60.28,5.14,49.84,38.47,Moderate
149.17,16.14,64.63,5.46,49.68,24.73,Moderate
132.89,93.84,52.14,5.93,47.45,32.16,Moderate
115.34,14.51,12.41,7.21,43.51,33.16,Moderate
52.22,21.36,21.13,7.65,38.21,17.24,Moderate
44.55,86.84,74.82,7.91,76.17,16.81,Poor
142.05,40.25,106.25,6.11,53.02,33.08,Moderate
28.62,45.96,34.96,4.98,51.44,33.37,Moderate
46.06,5.7,145.76,6.4,55.63,17.03,Moderate
96.83,77.45,11.87,6.59,19.94,18.97,Moderate
96.07,63.83,85.3,6.54,42.9,27.99,Healthy
56.82,29.45,43.52,8.13,28.67,25.11,Moderate
80.57,75.56,117.68,7.39,31.21,19.4,Moderate
124.38,88.08,137.37,7.93,35.3,19.14,Moderate
103.86,66.69,40.95,6.98,79.88,19.55,Healthy
63.0,42.15,35.96,7.65,59.51,20.86,Healthy
130.09,45.45,84.88,7.24,71.19,21.12,Healthy
92.93,68.8,133.53,7.59,74.01,17.03,Moderate
69.56,34.1,77.09,7.74,44.48,15.95,Healthy
103.91,5.98,19.17,7.41,68.17,23.59,Moderate
89.66,56.98,13.06,6.68,10.77,37.14,Moderate
114.74,31.95,43.04,5.26,76.69,37.84,Moderate
127.28,49.29,122.67,6.87,30.96,26.62,Moderate
67.27,38.42,40.13,6.09,51.95,20.3,Healthy
29.86,70.57,81.32,5.91,73.55,27.46,Moderate
56.44,25.54,51.86,5.59,70.68,39.08,Moderate
67.76,29.79,23.9,7.36,71.54,26.1,Healthy
132.49,28.51,93.26,4.82,49.42,32.24,Moderate
100.21,78.98,18.74,5.61,58.51,30.99,Moderate
142.92,79.5,73.29,6.63,56.18,15.28,Moderate
60.99,16.58,39.72,7.82,48.39,38.23,Moderate
134.43,81.57,115.5,5.16,28.85,34.01,Moderate
52.15,40.64,140.77,7.32,17.46,34.47,Moderate
121.13,91.76,104.34,4.88,63.57,32.72,Moderate
73.86,77.25,81.14,8.23,75.21,21.09,Moderate
71.68,23.86,52.95,5.39,45.83,15.02,Moderate
120.8,20.1,44.75,5.2,34.78,17.08,Moderate
130.25,44.42,139.01,4.69,22.08,37.57,Moderate
74.93,10.65,11.77,8.08,28.32,26.09,Poor
135.58,68.43,116.71,6.39,58.67,30.78,Healthy
33.84,59.41,139.21,5.88,44.57,26.23,Moderate
106.41,64.57,74.17,4.69,28.52,23.49,Healthy
112.55,42.65,59.85,6.28,40.24,34.38,Healthy
103.84,77.47,35.07,7.47,30.73,15.0,Moderate
99.54,6.12,19.21,4.66,52.45,20.61,Poor
123.28,38.85,53.6,6.56,64.25,33.8,Healthy
38.92,77.53,78.49,8.45,46.18,22.73,Moderate
116.56,7.78,110.07,6.67,22.3,15.65,Moderate
16.52,12.77,75.72,7.33,19.37,19.29,Poor
123.96,26.65,125.05,4.88,68.58,34.78,Moderate
30.67,37.1,53.3,5.04,36.4,33.3,Moderate
112.28,24.28,109.66,5.57,12.98,20.26,Moderate
57.91,8.41,18.82,5.92,74.72,32.17,Moderate
140.81,8.54,130.87,5.04,26.59,17.71,Poor
67.57,24.23,112.21,7.52,30.33,36.59,Moderate
32.91,8.82,28.93,5.48,13.52,17.96,Poor
52.38,85.98,129.04,8.47,16.86,15.05,Poor
89.19,62.31,39.25,7.69,76.92,23.96,Healthy
142.42,14.91,73.97,5.29,50.91,16.92,Poor
80.61,21.45,65.53,7.25,33.36,29.59,Healthy
146.01,88.16,149.56,5.21,44.59,36.17,Poor
140.06,27.88,148.22,6.27,64.05,29.0,Moderate
51.66,15.35,28.47,7.09,48.77,26.68,Moderate
97.65,53.2,25.49,5.55,40.23,25.74,Healthy
136.35,94.48,82.44,5.56,65.92,19.91,Moderate
78.9,99.45,131.84,8.22,16.85,27.48,Poor
117.67,19.82,116.5,5.87,72.1,26.28,Moderate
45.04,92.1,108.35,6.35,77.27,31.26,Moderate
92.19,39.32,126.03,6.84,53.52,40.28,Moderate
47.79,80.14,122.56,4.75,60.56,37.42,Moderate
85.09,15.56,16.44,4.59,35.63,31.77,Moderate
89.82,53.43,65.5,7.22,71.83,37.32,Healthy
110.11,32.77,141.37,7.94,76.34,31.71,Moderate
56.62,47.95,52.47,5.9,39.79,40.25,Moderate
79.65,43.42,97.71,5.65,10.62,34.71,Moderate
56.54,27.56,82.58,5.14,29.46,28.83,Moderate
146.41,28.17,72.72,6.61,59.9,29.09,Healthy
112.68,87.1,46.0,7.84,28.39,36.85,Moderate
99.13,59.01,72.27,6.68,26.42,28.45,Healthy
95.19,41.25,60.37,5.89,67.25,25.38,Healthy
91.25,97.36,9.36,5.38,74.77,34.35,Moderate
62.7,13.53,79.52,7.64,39.6,37.79,Moderate
50.67,52.04,18.08,6.6,70.27,19.11,Moderate
95.34,34.85,56.25,4.53,47.31,41.6,Moderate
30.56,27.25,37.81,6.75,23.29,40.69,Moderate
107.49,64.4,5.58,6.38,66.66,28.69,Healthy
113.36,69.8,139.77,5.97,67.78,22.03,Moderate
88.05,63.7,69.19,4.91,40.39,20.32,Healthy
78.22,6.96,75.1,6.01,10.95,31.81,Moderate
53.82,60.33,133.46,7.96,45.25,27.72,Moderate
84.66,42.08,47.79,5.13,74.06,16.66,Moderate
58.32,20.81,13.78,5.19,41.92,30.09,Moderate
135.21,69.96,121.28,6.71,24.09,37.95,Moderate
76.43,78.27,5.92,6.28,33.72,23.02,Moderate
104.48,83.33,130.27,7.7,66.82,37.55,Moderate
107.1,77.19,37.07,8.33,45.22,22.09,Healthy
73.64,83.21,105.41,5.11,40.71,35.39,Moderate
107.16,23.01,112.72,7.2,27.11,23.3,Moderate
68.72,69.0,142.96,8.48,58.25,26.14,Moderate
19.58,61.33,74.85,7.18,77.51,19.5,Moderate
61.89,59.73,55.85,5.2,51.9,16.06,Healthy
62.79,97.41,74.34,4.91,68.4,19.83,Moderate
45.12,96.43,117.39,5.79,55.31,28.17,Moderate
134.95,58.23,100.82,5.1,27.49,15.72,Moderate
92.35,58.44,49.63,5.43,41.71,17.8,Healthy
129.41,84.03,91.44,8.11,52.94,28.25,Moderate
94.0,13.12,36.54,6.73,17.86,36.86,Moderate
33.83,44.75,75.26,5.13,26.95,28.08,Moderate
24.95,22.78,8.36,6.53,67.56,36.89,Moderate
59.69,70.31,148.54,6.19,73.97,36.02,Moderate
34.76,47.2,139.97,5.17,14.03,22.22,Poor
10.68,17.07,66.81,7.56,24.96,37.94,Moderate
148.31,49.1,148.86,6.81,14.22,17.99,Poor
81.81,92.57,19.28,6.79,66.77,41.54,Poor
137.12,15.07,16.14,5.32,29.59,38.38,Poor
100.33,94.51,65.73,6.14,29.57,26.81,Healthy
120.73,71.19,119.51,7.82,10.3,21.41,Moderate
101.6,47.39,22.03,4.76,76.03,37.91,Moderate
54.67,65.73,26.28,5.04,33.35,22.59,Moderate
147.11,7.31,84.36,7.92,11.81,29.95,Poor
63.2,25.51,39.13,7.76,42.51,16.24,Healthy
67.24,82.59,104.93,8.32,64.12,19.62,Moderate
19.36,48.94,69.5,6.69,57.02,21.87,Healthy
148.36,52.0,108.67,6.13,57.91,41.55,Moderate
31.5,46.41,106.07,7.93,54.6,21.24,Moderate
100.32,64.16,11.33,6.93,47.28,22.82,Healthy
43.45,77.95,14.41,5.64,59.07,20.65,Moderate
26.46,98.38,87.02,5.58,20.78,15.19,Poor
114.97,38.96,33.21,8.11,58.74,36.88,Healthy
101.8,92.09,54.95,5.13,10.47,15.91,Poor
129.54,63.41,11.61,4.93,58.76,25.39,Moderate
118.42,93.97,114.62,5.23,55.48,31.07,Moderate
128.71,24.03,109.24,6.9,43.43,22.86,Moderate
13.64,81.53,20.58,6.01,44.73,23.9,Moderate
102.74,36.21,79.87,4.88,40.41,30.74,Healthy
130.66,22.25,54.1,5.54,20.69,25.41,Moderate
137.17,40.43,44.46,8.33,60.08,24.98,Moderate
114.9,65.66,128.95,4.94,47.79,33.96,Moderate
149.67,62.17,25.4,8.39,42.11,28.18,Moderate
45.44,82.29,81.75,8.4,46.33,19.88,Moderate
117.84,19.03,46.09,8.26,78.35,35.97,Moderate
38.97,75.48,91.14,6.29,41.23,27.23,Healthy
55.13,56.11,10.3,7.89,72.79,25.55,Moderate
142.8,78.73,127.94,8.07,33.82,36.94,Poor
30.32,97.82,91.32,7.28,31.45,15.86,Poor
32.83,18.5,69.15,5.67,76.11,37.72,Moderate
85.58,85.98,89.84,8.18,62.16,34.85,Moderate
48.49,80.47,116.99,4.82,14.05,38.79,Poor
147.04,62.44,29.77,6.18,11.47,37.19,Moderate
24.44,36.84,86.59,7.29,73.5,26.39,Healthy
36.74,15.35,100.49,5.02,56.08,27.32,Moderate
68.31,29.79,135.76,7.36,46.73,26.44,Healthy
60.46,42.92,128.78,6.19,10.31,39.93,Poor
93.0,20.74,23.36,6.01,52.86,40.36,Moderate
17.62,38.51,42.29,6.18,65.45,19.28,Moderate
140.9,29.36,114.14,7.06,48.34,37.78,Moderate
95.0,79.33,90.43,7.38,13.32,32.42,Moderate
134.46,66.78,123.63,8.46,20.94,33.61,Moderate
135.61,7.73,30.18,5.5,71.62,41.39,Poor
137.89,50.03,101.81,4.92,78.54,40.49,Poor
93.48,18.6,142.38,8.08,79.35,28.71,Poor
58.74,40.83,77.08,8.15,19.01,32.51,Moderate
138.12,31.01,81.16,7.68,46.03,29.24,Healthy
117.33,20.65,108.66,8.16,17.13,16.63,Poor
22.25,74.86,61.73,6.36,60.99,29.12,Healthy
94.02,85.81,70.43,8.0,46.62,25.85,Healthy
46.55,74.38,95.18,7.73,48.27,38.4,Moderate
50.24,74.4,62.03,4.96,46.98,21.25,Moderate
18.64,39.51,146.74,8.08,78.59,15.77,Poor
31.4,27.33,111.83,8.41,38.45,30.76,Moderate
22.38,64.78,135.5,7.14,55.73,28.16,Moderate
73.0,40.13,123.93,7.08,30.97,28.98,Healthy
26.2,9.35,24.76,7.97,28.01,41.0,Poor
57.36,43.92,122.75,5.4,73.66,32.64,Moderate
18.7,95.88,46.68,5.43,72.88,23.79,Moderate
111.17,8.24,138.55,6.14,22.5,41.49,Poor
113.85,80.38,77.62,7.25,30.36,28.99,Healthy
63.29,45.39,5.62,7.74,25.26,27.79,Moderate
102.25,8.27,54.65,5.56,19.3,36.96,Moderate
85.83,48.35,24.21,6.56,28.72,18.42,Moderate
83.76,69.77,13.23,4.72,61.7,20.58,Moderate
31.51,96.4,31.1,7.24,67.05,23.88,Moderate
74.83,57.65,34.08,5.68,77.42,22.39,Healthy
123.72,55.84,98.63,6.33,51.18,29.58,Healthy
77.47,81.27,132.63,5.52,19.51,36.9,Moderate
39.67,87.29,19.88,4.86,22.72,15.32,Poor
114.67,42.73,142.07,5.96,59.21,33.44,Moderate
55.46,89.8,62.69,6.71,37.87,26.75,Healthy
17.66,34.47,142.51,7.83,71.61,34.25,Moderate
101.45,90.37,82.99,8.16,39.06,31.14,Moderate
76.03,6.81,33.85,8.21,51.87,16.26,Poor
145.41,93.16,108.24,5.63,30.65,38.36,Poor
18.48,27.55,29.13,7.37,36.72,39.73,Moderate
122.41,98.54,48.35,6.4,56.19,41.32,Moderate
58.25,36.05,95.88,7.16,23.23,27.27,Healthy
62.83,45.01,25.37,7.09,23.13,15.69,Moderate
79.44,8.67,101.58,6.88,49.67,17.57,Moderate
27.34,68.21,9.67,4.96,63.46,19.51,Poor
79.4,14.36,39.09,8.02,62.72,20.09,Moderate
40.04,50.01,96.68,6.83,29.93,40.56,Moderate
126.92,66.9,136.65,5.68,30.98,23.34,Moderate
32.46,18.29,136.84,7.93,48.42,32.84,Moderate
43.39,7.17,69.03,7.18,57.59,31.32,Healthy
139.55,24.89,43.23,4.82,75.55,27.28,Poor
66.24,98.64,67.02,5.84,24.61,26.88,Moderate
105.99,91.84,32.73,7.27,10.46,36.62,Moderate
49.22,8.73,62.16,8.07,26.3,22.76,Moderate
33.49,98.25,67.74,8.29,16.43,27.11,Poor
76.4,29.31,77.11,5.9,27.26,24.86,Healthy
98.92,49.47,64.34,7.91,55.14,32.2,Healthy
41.12,76.26,10.35,5.35,38.9,39.01,Moderate
13.93,47.26,22.37,5.42,38.38,17.66,Moderate
126.13,12.88,89.87,5.15,17.46,27.49,Poor
58.36,9.3,14.41,5.7,64.8,37.99,Moderate
19.29,21.31,54.17,7.1,29.96,20.99,Moderate
92.36,69.74,75.69,7.17,10.29,23.85,Healthy
95.33,66.84,33.2,5.83,25.85,39.26,Moderate
51.45,88.79,133.13,6.6,70.96,17.07,Moderate
27.66,43.64,105.31,8.38,42.68,15.2,Poor
35.41,46.61,105.05,6.85,71.33,22.17,Moderate
85.6,18.7,98.56,7.55,45.94,27.1,Healthy
36.02,93.74,92.89,7.76,11.7,21.79,Moderate
77.54,55.94,63.72,5.85,41.53,24.88,Healthy
15.61,70.81,116.84,5.74,77.61,41.65,Poor
89.6,80.44,84.1,5.54,14.9,24.3,Moderate
35.95,92.62,145.83,6.63,49.42,40.12,Poor
114.64,20.39,143.03,6.79,11.45,20.3,Moderate
121.56,17.14,128.44,7.65,12.47,23.94,Moderate
80.96,12.22,89.04,8.42,52.01,28.33,Moderate
131.36,96.58,135.67,4.65,16.97,31.62,Poor
41.74,54.5,126.58,8.25,33.35,37.92,Moderate
80.56,67.57,23.19,4.75,64.63,31.16,Healthy
125.34,16.0,29.92,4.75,55.51,31.62,Moderate
69.58,17.85,8.46,5.54,10.2,40.62,Poor
33.83,30.22,120.79,8.48,53.44,21.84,Moderate
73.41,10.67,20.81,7.34,68.06,22.29,Moderate
113.38,65.84,78.9,5.66,78.97,21.7,Healthy
39.21,15.44,100.55,8.1,19.39,17.82,Moderate
136.62,67.75,145.51,7.34,64.02,27.47,Moderate
43.36,59.07,56.94,6.38,46.1,15.72,Healthy
95.2,39.06,122.76,4.73,48.93,24.72,Healthy
23.06,44.3,64.34,7.51,20.64,37.42,Moderate
16.71,53.99,99.11,4.56,14.84,22.38,Poor
63.4,37.92,145.84,5.17,72.35,40.5,Poor
34.58,77.07,149.74,5.49,45.19,35.49,Moderate
112.87,84.15,55.49,4.98,57.35,24.17,Healthy
100.45,49.97,71.5,8.03,54.83,31.86,Healthy
145.92,30.63,104.83,5.92,51.92,37.06,Moderate
139.19,45.57,125.65,5.84,56.27,38.7,Poor
105.96,72.04,126.46,5.51,62.28,32.22,Moderate
86.42,97.63,64.81,5.44,68.75,20.0,Moderate
114.34,93.18,124.13,7.03,74.62,28.2,Moderate
20.59,74.82,108.94,7.96,38.43,18.92,Moderate
24.37,37.81,119.98,6.59,21.93,21.53,Moderate
58.78,50.63,126.72,8.47,51.95,25.51,Moderate
35.67,53.55,93.9,5.81,32.67,37.37,Moderate
102.39,47.78,85.87,6.52,22.21,38.5,Healthy
22.74,25.24,86.45,6.34,51.67,39.83,Moderate
50.04,19.32,22.59,4.74,65.35,27.35,Moderate
45.81,69.04,117.72,8.25,37.96,33.61,Moderate
47.89,87.22,136.76,7.02,56.13,32.81,Moderate
92.82,46.68,112.35,8.41,62.21,23.36,Healthy
80.06,61.72,16.92,6.47,17.17,28.78,Moderate
22.18,39.33,143.4,4.53,29.2,25.04,Poor
92.6,96.72,97.76,8.08,21.38,22.79,Moderate
134.19,5.49,70.8,6.31,76.24,27.13,Moderate
136.89,60.61,48.5,5.09,44.31,15.48,Poor
56.93,54.69,85.95,6.28,77.48,19.0,Moderate
149.65,70.68,124.62,7.04,25.05,35.27,Moderate
128.75,76.43,131.72,4.75,77.34,40.36,Poor
135.58,65.55,127.77,6.92,44.45,40.14,Poor
39.06,85.9,68.88,5.67,45.43,32.21,Moderate
35.58,76.36,62.22,7.31,21.0,16.51,Moderate
32.62,22.15,115.42,6.47,63.48,35.17,Moderate
44.34,91.54,116.51,4.84,50.06,26.14,Moderate
74.33,39.88,76.96,5.92,42.4,29.71,Healthy
112.28,19.39,24.36,6.49,43.25,30.22,Healthy
95.87,31.04,98.92,6.48,44.71,31.04,Healthy
95.7,63.61,125.44,6.5,75.87,40.55,Poor
56.95,88.72,66.04,8.4,74.92,26.87,Moderate
58.92,70.17,58.3,7.14,39.49,28.55,Healthy
63.02,80.69,92.2,7.23,67.46,36.5,Moderate
81.33,29.15,57.69,6.71,26.71,36.08,Healthy
42.11,36.84,96.75,7.29,37.62,35.4,Healthy
136.28,20.62,137.81,6.65,41.42,36.49,Moderate
119.77,69.84,64.23,5.57,35.23,30.48,Healthy
88.96,92.77,71.22,7.17,56.2,34.76,Healthy
148.8,81.19,10.75,7.75,79.99,16.02,Poor
93.61,61.94,81.11,8.0,67.0,19.65,Moderate
24.42,20.83,133.57,4.89,55.23,33.45,Poor
40.54,26.83,126.18,6.18,44.96,25.72,Healthy
35.65,46.73,44.05,5.7,24.12,31.92,Moderate
50.16,20.74,122.22,6.8,70.12,36.1,Moderate
62.05,58.36,148.11,5.93,26.77,19.41,Moderate
141.59,28.71,139.51,6.87,51.31,25.81,Moderate
65.43,35.47,110.77,7.46,47.19,27.12,Healthy
98.99,51.68,124.5,4.76,73.18,29.16,Moderate
81.29,42.14,82.18,5.38,44.81,25.75,Healthy
51.16,25.16,129.73,7.9,43.96,21.25,Moderate
73.05,92.94,118.01,7.73,59.19,34.55,Moderate
30.95,37.95,125.63,5.21,15.26,37.85,Poor
119.31,20.02,81.58,4.67,20.4,21.95,Moderate
108.56,33.97,122.52,4.59,10.3,23.09,Moderate
112.33,95.4,50.74,6.73,12.89,15.03,Poor
12.21,14.25,131.78,7.07,72.88,37.54,Poor
117.11,38.6,24.43,4.91,11.75,19.8,Moderate
12.68,70.34,61.38,6.61,43.52,22.65,Healthy
26.03,56.52,130.24,7.5,75.2,24.61,Poor
128.4,73.64,141.74,5.65,66.25,28.72,Moderate
71.14,49.25,67.72,8.01,76.11,32.9,Moderate
36.99,44.95,56.56,7.18,14.92,32.66,Moderate
75.35,29.8,14.21,4.71,72.45,30.57,Moderate
87.22,6.66,116.79,5.34,36.84,32.46,Moderate
28.83,80.69,126.12,6.58,35.58,21.8,Moderate
111.35,37.35,122.38,7.43,34.71,21.18,Healthy
60.08,37.52,143.72,7.01,56.03,22.66,Healthy
61.0,49.29,146.62,7.17,20.78,41.76,Moderate
47.7,64.06,131.9,6.96,74.81,37.9,Moderate
14.9,70.25,109.52,5.99,73.67,36.62,Moderate
61.39,26.19,35.82,5.38,51.25,32.35,Healthy
30.84,57.11,41.29,8.14,69.94,18.12,Moderate
45.32,94.73,48.35,7.76,13.53,25.47,Moderate
96.07,42.96,119.64,8.42,45.95,27.52,Healthy
108.63,76.6,13.67,6.25,44.98,23.3,Healthy
116.27,89.26,127.57,7.04,65.59,21.28,Moderate
13.6,53.78,64.45,8.03,65.24,25.31,Moderate
12.44,31.11,57.26,7.2,73.23,20.97,Healthy
120.03,74.21,56.21,4.56,12.29,31.72,Moderate
128.6,65.04,117.18,6.51,28.4,16.07,Moderate
124.43,50.05,132.09,5.98,29.32,33.01,Moderate
94.61,71.9,18.21,4.83,49.96,29.8,Moderate
23.01,45.87,96.87,6.67,23.06,40.05,Moderate
14.81,30.89,14.79,5.63,57.97,15.64,Poor
15.43,24.56,9.01,6.06,26.11,23.7,Moderate
127.21,46.06,7.18,6.69,17.66,16.6,Poor
55.82,30.85,21.2,5.69,43.88,21.78,Moderate
14.52,89.8,99.45,7.33,38.57,30.48,Moderate
108.42,38.89,125.54,7.59,30.1,23.99,Moderate
35.75,52.75,122.64,6.76,34.83,26.08,Moderate
106.96,53.86,85.14,6.94,61.7,31.89,Healthy
105.81,68.28,139.34,7.45,48.26,39.24,Moderate
136.06,38.39,121.77,8.43,24.48,25.72,Moderate
68.16,63.0,144.59,5.72,62.76,36.02,Moderate
107.46,60.89,87.9,5.63,19.61,24.02,Healthy
42.14,67.0,128.7,5.13,56.16,18.29,Moderate
63.21,21.45,48.43,7.93,39.38,17.93,Moderate
37.85,85.15,64.47,8.24,49.29,28.69,Moderate
73.86,78.48,126.18,5.01,38.59,22.63,Moderate
135.91,74.8,47.39,6.13,39.34,40.16,Moderate
76.32,6.75,110.86,4.89,54.15,28.86,Moderate
116.78,57.26,30.41,8.08,73.23,26.36,Healthy
95.32,57.48,82.46,4.86,44.58,21.08,Healthy
121.7,85.64,7.71,7.45,18.04,15.27,Poor
11.92,49.27,123.05,5.75,74.72,26.37,Moderate
36.41,48.61,95.91,6.52,40.85,20.09,Healthy
107.91,38.29,145.73,6.1,25.51,38.21,Moderate
39.22,20.97,109.18,5.69,39.21,27.18,Moderate
119.7,59.56,112.5,8.45,59.77,22.53,Healthy
117.37,85.74,67.47,7.14,44.33,18.44,Healthy
112.03,47.15,55.23,6.37,50.74,35.44,Healthy
137.22,70.0,149.17,5.13,20.8,36.34,Poor
98.69,86.9,103.45,4.55,57.09,20.71,Moderate
72.57,70.69,100.16,6.03,59.91,40.49,Moderate
42.31,16.35,24.58,6.33,30.88,27.62,Moderate
21.81,28.46,55.34,8.24,30.79,16.3,Poor
53.54,94.0,66.95,7.77,28.71,18.67,Moderate
79.53,71.67,127.55,5.46,79.07,28.21,Moderate
80.32,86.56,64.06,7.53,49.74,18.66,Moderate
14.61,93.75,130.64,8.43,57.19,32.43,Poor
39.19,66.02,75.82,6.01,57.77,17.29,Healthy
80.54,77.02,125.35,6.46,34.68,30.45,Moderate
27.95,13.69,123.77,5.01,39.21,26.12,Poor
147.63,71.99,116.15,7.18,29.08,24.75,Moderate
35.65,56.5,16.3,8.12,23.75,20.76,Moderate
77.84,35.38,29.15,8.44,29.58,34.97,Moderate
111.65,28.23,45.26,6.64,70.27,34.97,Healthy
52.43,9.1,93.07,6.4,34.07,32.45,Moderate
143.24,90.83,101.52,8.34,37.69,17.73,Poor
73.32,67.74,121.21,8.25,46.2,25.07,Healthy
49.43,62.65,105.45,7.03,23.66,27.05,Moderate
20.4,54.44,36.06,8.06,66.58,34.75,Moderate
25.74,47.45,31.13,4.68,38.17,23.47,Moderate
138.55,92.98,140.55,4.56,46.32,15.49,Poor
94.63,53.3,67.41,4.71,17.34,23.45,Moderate
43.88,21.99,128.44,4.61,25.25,39.76,Poor
132.04,38.75,121.64,5.11,54.83,38.85,Moderate
76.08,20.85,88.93,7.49,70.59,25.24,Healthy
49.77,70.13,41.23,5.47,22.77,24.92,Moderate
71.5,73.86,20.62,6.2,56.05,29.71,Healthy
120.31,89.77,35.85,8.13,71.98,24.82,Moderate
123.86,53.95,122.57,7.49,77.37,20.97,Moderate
113.05,6.32,138.65,5.3,36.14,37.76,Moderate
76.87,68.06,57.41,6.72,69.18,39.1,Healthy
73.88,73.41,72.75,8.26,60.93,26.64,Healthy
79.74,22.4,141.45,5.52,22.69,27.21,Moderate
111.66,69.86,41.91,5.56,26.49,31.29,Healthy
143.99,89.49,78.15,6.01,37.7,36.77,Moderate
101.08,8.92,15.97,6.43,47.26,40.94,Poor
29.75,81.73,134.85,6.01,21.33,21.65,Moderate
102.79,11.63,133.41,7.53,65.61,34.99,Moderate
28.02,74.43,91.88,4.7,29.92,26.42,Moderate
86.01,22.15,81.45,8.33,34.82,19.09,Moderate
75.62,47.81,137.99,6.35,27.03,21.06,Healthy
14.84,75.43,43.83,7.65,48.52,34.21,Moderate
38.45,19.72,65.63,5.93,45.43,35.2,Moderate
137.24,61.46,37.75,5.68,73.4,20.66,Moderate
23.29,92.51,8.87,7.5,20.19,32.99,Poor
36.1,90.23,12.23,5.72,64.81,30.32,Moderate
69.06,46.38,77.84,8.48,57.16,28.15,Healthy
55.06,52.86,138.78,5.38,34.18,16.75,Moderate
98.09,77.87,96.64,7.75,63.95,41.26,Moderate
73.34,12.99,82.63,7.58,38.49,27.13,Healthy
113.23,6.6,100.31,7.33,77.95,34.71,Moderate
28.32,52.34,63.86,6.1,64.96,30.69,Healthy
112.32,75.85,104.81,7.53,25.3,17.67,Moderate
32.58,81.83,143.63,8.25,10.9,41.87,Poor
134.11,23.89,85.82,8.44,42.97,40.74,Moderate
86.13,37.71,28.28,4.92,59.47,23.84,Healthy
67.08,94.03,33.98,5.99,73.67,40.4,Moderate
122.39,41.4,23.19,7.66,68.73,34.3,Moderate
57.23,66.98,106.83,8.05,19.74,22.12,Moderate
66.52,82.11,134.59,5.61,45.29,31.41,Moderate
33.17,80.28,73.28,8.08,48.38,37.49,Moderate
16.87,46.69,65.78,5.28,49.31,35.26,Moderate
79.06,84.04,47.48,5.69,21.68,36.17,Moderate
30.72,19.23,6.02,6.05,40.58,27.18,Moderate
117.26,44.4,5.62,6.94,21.99,15.68,Moderate
118.83,28.35,114.52,7.07,71.83,24.67,Healthy
101.01,58.98,118.5,5.82,51.96,29.6,Healthy
16.1,8.23,135.94,7.06,52.92,35.06,Poor
12.19,27.05,99.27,7.37,54.07,26.1,Healthy
92.44,71.49,63.93,6.76,15.53,19.58,Moderate
118.16,41.1,117.82,7.2,35.38,35.81,Healthy
27.69,20.26,64.33,7.12,30.84,23.73,Moderate
130.64,90.49,137.32,4.59,65.89,35.57,Poor
46.14,26.53,10.05,7.79,52.53,15.43,Moderate
41.54,83.92,92.31,7.92,20.27,40.72,Moderate
39.04,33.83,139.28,5.75,51.66,24.29,Moderate
113.56,34.58,68.99,4.84,74.47,39.46,Moderate
122.59,87.94,92.4,4.84,14.94,36.22,Poor
82.39,31.32,10.43,8.44,16.77,24.84,Poor
105.23,64.19,23.32,6.98,33.55,19.61,Moderate
96.39,90.54,113.97,5.15,22.19,27.67,Moderate
12.96,6.97,41.53,4.93,48.27,16.17,Poor
44.09,10.53,81.92,5.91,15.81,24.57,Moderate
10.09,83.42,57.74,7.16,59.61,29.98,Healthy
92.44,45.72,64.08,5.72,14.99,24.44,Healthy
74.75,17.7,136.67,4.53,25.66,33.35,Moderate
125.29,50.01,90.35,5.59,76.8,32.39,Moderate
28.41,74.96,23.53,6.11,44.39,34.51,Moderate
149.49,40.29,102.98,7.19,22.89,32.36,Moderate
133.12,57.79,74.57,7.09,66.48,21.08,Healthy
32.83,66.87,10.01,7.8,31.15,18.0,Moderate
117.05,26.17,63.21,6.16,67.42,22.14,Healthy
98.65,99.87,91.91,5.06,29.83,29.45,Moderate
55.12,54.07,83.77,7.44,53.61,33.84,Healthy
40.56,45.21,124.64,7.51,22.74,16.73,Moderate
101.44,47.19,64.52,4.6,36.72,19.82,Healthy
14.81,42.9,124.6,8.07,26.67,22.42,Moderate
23.8,91.38,14.46,8.25,54.9,36.24,Poor
40.8,62.71,20.78,7.13,52.03,37.25,Moderate
100.29,97.3,76.1,6.71,15.31,17.92,Moderate
34.29,16.25,24.91,5.54,29.49,33.78,Moderate
78.1,93.07,54.73,4.75,69.09,37.75,Moderate
60.86,11.69,132.73,8.23,79.8,25.56,Poor
27.8,40.89,89.91,4.67,29.2,40.43,Poor
16.19,19.34,89.25,8.33,75.82,21.95,Poor
95.93,96.68,96.3,5.39,58.55,28.8,Healthy
79.13,51.4,21.32,7.66,34.29,19.99,Moderate
71.72,66.09,85.25,7.78,69.03,31.76,Healthy
87.24,58.84,62.0,6.38,46.87,36.62,Healthy
114.42,23.58,146.78,8.36,29.55,41.97,Poor
83.52,26.54,109.47,4.69,58.13,37.55,Moderate
59.08,36.79,44.5,6.13,50.14,35.58,Healthy
134.13,57.11,73.87,6.0,51.67,18.91,Moderate
75.37,53.33,96.25,4.77,40.08,35.57,Healthy
119.77,56.6,131.42,7.52,65.81,36.41,Moderate
112.0,86.34,19.05,6.52,67.78,17.95,Moderate
31.73,43.15,86.79,7.4,49.26,20.85,Healthy
128.71,30.17,129.41,6.48,12.83,27.95,Moderate
101.57,88.6,89.41,8.47,36.65,21.63,Moderate
72.07,67.55,18.77,4.86,53.7,25.36,Moderate
119.65,30.05,67.85,6.56,75.96,15.2,Moderate
40.38,13.74,148.74,5.03,67.62,29.04,Poor
119.54,33.66,73.94,8.41,16.66,31.76,Moderate
144.17,17.03,126.81,5.6,24.05,19.5,Moderate
112.99,8.4,65.97,7.29,19.77,21.05,Moderate
31.35,7.48,71.19,6.49,76.2,34.66,Poor
145.82,76.91,146.92,5.49,21.73,25.57,Moderate
78.85,83.34,83.51,8.31,30.2,30.63,Moderate
101.23,19.81,118.9,7.06,23.43,26.16,Moderate
99.71,74.67,65.52,7.39,28.25,23.24,Healthy
11.65,51.32,32.31,6.91,77.6,41.99,Poor
62.42,74.69,144.3,6.59,33.38,19.21,Moderate
34.65,86.14,42.55,5.58,62.27,37.59,Moderate
39.18,70.42,69.76,5.61,46.42,35.99,Moderate
23.93,11.76,137.2,8.35,47.0,18.88,Poor
21.0,19.82,45.98,7.24,17.72,18.7,Moderate
109.82,29.45,36.33,6.83,15.52,31.99,Healthy
12.69,27.14,70.32,7.02,24.27,38.74,Moderate
138.66,50.67,44.5,4.94,75.71,18.61,Poor
51.82,36.25,43.91,4.51,24.5,35.21,Moderate
38.76,77.59,65.3,4.82,67.89,32.15,Moderate
95.7,19.27,95.39,7.69,79.75,33.11,Moderate
70.5,82.79,12.31,6.18,61.25,24.7,Healthy
18.25,15.54,29.24,7.83,60.46,35.62,Moderate
137.31,33.75,112.75,5.96,65.0,33.79,Moderate
148.57,76.92,5.86,7.3,17.11,29.74,Poor
32.03,52.0,119.93,5.66,20.69,23.49,Moderate
34.31,22.44,106.1,7.32,47.04,21.81,Moderate
84.15,95.11,60.64,6.19,44.6,19.82,Healthy
44.26,70.64,28.43,6.92,37.01,23.27,Moderate
86.97,26.44,49.9,6.6,56.01,37.58,Healthy
125.45,52.29,15.76,5.25,10.03,20.01,Moderate
14.3,72.9,84.19,4.64,53.24,36.98,Moderate
13.99,17.07,73.32,4.67,11.49,30.73,Poor
88.76,81.63,16.3,8.09,11.3,23.14,Poor
16.81,28.2,123.2,5.0,24.13,31.51,Moderate
13.03,62.23,134.68,4.78,10.41,25.96,Poor
128.87,93.84,121.17,7.1,39.86,36.3,Moderate
115.94,22.44,108.79,7.67,73.06,34.7,Moderate
112.53,90.65,33.17,6.7,72.54,32.05,Moderate
140.39,9.79,36.02,5.39,15.5,31.81,Poor
66.2,28.03,110.52,7.2,12.75,26.87,Healthy
110.83,14.82,120.27,6.96,60.27,21.76,Healthy
114.68,21.5,129.75,5.32,28.78,33.11,Moderate
56.7,34.36,14.07,7.78,42.16,25.61,Moderate
44.38,57.75,86.14,4.51,15.99,31.55,Moderate
49.76,98.46,41.04,5.11,13.12,33.54,Poor
50.69,31.03,21.01,4.71,26.13,25.71,Moderate
102.69,14.61,58.09,8.47,57.68,41.98,Poor
21.12,43.46,38.38,8.27,73.37,30.36,Moderate
53.0,56.76,131.31,6.8,63.57,33.57,Moderate
23.65,77.0,35.25,7.98,31.68,30.23,Moderate
50.0,5.81,118.12,7.36,74.66,30.46,Moderate
36.34,21.23,61.45,5.82,38.56,21.07,Moderate
148.41,13.14,112.18,6.77,48.89,31.56,Moderate
136.57,69.14,44.28,5.58,67.97,27.91,Moderate
108.68,40.71,112.04,6.2,44.52,40.07,Healthy
79.28,26.36,82.06,4.53,29.53,31.31,Healthy
19.93,48.26,91.83,5.41,25.25,33.06,Moderate
146.39,34.2,35.12,8.44,68.43,40.27,Poor
16.45,93.69,126.56,5.7,53.7,19.65,Poor
68.48,62.23,21.0,8.37,75.04,38.42,Poor
28.0,68.57,134.11,5.05,55.31,20.51,Poor
106.58,66.51,131.38,6.44,63.12,20.18,Healthy
99.97,88.3,109.83,8.01,54.09,29.89,Moderate
138.11,35.72,113.51,7.27,67.0,28.44,Moderate
79.1,8.25,140.05,6.05,48.64,20.35,Moderate
96.27,37.88,89.83,7.44,52.7,15.83,Healthy
122.85,58.28,39.57,5.79,66.77,40.28,Moderate
123.88,89.19,76.03,6.17,67.32,25.65,Moderate
108.82,63.24,27.17,5.73,24.87,18.39,Moderate
68.83,23.85,15.36,5.33,53.32,36.83,Moderate
74.81,62.89,99.32,7.11,79.08,31.44,Healthy
86.47,87.34,95.04,6.33,61.97,21.05,Healthy
104.16,77.89,97.59,5.25,46.05,36.87,Moderate
66.38,93.14,11.98,7.16,26.3,32.52,Moderate
142.91,59.62,68.35,7.93,42.45,30.23,Healthy
52.99,57.19,108.79,6.54,24.76,15.53,Moderate
40.52,85.77,144.09,6.75,68.04,16.27,Poor
129.5,32.28,30.44,5.61,44.86,30.86,Healthy
10.97,37.59,107.15,7.5,26.41,21.65,Moderate
105.15,62.91,77.09,6.69,44.96,25.99,Healthy
120.3,89.42,97.78,5.58,78.21,17.38,Moderate
143.29,57.82,107.97,6.19,35.0,21.03,Moderate
25.71,34.71,41.9,6.63,70.01,17.26,Moderate
114.58,30.42,97.96,7.01,61.63,15.41,Healthy
10.19,21.03,147.16,5.87,53.77,23.32,Moderate
78.3,46.6,32.27,5.93,23.34,22.55,Healthy
68.42,80.58,33.48,5.28,27.32,36.31,Moderate
44.62,82.85,51.79,5.71,36.48,27.1,Moderate
68.77,42.47,149.68,7.27,71.71,39.13,Moderate
69.77,78.64,73.26,6.88,61.42,30.71,Healthy
81.01,6.12,145.62,4.65,18.42,16.15,Poor
97.67,33.75,134.6,6.87,64.71,18.92,Healthy
67.49,64.32,32.23,6.03,62.81,33.42,Healthy
136.27,58.03,34.99,8.01,77.34,28.11,Poor
21.83,29.03,114.06,4.5,30.63,24.96,Moderate
120.38,46.52,81.2,7.19,64.94,24.13,Healthy
34.06,22.29,28.22,4.96,40.86,19.94,Moderate
119.55,5.01,143.26,4.55,32.77,35.36,Poor
132.09,13.29,121.16,7.51,42.19,31.93,Moderate
61.4,34.62,9.79,4.53,46.83,15.31,Poor
27.2,14.17,96.8,7.18,62.8,41.28,Poor
147.18,24.72,56.0,6.75,13.09,20.2,Moderate
129.5,43.77,75.27,7.45,66.61,38.35,Moderate
135.28,32.98,99.11,4.94,77.82,22.23,Poor
64.65,93.41,96.37,5.65,16.04,28.2,Moderate
92.7,68.5,28.88,7.32,35.38,40.49,Healthy
101.48,92.22,9.37,8.11,71.45,28.79,Poor
146.7,76.18,149.28,7.53,74.06,20.32,Moderate
37.58,53.24,110.74,5.56,39.19,19.66,Moderate
139.57,75.72,10.56,4.59,79.57,25.69,Poor
94.32,95.05,143.59,4.88,54.48,41.81,Poor
35.15,67.97,117.23,4.8,37.09,20.54,Moderate
17.95,14.43,54.56,6.82,76.75,40.26,Poor
132.14,78.29,10.9,6.12,64.55,41.12,Moderate
74.71,71.62,149.32,6.99,64.51,41.09,Moderate
109.41,17.53,146.97,7.72,28.52,41.66,Moderate
21.15,94.29,126.96,5.6,70.23,16.63,Poor
143.31,62.46,80.56,8.46,11.85,28.84,Poor
112.93,15.67,7.17,6.96,33.66,28.01,Moderate
97.12,41.69,36.11,5.45,23.12,34.33,Moderate
28.8,97.36,5.69,5.71,66.19,17.43,Poor
92.32,32.61,144.99,5.38,14.97,31.57,Moderate
62.65,90.87,137.67,7.68,19.01,32.77,Poor
22.91,7.4,33.59,6.48,41.58,35.95,Moderate
83.28,30.1,25.26,6.78,57.24,20.75,Healthy
98.46,86.72,40.12,7.78,76.53,40.29,Poor
29.77,9.65,110.35,6.03,22.44,27.07,Moderate
85.98,20.37,10.49,7.63,41.93,21.6,Moderate
143.73,77.11,63.38,5.59,61.04,34.56,Moderate
133.76,6.25,96.29,5.63,78.22,15.67,Poor
78.24,72.53,113.93,7.03,43.05,39.55,Moderate
90.75,54.51,129.28,6.27,52.55,23.88,Healthy
